year	month	date	title	url	wayback_index_snapshot	fetched	archived_byline	file
2015	09		A world of continous partial employment	http://radar.oreilly.com/2015/09/a-world-of-continous-partial-employment.html	20150905065239	duplicate	tim	
2015	08		The rise of networked platforms for physical world services	http://radar.oreilly.com/2015/08/the-rise-of-networked-platforms-for-physical-world-services.html	20150905065239	duplicate	tim	
2015	07		The WTF economy is transforming how we do business	http://radar.oreilly.com/2015/07/the-wtf-economy-is-transforming-how-we-do-business.html	20150905065239	yes	tim	by/2015--radar-legacy-the-wtf-economy-is-transforming-how-we-do-business.md
2015	05		Rethinking and redesigning at beta.oreilly.com	http://radar.oreilly.com/2015/05/oreilly-redesign-beta.html	20150516050655	yes	tim	by/2015--radar-legacy-rethinking-and-redesigning-at-beta-oreilly-com.md
2015	03		#SocialCivics and the architecture of participation	http://radar.oreilly.com/2015/03/socialcivics-and-the-architecture-of-participation.html	20150516050655	yes	tim	by/2015--radar-legacy-socialcivics-and-the-architecture-of-participation.md
2014	10		Open data for open lands	http://radar.oreilly.com/2014/10/open-data-for-open-lands.html	20150516050655	yes	tim	by/2014--radar-legacy-open-data-for-open-lands.md
2014	09		What Amazon, iTunes, and Uber teach us about Apple Pay	http://radar.oreilly.com/2014/09/what-amazon-itunes-and-uber-teach-us-about-apple-pay.html	20150516050655	duplicate	tim	
2014	08		O’Reilly purchases Pearson’s stake in Safari	http://radar.oreilly.com/2014/08/safari-acquisition.html	20150516050655	yes	tim	by/2014--radar-legacy-oreilly-purchases-pearsons-stake-in-safari.md
2014	04		Leading by example: two stories	http://radar.oreilly.com/2014/04/leading-by-example-two-stories.html	20150516050655	yes	tim	by/2014--radar-legacy-leading-by-example-two-stories.md
2014	04		#IoTH: The Internet of Things and Humans	http://radar.oreilly.com/2014/04/ioth-the-internet-of-things-and-humans.html	20150516050655	duplicate	tim	
2014	03		The creep factor: How to think about big data and privacy	http://radar.oreilly.com/2014/03/the-creep-factor-how-to-think-about-big-data-and-privacy.html	20150516050655	yes	tim	by/2014--radar-legacy-the-creep-factor-how-to-think-about-big-data-and-privacy.md
2014	03		Lean Urbanism	http://radar.oreilly.com/2014/03/lean-urbanism.html	20150516050655	yes	tim	by/2014--radar-legacy-lean-urbanism.md
2014	03		Code Red_: “They have no use for someone who looks and dresses like me”	http://radar.oreilly.com/2014/03/code-red_-they-have-no-use-for-someone-who-looks-and-dresses-like-me.html	20150516050655	yes	tim	by/2014--radar-legacy-code-red-they-have-no-use-for-someone-who-looks-and-dresses-like-me.md
2012	07		The web as legacy technology	http://radar.oreilly.com/2012/07/the-web-as-legacy-technology.html	20120902022216	yes	tim	by/2012--radar-legacy-the-web-as-legacy-technology.md
2012	07		Some sideways thinking about cyberwarfare	http://radar.oreilly.com/2012/07/some-sideways-thinking-about-cyberwarfare.html	20120902022216	yes	tim	by/2012--radar-legacy-some-sideways-thinking-about-cyberwarfare.md
2012	04		"True in spirit: Why I liked ""Captain America,"" but didn't like ""John Carter"""	http://radar.oreilly.com/2012/04/brand-essence-captain-america-john-carter.html	20120902022216	yes	tim	by/2012--radar-legacy-true-in-spirit-why-i-liked-captain-america-but-didn-t-like-john-carter.md
2012	03		OK, I admit It. I have a mancrush on the new Federal CTO, Todd Park	http://radar.oreilly.com/2012/03/mancrush-federal-cto-todd-park.html	20120411071535	yes	tim	by/2012--radar-legacy-ok-i-admit-it-i-have-a-mancrush-on-the-new-federal-cto-todd-park.md
2012	03		Measuring the economic impact of the Sharing Economy	http://radar.oreilly.com/2012/03/the-sharing-economy.html	20120411071535	yes	tim	by/2012--radar-legacy-measuring-the-economic-impact-of-the-sharing-economy.md
2012	03		Help drive the data revolution in health care	http://radar.oreilly.com/2012/03/hhs-health-datapalooza.html	20120411071535	yes	tim	by/2012--radar-legacy-help-drive-the-data-revolution-in-health-care.md
2012	02		"The stories behind a few O'Reilly ""classics"""	http://radar.oreilly.com/2012/02/oreilly-book-stories-history.html	20120411071535	yes	tim	by/2012--radar-legacy-the-stories-behind-a-few-o-reilly-classics.md
2012	01		Why O'Reilly went dark	http://radar.oreilly.com/2012/01/why-oreilly-went-dark.html	20120411071535	yes	tim	by/2012--radar-legacy-why-o-reilly-went-dark.md
2012	01		SOPA and PIPA are bad industrial policy	http://radar.oreilly.com/2012/01/sopa-pipa-piracy.html	20120411071535	yes	tim	by/2012--radar-legacy-sopa-and-pipa-are-bad-industrial-policy.md
2011	11		Thoughts on ebooks triggered by the appointment of Andrew Savikas as CEO of Safari Books Online	http://radar.oreilly.com/2011/11/thoughts-on-ebooks-safari-andrew-savikas.html	20120902022216	yes	tim	by/2011--radar-legacy-thoughts-on-ebooks-triggered-by-the-appointment-of-andrew-savikas-as-c.md
2011	06		Facebook's face recognition strategy may be just the ticket	http://radar.oreilly.com/2011/06/facebook-face-recognition.html	20110712181715	yes	tim	by/2011--radar-legacy-facebook-s-face-recognition-strategy-may-be-just-the-ticket.md
2011	06		Disastrous implications of new Apple patent for blocking cellphone video	http://radar.oreilly.com/2011/06/view-the-story-disastrous-impl.html	20110712181715	yes	tim	by/2011--radar-legacy-disastrous-implications-of-new-apple-patent-for-blocking-cellphone-vid.md
2011	02		The Responsibility of Running a Business	http://radar.oreilly.com/2011/02/the-responsibility-of-running.html	20110401200726	yes	tim	by/2011--radar-legacy-the-responsibility-of-running-a-business.md
2010	11		"Open government and ""next generation democracy"""	http://radar.oreilly.com/2010/11/open-government-and-next-gener.html	20110401200726	yes	tim	by/2010--radar-legacy-open-government-and-next-generation-democracy.md
2010	11		Free to Choose ebook deal reveals the programmer zeitgeist	http://radar.oreilly.com/2010/11/free-to-choose-ebook-deal-reve.html	20110401200726	yes	tim	by/2010--radar-legacy-free-to-choose-ebook-deal-reveals-the-programmer-zeitgeist.md
2010	08		Points of Control: The Web 2.0 Summit Map	http://radar.oreilly.com/2010/08/points-of-control-the-web-20-s.html	20110401200726	yes	tim	by/2010--radar-legacy-points-of-control-the-web-2-0-summit-map.md
2010	08		Opening the doors of government to innovation	http://radar.oreilly.com/2010/08/opening-doors-government-innovation.html	20110401200726	yes	tim	by/2010--radar-legacy-opening-the-doors-of-government-to-innovation.md
2010	07		The Louvre of the Industrial Age	http://radar.oreilly.com/2010/07/louvre-industrial-age-henry-ford.html	20110401200726	yes	tim	by/2010--radar-legacy-the-louvre-of-the-industrial-age.md
2010	03		The State of the Internet Operating System	http://radar.oreilly.com/2010/03/state-of-internet-operating-system.html	20100412102547	yes	tim	by/2010--radar-legacy-the-state-of-the-internet-operating-system.md
2010	03		NHIN Direct: Open Healthcare Records and Government as a Platform	http://radar.oreilly.com/2010/03/nhin-direct-open-healthcare-an.html	20100412102547	yes	tim	by/2010--radar-legacy-nhin-direct-open-healthcare-records-and-government-as-a-platform.md
2010	03		How do we measure innovation?	http://radar.oreilly.com/2010/03/how-do-we-measure-innovation.html	20100412102547	yes	tim	by/2010--radar-legacy-how-do-we-measure-innovation.md
2010	03		At the Forefront of the Next Industrial Revolution	http://radar.oreilly.com/2010/03/at-the-forefront-of-the-next-i.html	20100412102547	yes	tim	by/2010--radar-legacy-at-the-forefront-of-the-next-industrial-revolution.md
2010	02		The Convergence of Advertising and E-commerce	http://radar.oreilly.com/2010/02/convergence-advertising-mobile-ecommerce.html	20100412102547	yes	tim	by/2010--radar-legacy-the-convergence-of-advertising-and-e-commerce.md
2010	02		Ignite, Syndicated Events, and Social Media Marketing	http://radar.oreilly.com/2010/02/ignite-social-media-marketing.html	20100412102547	yes	tim	by/2010--radar-legacy-ignite-syndicated-events-and-social-media-marketing.md
2010	02		Google Buzz re-invents Gmail	http://radar.oreilly.com/2010/02/google-buzz-re-invents-gmail.html	20100412102547	yes	tim	by/2010--radar-legacy-google-buzz-re-invents-gmail.md
2010	02		A Dream About Augmented Reality Fiction	http://radar.oreilly.com/2010/02/a-dream-about-augmented-reality.html	20100412102547	yes	tim	by/2010--radar-legacy-a-dream-about-augmented-reality-fiction.md
2010	01		A Few Thoughts on the Nexus One	http://radar.oreilly.com/2010/01/the-nexus-one-vs-iphone.html	20100412102547	yes	tim	by/2010--radar-legacy-a-few-thoughts-on-the-nexus-one.md
2009	12		Commerce and the Wealth of Nations	http://radar.oreilly.com/2009/12/commerce-and-the-wealth-of-nations.html	20100412102547	yes	tim	by/2009--radar-legacy-commerce-and-the-wealth-of-nations.md
2009	08		What Does Government 2.0 Mean To You?	http://radar.oreilly.com/2009/08/what-does-government-20-mean-to-you.html	20090923132234	yes	tim	by/2009--radar-legacy-what-does-government-2-0-mean-to-you.md
2009	07		Seeing Our Culture with Fresh Eyes	http://radar.oreilly.com/2009/07/seeing-our-culture-with-fresh.html	20090923132234	yes	tim	by/2009--radar-legacy-seeing-our-culture-with-fresh-eyes.md
2009	06		Velocity: The Art of Web Operations	http://radar.oreilly.com/2009/06/velocity-the-art-of-web-operat.html	20090923132234	yes	tim	by/2009--radar-legacy-velocity-the-art-of-web-operations.md
2009	06		The Benefits of a Classical Education	http://radar.oreilly.com/2009/06/benefits-classical-education.html	20090923132234	yes	tim	by/2009--radar-legacy-the-benefits-of-a-classical-education.md
2009	06		Radical Transparency: The New Federal IT Dashboard	http://radar.oreilly.com/2009/06/radical-transparency-federal-it-dashboard.html	20090923132234	yes	tim	by/2009--radar-legacy-radical-transparency-the-new-federal-it-dashboard.md
2009	06		Personal Democracy Forum: Politics in the Web 2.0 Era	http://radar.oreilly.com/2009/06/personal-democracy-forum-politics-in-the-web-20-era.html	20090923132234	yes	tim	by/2009--radar-legacy-personal-democracy-forum-politics-in-the-web-2-0-era.md
2009	06		My 140conf Talk: Twitter as Publishing	http://radar.oreilly.com/2009/06/timoreilly-140conf-twitter-as-publishing.html	20090923132234	yes	tim	by/2009--radar-legacy-my-140conf-talk-twitter-as-publishing.md
2009	06		Jeff Bezos at Wired Disruptive by Design conference	http://radar.oreilly.com/2009/06/jeff-bezos-at-wired-disruptive.html	20090923132234	yes	tim	by/2009--radar-legacy-jeff-bezos-at-wired-disruptive-by-design-conference.md
2009	06		Health Care Costs: Am I missing something? Or is there a lot of flimflam going on?	http://radar.oreilly.com/2009/06/health-care-costs-am-i-missing.html	20090923132234	yes	tim	by/2009--radar-legacy-health-care-costs-am-i-missing-something-or-is-there-a-lot-of-flimflam.md
2009	06		A Manifesto on Health Data Rights	http://radar.oreilly.com/2009/06/manifesto-health-data-rights.html	20090923132234	yes	tim	by/2009--radar-legacy-a-manifesto-on-health-data-rights.md
2008	06		WordSpy as Collective Intelligence	http://radar.oreilly.com/archives/2008/06/wordspy-as-collective-intellig.html	20080701052200	yes	tim	by/2008--radar-legacy-wordspy-as-collective-intelligence.md
2008	06		Why Arrington is Wrong about Yahoo!-Google Deal	http://radar.oreilly.com/archives/2008/06/why-arrington-is-wrong-about-y.html	20080701052200	yes	tim	by/2008--radar-legacy-why-arrington-is-wrong-about-yahoo-google-deal.md
2008	06		Unexpected Pleasures in Gates/Ballmer interview at D Conference	http://radar.oreilly.com/archives/2008/06/favorite-moments-in-gates-ballmer-at-d.html	20080701052200	yes	tim	by/2008--radar-legacy-unexpected-pleasures-in-gates-ballmer-interview-at-d-conference.md
2008	06		Ubicomp and Web 2.0:  Connecting the Dots	http://radar.oreilly.com/archives/2008/06/ubicomp-and-web-20-connecting.html	20080604002518	yes	tim	by/2008--radar-legacy-ubicomp-and-web-2-0-connecting-the-dots.md
2008	06		"The Kindle:  ""Looks Like a Million to Me"""	http://radar.oreilly.com/archives/2008/06/the-kindle-looks-like-a-millio.html	20080701052200	yes	tim	by/2008--radar-legacy-the-kindle-looks-like-a-million-to-me.md
2008	06		America's Capacity for Change	http://radar.oreilly.com/archives/2008/06/americas-capability-for-change.html	20080701052200	yes	tim	by/2008--radar-legacy-america-s-capacity-for-change.md
2008	05		Why search competition isn't the point	http://radar.oreilly.com/archives/2008/05/why-search-competition-isnt-the-point.html	20080604002518	yes	tim	by/2008--radar-legacy-why-search-competition-isn-t-the-point.md
2008	05		What's Keeping Adobe Up at Night?  Probably Not Silverlight.	http://radar.oreilly.com/archives/2008/05/silverlight-not-keeping-adobe-up-at-night.html	20080604002518	yes	tim	by/2008--radar-legacy-what-s-keeping-adobe-up-at-night-probably-not-silverlight.md
2008	05		Twittering D Conference, and Kindle Sales Stats, finally	http://radar.oreilly.com/archives/2008/05/twittering-d-conference-and-kindle-sales-stats-finally.html	20080604002518	yes	tim	by/2008--radar-legacy-twittering-d-conference-and-kindle-sales-stats-finally.md
2008	05		The battle for the cloud	http://radar.oreilly.com/archives/2008/05/velocity-cloud-computing.html	20080604002518	yes	tim	by/2008--radar-legacy-the-battle-for-the-cloud.md
2008	05		O'Reilly AlphaTech Ventures Startup Camp	http://radar.oreilly.com/archives/2008/05/oreilly-alphatech-ventures-startup-camp.html	20080604002518	yes	tim	by/2008--radar-legacy-o-reilly-alphatech-ventures-startup-camp.md
2008	05		MicroHoo:  corporate penis envy?	http://radar.oreilly.com/archives/2008/05/microhoo-corporate-penis-envy.html	20080604002518	yes	tim	by/2008--radar-legacy-microhoo-corporate-penis-envy.md
2008	05		Fermi's Paradox and the End of Cheap Oil	http://radar.oreilly.com/archives/2008/05/fermi-paradox-and-end-of.html	20080604002518	yes	tim	by/2008--radar-legacy-fermi-s-paradox-and-the-end-of-cheap-oil.md
2008	04		Nice Take on Web 2.0 Expo from Information Week	http://radar.oreilly.com/archives/2008/04/web-20-expo-preview.html	20080604002518	yes	tim	by/2008--radar-legacy-nice-take-on-web-2-0-expo-from-information-week.md
2008	04		Nice Slashdot Review of Programming Collective Intelligence	http://radar.oreilly.com/archives/2008/04/slashdot-review-programming-collective-intelligence.html	20080604002518	yes	tim	by/2008--radar-legacy-nice-slashdot-review-of-programming-collective-intelligence.md
2008	04		Missed Twitter Questions from Jonathan Schwartz Interview at Web 2.0 Expo	http://radar.oreilly.com/archives/2008/04/missed-twitter-questions-jonathan-schwartz-web2expo.html	20080604002518	yes	tim	by/2008--radar-legacy-missed-twitter-questions-from-jonathan-schwartz-interview-at-web-2-0-e.md
2008	04		Bezos on innovation, customer-focus and long-term thinking	http://radar.oreilly.com/archives/2008/04/bezos-on-innovation-customerfo.html	20080604002518	yes	tim	by/2008--radar-legacy-bezos-on-innovation-customer-focus-and-long-term-thinking.md
2008	02		Social Graph API:  One small step for Google, one giant step for the Internet Operating System	http://radar.oreilly.com/archives/2008/02/google_social_graph_api.html	20080202052838	yes	tim	by/2008--radar-legacy-social-graph-api-one-small-step-for-google-one-giant-step-for-the-inte.md
2008	02		Microsoft's Bid for Yahoo!:  The Long View	http://radar.oreilly.com/archives/2008/02/microsoft_buy_yahoo.html	20080202052838	yes	tim	by/2008--radar-legacy-microsoft-s-bid-for-yahoo-the-long-view.md
2008	02		Augmented Reality:  A Practical Guide	http://radar.oreilly.com/archives/2008/02/augmented_reality_book.html	20080202052838	yes	tim	by/2008--radar-legacy-augmented-reality-a-practical-guide.md
2008	01		Why ETech is O'Reilly's Most Important Conference	http://radar.oreilly.com/archives/2008/01/etech_oreilly_flagship_conference.html	20080202052838	yes	tim	by/2008--radar-legacy-why-etech-is-o-reilly-s-most-important-conference.md
2008	01		What We Have vs. What We Want	http://radar.oreilly.com/archives/2008/01/what_we_have_vs_what_we_want.html	20080202052838	yes	tim	by/2008--radar-legacy-what-we-have-vs-what-we-want.md
2008	01		Tomorrow's Ads session at World Economic Forum?	http://radar.oreilly.com/archives/2008/01/tomorrows_ads_world_economic_forum.html	20080202052838	duplicate	tim	
2008	01		Sun To Acquire MySQL	http://radar.oreilly.com/archives/2008/01/sun_acquires_mysql.html	20080202052838	duplicate	tim	
2008	01		Stuffing Six Million Pages Down Google's Throat	http://radar.oreilly.com/archives/2008/01/limits_google_crawl_markmail.html	20080202052838	yes	tim	by/2008--radar-legacy-stuffing-six-million-pages-down-google-s-throat.md
2008	01		Money:Tech program notes	http://radar.oreilly.com/archives/2008/01/moneytech_program_web2_wallstreet.html	20080202052838	yes	tim	by/2008--radar-legacy-money-tech-program-notes.md
2008	01		Maker Movement Gaining Recognition	http://radar.oreilly.com/archives/2008/01/maker_movement_diy.html	20080202052838	yes	tim	by/2008--radar-legacy-maker-movement-gaining-recognition.md
2008	01		I'm at Davos, but not blogging it	http://radar.oreilly.com/archives/2008/01/davos_blogging.html	20080202052838	yes	tim	by/2008--radar-legacy-i-m-at-davos-but-not-blogging-it.md
2008	01		A Year in O'Reilly Books (2007)	http://radar.oreilly.com/archives/2008/01/a_year_in_oreilly_books.html	20080202052838	yes	tim	by/2008--radar-legacy-a-year-in-o-reilly-books-2007.md
2007	08		Yahoo!'s bet on Hadoop	http://radar.oreilly.com/archives/2007/08/yahoos_bet_on_h.html	20070807223042	yes	tim	by/2007--radar-legacy-yahoo-s-bet-on-hadoop.md
2007	08		Scratching itches in the cloud	http://radar.oreilly.com/archives/2007/08/scratching_itch.html	20070807223042	yes	tim	by/2007--radar-legacy-scratching-itches-in-the-cloud.md
2007	07		Why Congress Needs a Version Control System	http://radar.oreilly.com/archives/2007/07/why_congress_ne.html	20070807223042	yes	tim	by/2007--radar-legacy-why-congress-needs-a-version-control-system.md
2007	07		Ubuntu vs. Red Hat on Compete.com, Hitwise, and Google Trends	http://radar.oreilly.com/archives/2007/07/ubuntu_vs_red_h.html	20070807223042	yes	tim	by/2007--radar-legacy-ubuntu-vs-red-hat-on-compete-com-hitwise-and-google-trends.md
2007	07		UK Rolls Out Police Headcams	http://radar.oreilly.com/archives/2007/07/uk_rolls_out_po.html	20070807223042	yes	tim	by/2007--radar-legacy-uk-rolls-out-police-headcams.md
2007	07		Microsoft to Submit Shared Source Licenses to OSI	http://radar.oreilly.com/archives/2007/07/microsoft_to_su_1.html	20070807223042	yes	tim	by/2007--radar-legacy-microsoft-to-submit-shared-source-licenses-to-osi.md
2007	07		Google Gears and Version Control	http://radar.oreilly.com/archives/2007/07/google_gears_an.html	20070807223042	yes	tim	by/2007--radar-legacy-google-gears-and-version-control.md
2006	06	2006-06-15	Why the Future is in South Korea	http://radar.oreilly.com/archives/2006/06/why_the_future_is_in_south_kor.html	20060615195208	yes	tim	by/2006--radar-legacy-why-the-future-is-in-south-korea.md
2006	06	2006-06-13	When Things Think for Us	http://radar.oreilly.com/archives/2006/06/when_things_think_for_us_1.html	20060615195208	yes	tim	by/2006--radar-legacy-when-things-think-for-us.md
2006	06	2006-06-01	Tropical Arctic in Distant Past	http://radar.oreilly.com/archives/2006/06/tropical_arctic_in_distant_pas.html	20060615195208	yes	tim	by/2006--radar-legacy-tropical-arctic-in-distant-past.md
2006	06	2006-06-09	The Google AI Starts Work on Its Ears	http://radar.oreilly.com/archives/2006/06/big_brother_is_listening.html	20060615195208	yes	tim	by/2006--radar-legacy-the-google-ai-starts-work-on-its-ears.md
2006	06	2006-06-12	Startup Centers	http://radar.oreilly.com/archives/2006/06/startup_centers.html	20060615195208	yes	tim	by/2006--radar-legacy-startup-centers.md
2006	06	2006-06-05	Nature's Open Peer Review	http://radar.oreilly.com/archives/2006/06/natures_open_peer_review.html	20060615195208	yes	tim	by/2006--radar-legacy-nature-s-open-peer-review.md
2006	06	2006-06-09	NSA Datamining Social Networking Sites	http://radar.oreilly.com/archives/2006/06/nsa_datamining_social_networki.html	20060615195208	yes	tim	by/2006--radar-legacy-nsa-datamining-social-networking-sites.md
2006	06	2006-06-13	Gutenkarte:  Geo annotation of Gutenberg texts	http://radar.oreilly.com/archives/2006/06/gutenkarte_geo_annotation_of_g.html	20060615195208	yes	tim	by/2006--radar-legacy-gutenkarte-geo-annotation-of-gutenberg-texts.md
2006	06	2006-06-09	Google spreadsheet:   limited beta?	http://radar.oreilly.com/archives/2006/06/google_spreadsheet_limited_bet.html	20060615195208	yes	tim	by/2006--radar-legacy-google-spreadsheet-limited-beta.md
2006	06	2006-06-13	Google Earth, Sketchup, and Second Life	http://radar.oreilly.com/archives/2006/06/google_earth_and_sketchup.html	20060615195208	yes	tim	by/2006--radar-legacy-google-earth-sketchup-and-second-life.md
2006	06	2006-06-12	Exploiting Physiological Differences	http://radar.oreilly.com/archives/2006/06/exploiting_physiological_diffe.html	20060615195208	yes	tim	by/2006--radar-legacy-exploiting-physiological-differences.md
2006	05	2006-05-19	Wil Wheaton via Eventful Demand	http://radar.oreilly.com/archives/2006/05/wil_wheaton_via_eventful_deman.html	20060615195208	yes	tim	by/2006--radar-legacy-wil-wheaton-via-eventful-demand.md
2006	05	2006-05-30	Web 2.0 Service Mark Controversy (Tim responding this time)	http://radar.oreilly.com/archives/2006/05/web_20_service_mark_controvers.html	20060615195208	yes	tim	by/2006--radar-legacy-web-2-0-service-mark-controversy-tim-responding-this-time.md
2006	05	2006-05-02	WS-* vs the REST	http://radar.oreilly.com/archives/2006/05/ws_vs_the_rest.html	20060615195208	yes	tim	by/2006--radar-legacy-ws-vs-the-rest.md
2006	05	2006-05-14	Vinod Khosla on Biofuels	http://radar.oreilly.com/archives/2006/05/vinod_khosla_on_biofuels.html	20060615195208	yes	tim	by/2006--radar-legacy-vinod-khosla-on-biofuels.md
2006	05	2006-05-09	Two Views of AJAX	http://radar.oreilly.com/archives/2006/05/nice_discussion_of_ajax_framew.html	20060615195208	yes	tim	by/2006--radar-legacy-two-views-of-ajax.md
2006	05	2006-05-07	TrafficGauge rocks	http://radar.oreilly.com/archives/2006/05/trafficgauge_rocks.html	20060615195208	yes	tim	by/2006--radar-legacy-trafficgauge-rocks.md
2006	05	2006-05-07	Rehabilitation of the Cold-War Liberal	http://radar.oreilly.com/archives/2006/05/rehabilitation_of_the_coldwar.html	20060615195208	yes	tim	by/2006--radar-legacy-rehabilitation-of-the-cold-war-liberal.md
2006	05	2006-05-18	Publisher, be very, very afraid?	http://radar.oreilly.com/archives/2006/05/publisher_be_very_very_afraid.html	20060615195208	yes	tim	by/2006--radar-legacy-publisher-be-very-very-afraid.md
2006	05	2006-05-12	Où trouver De l'art de programmer en Perl ?	http://radar.oreilly.com/archives/2006/05/ou_trouver_de_lart_de_programm.html	20060615195208	yes	tim	by/2006--radar-legacy-ou-trouver-de-l-art-de-programmer-en-perl.md
2006	05	2006-05-01	MySQL and the Database Job Market	http://radar.oreilly.com/archives/2006/05/mysql_and_the_database_job_mar.html	20060615195208	yes	tim	by/2006--radar-legacy-mysql-and-the-database-job-market.md
2006	05	2006-05-14	My Commencement Speech at SIMS	http://radar.oreilly.com/archives/2006/05/my_commencement_speech_at_sims_1.html	20060615195208	duplicate	tim	
2006	05	2006-05-16	Mellon Foundation open source awards	http://radar.oreilly.com/archives/2006/05/mellon_foundation_open_source.html	20060615195208	yes	tim	by/2006--radar-legacy-mellon-foundation-open-source-awards.md
2006	05	2006-05-15	Long Tail evidence from Safari and Google Book Search	http://radar.oreilly.com/archives/2006/05/long_tail_evidence_from_safari_1.html	20060615195208	duplicate	tim	
2006	05	2006-05-14	London 2006, Meet 1984	http://radar.oreilly.com/archives/2006/05/london_2006_meet_1984.html	20060615195208	yes	tim	by/2006--radar-legacy-london-2006-meet-1984.md
2006	05	2006-05-06	Instrumenting the World #1 (Cell Tower Rainfall Detection)	http://radar.oreilly.com/archives/2006/05/instrumenting_the_world_1_cell.html	20060615195208	yes	tim	by/2006--radar-legacy-instrumenting-the-world-1.md
2006	05	2006-05-05	IMDb API??	http://radar.oreilly.com/archives/2006/05/imdb_api_1.html	20060615195208	yes	tim	by/2006--radar-legacy-imdb-api.md
2006	05	2006-05-03	How to prepare for a pandemic	http://radar.oreilly.com/archives/2006/05/how_to_prepare_for_a_pandemic.html	20060615195208	yes	tim	by/2006--radar-legacy-how-to-prepare-for-a-pandemic.md
2006	05	2006-05-03	How To Tell a Great Story	http://radar.oreilly.com/archives/2006/05/how_to_tell_a_great_story.html	20060615195208	yes	tim	by/2006--radar-legacy-how-to-tell-a-great-story.md
2006	05	2006-05-23	Greasemonkey script for international Amazon users	http://radar.oreilly.com/archives/2006/05/greasemonkey_script_for_intern.html	20060615195208	yes	tim	by/2006--radar-legacy-greasemonkey-script-for-international-amazon-users.md
2006	05	2006-05-25	Government Thinking about Web 2.0	http://radar.oreilly.com/archives/2006/05/government_thinking_about_web.html	20060615195208	yes	tim	by/2006--radar-legacy-government-thinking-about-web-2-0.md
2006	05	2006-05-21	Google Web Kit on Mac OS X	http://radar.oreilly.com/archives/2006/05/google_web_kit_on_mac_os_x.html	20060615195208	yes	tim	by/2006--radar-legacy-google-web-kit-on-mac-os-x.md
2006	05	2006-05-17	Gentlemen Prefer PDFs	http://radar.oreilly.com/archives/2006/05/gentlemen_prefer_pdfs.html	20060615195208	yes	tim	by/2006--radar-legacy-gentlemen-prefer-pdfs.md
2006	05	2006-05-24	Disney's Virtual Magic Kingdom	http://radar.oreilly.com/archives/2006/05/disneys_virtual_magic_kingdom.html	20060615195208	yes	tim	by/2006--radar-legacy-disney-s-virtual-magic-kingdom.md
2006	05	2006-05-05	Database War Stories #9 (finis):  Brian Aker of MySQL Responds	http://radar.oreilly.com/archives/2006/05/brian_aker_of_mysql_responds.html	20060615195208	yes	tim	by/2006--radar-legacy-database-war-stories-9-finis-brian-aker-of-mysql-responds.md
2006	05	2006-05-04	Database War Stories #8:  Findory and Amazon	http://radar.oreilly.com/archives/2006/05/database_war_stories_8_findory_1.html	20060615195208	yes	tim	by/2006--radar-legacy-database-war-stories-8-findory-and-amazon.md
2006	05	2006-05-03	Database War Stories #7:  Google File System and BigTable	http://radar.oreilly.com/archives/2006/05/database_war_stories_7_google.html	20060615195208	yes	tim	by/2006--radar-legacy-database-war-stories-7-google-file-system-and-bigtable.md
2006	05	2006-05-02	Database War Stories #6:  O'Reilly Research	http://radar.oreilly.com/archives/2006/05/database_war_stories_6_oreilly.html	20060615195208	yes	tim	by/2006--radar-legacy-database-war-stories-6-o-reilly-research.md
2006	05	2006-05-13	Chris Anderson's Long Tail talk last night	http://radar.oreilly.com/archives/2006/05/chris_andersons_long_tail_talk.html	20060615195208	yes	tim	by/2006--radar-legacy-chris-anderson-s-long-tail-talk-last-night.md
2006	05	2006-05-22	Building Scalable Websites	http://radar.oreilly.com/archives/2006/05/building_scalable_websites.html	20060615195208	yes	tim	by/2006--radar-legacy-building-scalable-websites.md
2006	05	2006-05-09	Behaviorial Economics	http://radar.oreilly.com/archives/2006/05/behaviorial_economics.html	20060615195208	yes	tim	by/2006--radar-legacy-behaviorial-economics.md
2006	05	2006-05-20	Autonomous Robot Does Heart Surgery	http://radar.oreilly.com/archives/2006/05/autonomous_robot_does_heart_su.html	20060615195208	yes	tim	by/2006--radar-legacy-autonomous-robot-does-heart-surgery.md
2006	05	2006-05-22	Aerith:  Java, not Ajax	http://radar.oreilly.com/archives/2006/05/aerith_java_not_ajax_1.html	20060615195208	yes	tim	by/2006--radar-legacy-aerith-java-not-ajax.md
2006	04	2006-04-15	Wikipedia and the Future of Free Culture	http://radar.oreilly.com/archives/2006/04/wikipedia_and_the_future_of_fr.html	20060615195208	yes	tim	by/2006--radar-legacy-wikipedia-and-the-future-of-free-culture.md
2006	04	2006-04-11	Why Ruby on Rails Won't Go Mainstream?	http://radar.oreilly.com/archives/2006/04/why_ruby_on_rails_wont_go_main.html	20060615195208	yes	tim	by/2006--radar-legacy-why-ruby-on-rails-won-t-go-mainstream.md
2006	04	2006-04-26	What Job Does a Book Do?	http://radar.oreilly.com/archives/2006/04/what_job_does_a_book_do.html	20060615195208	yes	tim	by/2006--radar-legacy-what-job-does-a-book-do.md
2006	04	2006-04-10	Web 2.0:  Not just for startups	http://radar.oreilly.com/archives/2006/04/second_order_consequences_of_w.html	20060615195208	yes	tim	by/2006--radar-legacy-web-2-0-not-just-for-startups.md
2006	04	2006-04-24	Web 2.0 and Databases Part 1:  Second Life	http://radar.oreilly.com/archives/2006/04/web_20_and_databases_part_1_se.html	20060615195208	yes	tim	by/2006--radar-legacy-web-2-0-and-databases-part-1-second-life.md
2006	04	2006-04-18	Web 2.0 Reading List (Books), version 0.1	http://radar.oreilly.com/archives/2006/04/practical_web_20.html	20060615195208	yes	tim	by/2006--radar-legacy-web-2-0-reading-list-books-version-0-1.md
2006	04	2006-04-06	The Software of Space Exploration	http://radar.oreilly.com/archives/2006/04/the_software_of_space_explorat.html	20060615195208	yes	tim	by/2006--radar-legacy-the-software-of-space-exploration.md
2006	04	2006-04-20	State of the Computer Book Market, Part 3	http://radar.oreilly.com/archives/2006/04/state_of_the_computer_book_mar_2.html	20060615195208	yes	tim	by/2006--radar-legacy-state-of-the-computer-book-market-part-3.md
2006	04	2006-04-20	State of the Computer Book Market, Part 2	http://radar.oreilly.com/archives/2006/04/state_of_the_computer_book_mar_3.html	20060615195208	yes	tim	by/2006--radar-legacy-state-of-the-computer-book-market-part-2.md
2006	04	2006-04-19	State of the Computer Book Market, Part 1	http://radar.oreilly.com/archives/2006/04/state_of_the_computer_book_mar.html	20060615195208	yes	tim	by/2006--radar-legacy-state-of-the-computer-book-market-part-1.md
2006	04	2006-04-05	Smithsonian Sunshine	http://radar.oreilly.com/archives/2006/04/smithsonian_sunshine.html	20060615195208	yes	tim	by/2006--radar-legacy-smithsonian-sunshine.md
2006	04	2006-04-11	Shrink a Market!	http://radar.oreilly.com/archives/2006/04/shrink_a_market.html	20060615195208	yes	tim	by/2006--radar-legacy-shrink-a-market.md
2006	04	2006-04-24	Second Life on the Cover of Business Week	http://radar.oreilly.com/archives/2006/04/second_life_on_the_cover_of_bu_1.html	20060615195208	yes	tim	by/2006--radar-legacy-second-life-on-the-cover-of-business-week.md
2006	04	2006-04-16	Rise of the Corporate State	http://radar.oreilly.com/archives/2006/04/rise_of_the_corporate_state.html	20060615195208	yes	tim	by/2006--radar-legacy-rise-of-the-corporate-state.md
2006	04	2006-04-07	Relative Openness of Mapping APIs	http://radar.oreilly.com/archives/2006/04/relative_openness_of_mapping_a.html	20060615195208	yes	tim	by/2006--radar-legacy-relative-openness-of-mapping-apis.md
2006	04	2006-04-02	Purpose-Driven Media	http://radar.oreilly.com/archives/2006/04/purposedriven_media.html	20060615195208	yes	tim	by/2006--radar-legacy-purpose-driven-media.md
2006	04	2006-04-17	Principles of Web 2.0 Make More Sense if You Change the Order	http://radar.oreilly.com/archives/2006/04/principles_of_web_20_make_more.html	20060615195208	yes	tim	by/2006--radar-legacy-principles-of-web-2-0-make-more-sense-if-you-change-the-order.md
2006	04	2006-04-16	Ordering Pizza in 2010	http://radar.oreilly.com/archives/2006/04/ordering_pizza_in_2010.html	20060615195208	yes	tim	by/2006--radar-legacy-ordering-pizza-in-2010.md
2006	04	2006-04-25	Open Text Mining Interface	http://radar.oreilly.com/archives/2006/04/open_text_mining_interface.html	20060615195208	yes	tim	by/2006--radar-legacy-open-text-mining-interface.md
2006	04	2006-04-07	Not Just Dual Boot...	http://radar.oreilly.com/archives/2006/04/not_just_dual_boot.html	20060615195208	yes	tim	by/2006--radar-legacy-not-just-dual-boot.md
2006	04	2006-04-26	Nice quote from Marten Mickos	http://radar.oreilly.com/archives/2006/04/nice_quote_from_marten_mickos.html	20060615195208	yes	tim	by/2006--radar-legacy-nice-quote-from-marten-mickos.md
2006	04	2006-04-06	Nice Recognition for Jon Udell	http://radar.oreilly.com/archives/2006/04/nice_recognition_for_jon_udell.html	20060615195208	yes	tim	by/2006--radar-legacy-nice-recognition-for-jon-udell.md
2006	04	2006-04-30	MySpace and YouTube:  Web 2.0 for Ordinary People	http://radar.oreilly.com/archives/2006/04/myspace_and_youtube_web_20_for.html	20060615195208	yes	tim	by/2006--radar-legacy-myspace-and-youtube-web-2-0-for-ordinary-people.md
2006	04	2006-04-30	My Talk at Startup School	http://radar.oreilly.com/archives/2006/04/my_talk_at_startup_school.html	20060615195208	yes	tim	by/2006--radar-legacy-my-talk-at-startup-school.md
2006	04	2006-04-21	Microsoft Hires Steve Berkowitz from Ask	http://radar.oreilly.com/archives/2006/04/microsoft_hires_steve_berkowit_1.html	20060615195208	yes	tim	by/2006--radar-legacy-microsoft-hires-steve-berkowitz-from-ask.md
2006	04	2006-04-12	Men Prefer Angst	http://radar.oreilly.com/archives/2006/04/men_prefer_angst.html	20060615195208	yes	tim	by/2006--radar-legacy-men-prefer-angst.md
2006	04	2006-04-23	Maker Faire:  Wow!	http://radar.oreilly.com/archives/2006/04/maker_faire_wow.html	20060615195208	yes	tim	by/2006--radar-legacy-maker-faire-wow.md
2006	04	2006-04-21	Maker Faire tomorrow and Sunday!	http://radar.oreilly.com/archives/2006/04/maker_faire_tomorrow_and_sunda.html	20060615195208	yes	tim	by/2006--radar-legacy-maker-faire-tomorrow-and-sunday.md
2006	04	2006-04-17	MIT notices Attention	http://radar.oreilly.com/archives/2006/04/mit_notices_attention.html	20060615195208	yes	tim	by/2006--radar-legacy-mit-notices-attention.md
2006	04	2006-04-06	Like to Tinker? NASA's looking for you	http://radar.oreilly.com/archives/2006/04/like_to_tinker_nasas_looking_f.html	20060615195208	yes	tim	by/2006--radar-legacy-like-to-tinker-nasa-s-looking-for-you.md
2006	04	2006-04-08	Lazyweb Request:  theyworkforyou.com for the US	http://radar.oreilly.com/archives/2006/04/lazyweb_request_theyworkforyou.html	20060615195208	yes	tim	by/2006--radar-legacy-lazyweb-request-theyworkforyou-com-for-the-us.md
2006	04	2006-04-18	"Intuit ""Reboots"" TurboTax"	http://radar.oreilly.com/archives/2006/04/intuit_reboots_turbotax.html	20060615195208	yes	tim	by/2006--radar-legacy-intuit-reboots-turbotax.md
2006	04	2006-04-29	IM and the Command Line	http://radar.oreilly.com/archives/2006/04/im_and_the_command_line.html	20060615195208	yes	tim	by/2006--radar-legacy-im-and-the-command-line.md
2006	04	2006-04-28	Database War Stories #5:  craigslist	http://radar.oreilly.com/archives/2006/04/database_war_stories_5_craigsl.html	20060615195208	yes	tim	by/2006--radar-legacy-database-war-stories-5-craigslist.md
2006	04	2006-04-27	Database War Stories #4:  NASA World Wind	http://radar.oreilly.com/archives/2006/04/database_war_stories_4_nasa_wo.html	20060615195208	yes	tim	by/2006--radar-legacy-database-war-stories-4-nasa-world-wind.md
2006	04	2006-04-27	Database War Stories #3:  Flickr	http://radar.oreilly.com/archives/2006/04/database_war_stories_3_flickr.html	20060615195208	yes	tim	by/2006--radar-legacy-database-war-stories-3-flickr.md
2006	04	2006-04-27	Database War Stories #2:  bloglines and memeorandum	http://radar.oreilly.com/archives/2006/04/database_war_stories_2_bloglin.html	20060615195208	yes	tim	by/2006--radar-legacy-database-war-stories-2-bloglines-and-memeorandum.md
2006	04	2006-04-30	A Few Tidbits from Startup School	http://radar.oreilly.com/archives/2006/04/a_few_tidbits_from_startup_sch.html	20060615195208	yes	tim	by/2006--radar-legacy-a-few-tidbits-from-startup-school.md
2006	04	2006-04-24	100,000 people make friends with the Wendy's Square	http://radar.oreilly.com/archives/2006/04/100000_people_make_friends_wit.html	20060615195208	yes	tim	by/2006--radar-legacy-100-000-people-make-friends-with-the-wendy-s-square.md
2006	04	2006-04-18	"""Blogging"" in 1918"	http://radar.oreilly.com/archives/2006/04/blogging_in_1918.html	20060615195208	yes	tim	by/2006--radar-legacy-blogging-in-1918.md
2006	03	2006-03-26	What Humans are Capable Of	http://radar.oreilly.com/archives/2006/03/what_humans_are_capable_of.html	20060615195208	yes	tim	by/2006--radar-legacy-what-humans-are-capable-of.md
2006	03	2006-03-18	What Do You Do With a Million Books?	http://radar.oreilly.com/archives/2006/03/what_do_you_do_with_a_million.html	20060615195208	yes	tim	by/2006--radar-legacy-what-do-you-do-with-a-million-books.md
2006	03	2006-03-25	Web 2.0-or-Not meter	http://radar.oreilly.com/archives/2006/03/web_20ornot_meter.html	20060615195208	yes	tim	by/2006--radar-legacy-web-2-0-or-not-meter.md
2006	03	2006-03-16	Top 1000 Books in Library Collections	http://radar.oreilly.com/archives/2006/03/top_1000_books_in_libary_colle.html	20060615195208	yes	tim	by/2006--radar-legacy-top-1000-books-in-library-collections.md
2006	03	2006-03-18	Please, Give me LiveSoft	http://radar.oreilly.com/archives/2006/03/please_give_me_livesoft.html	20060615195208	yes	tim	by/2006--radar-legacy-please-give-me-livesoft.md
2006	03	2006-03-18	Pandora vs. Last.fm	http://radar.oreilly.com/archives/2006/03/pandora_vs_lastfm.html	20060615195208	yes	tim	by/2006--radar-legacy-pandora-vs-last-fm.md
2006	03	2006-03-17	Open Source Tax Credit?	http://radar.oreilly.com/archives/2006/03/open_source_tax_credit.html	20060615195208	yes	tim	by/2006--radar-legacy-open-source-tax-credit.md
2006	03	2006-03-20	Onstage with Bill Gates at Mix 06	http://radar.oreilly.com/archives/2006/03/onstage_with_bill_gates_at_mix.html	20060615195208	yes	tim	by/2006--radar-legacy-onstage-with-bill-gates-at-mix-06.md
2006	03	2006-03-16	Link List:  Reading 2.0	http://radar.oreilly.com/archives/2006/03/link_list_reading_20_1.html	20060615195208	yes	tim	by/2006--radar-legacy-link-list-reading-2-0.md
2006	03	2006-03-05	Google Dreams Big	http://radar.oreilly.com/archives/2006/03/google_dreams_big.html	20060615195208	yes	tim	by/2006--radar-legacy-google-dreams-big.md
2006	03	2006-03-17	Freedom to Connect	http://radar.oreilly.com/archives/2006/03/freedom_to_connect.html	20060615195208	duplicate	tim	
2006	03	2006-03-23	Disney Pooh Camp	http://radar.oreilly.com/archives/2006/03/disney_pooh_camp.html	20060615195208	yes	tim	by/2006--radar-legacy-disney-pooh-camp.md
2006	03	2006-03-25	Directions Microformat -> Google for directions?	http://radar.oreilly.com/archives/2006/03/directions_microformat_leading.html	20060615195208	yes	tim	by/2006--radar-legacy-directions-microformat-google-for-directions.md
2006	03	2006-03-27	Credit Cards and Virtual Currencies	http://radar.oreilly.com/archives/2006/03/credit_cards_and_virtual_curre.html	20060615195208	yes	tim	by/2006--radar-legacy-credit-cards-and-virtual-currencies.md
2006	03	2006-03-24	Bob Frankston:  Smart Shirts, Small World	http://radar.oreilly.com/archives/2006/03/bob_frankston_smart_shirts_sma.html	20060615195208	yes	tim	by/2006--radar-legacy-bob-frankston-smart-shirts-small-world.md
2006	03	2006-03-06	Bionic Software	http://radar.oreilly.com/archives/2006/03/bionic_software_1.html	20060615195208	yes	tim	by/2006--radar-legacy-bionic-software.md
2006	03	2006-03-03	ASP.Net on a Roll	http://radar.oreilly.com/archives/2006/03/aspnet_on_a_roll.html	20060615195208	yes	tim	by/2006--radar-legacy-asp-net-on-a-roll.md
2005	12	2005-12-04	The Future Ends at the Firewall	http://radar.oreilly.com/archives/2005/12/the_future_ends_at_the_firewal.html	20060105023904	yes	tim	by/2005--radar-legacy-the-future-ends-at-the-firewall.md
2005	12	2005-12-07	Ruby Book Sales Surpass Python	http://radar.oreilly.com/archives/2005/12/ruby_book_sales_surpass_python.html	20060105023904	yes	tim	by/2005--radar-legacy-ruby-book-sales-surpass-python.md
2005	12	2005-12-19	Google Talk APIs Released	http://radar.oreilly.com/archives/2005/12/google_talk_apis_released.html	20060105023904	yes	tim	by/2005--radar-legacy-google-talk-apis-released.md
2005	11	2005-11-13	Walt Mossberg on mobility	http://radar.oreilly.com/archives/2005/11/walt_mossberg_on_mobility.html	20060105023904	yes	tim	by/2005--radar-legacy-walt-mossberg-on-mobility.md
2005	11	2005-11-13	Turing's Cathedral	http://radar.oreilly.com/archives/2005/11/turings_cathedral.html	20060105023904	yes	tim	by/2005--radar-legacy-turing-s-cathedral.md
2005	11	2005-11-04	Oops - Only 4% of Titles Are Being Commercially Exploited	http://radar.oreilly.com/archives/2005/11/oops_only_4_of_titles_are_bein.html	20060105023904	yes	tim	by/2005--radar-legacy-oops-only-4-of-titles-are-being-commercially-exploited.md
2005	11	2005-11-01	Live Software	http://radar.oreilly.com/archives/2005/11/live_software.html	20060105023904	yes	tim	by/2005--radar-legacy-live-software.md
2005	11	2005-11-06	As Gadgets Replace Toys, What's In it For Kids?	http://radar.oreilly.com/archives/2005/11/as_gadgets_replace_toys_whats.html	20060105023904	yes	tim	by/2005--radar-legacy-as-gadgets-replace-toys-what-s-in-it-for-kids.md
2005	10	2005-10-11	Your Money or Your MySQL	http://radar.oreilly.com/archives/2005/10/your_money_or_your_mysql_1.html	20051101095226	yes	tim	by/2005--radar-legacy-your-money-or-your-mysql.md
2005	10	2005-10-01	Web 2.0:  Compact Definition?	http://radar.oreilly.com/archives/2005/10/web_20_compact_definition.html	20051101095226	yes	tim	by/2005--radar-legacy-web-2-0-compact-definition.md
2005	10	2005-10-03	Web 2.0 as Rainforest	http://radar.oreilly.com/archives/2005/10/web_20_as_rainforest_1.html	20051101095226	yes	tim	by/2005--radar-legacy-web-2-0-as-rainforest.md
2005	10	2005-10-20	VC Pitches in the Web 2.0 era	http://radar.oreilly.com/archives/2005/10/vc_pitches_in_the_web_20_era.html	20051101095226	yes	tim	by/2005--radar-legacy-vc-pitches-in-the-web-2-0-era.md
2005	10	2005-10-10	Using Half Life 2 in Academia	http://radar.oreilly.com/archives/2005/10/using_half_life_2_in_academia.html	20051101095226	yes	tim	by/2005--radar-legacy-using-half-life-2-in-academia.md
2005	10	2005-10-24	The Amorality of Web 2.0	http://radar.oreilly.com/archives/2005/10/the_amorality_of_web_20.html	20051101095226	yes	tim	by/2005--radar-legacy-the-amorality-of-web-2-0.md
2005	10	2005-10-04	Sun and Google to cooperate on Google Office?	http://radar.oreilly.com/archives/2005/10/sun_and_google_to_cooperate_on_1.html	20051101095226	yes	tim	by/2005--radar-legacy-sun-and-google-to-cooperate-on-google-office.md
2005	10	2005-10-11	Skype Phone from Linksys	http://radar.oreilly.com/archives/2005/10/skype_phone_from_linksys.html	20051101095226	yes	tim	by/2005--radar-legacy-skype-phone-from-linksys.md
2005	10	2005-10-06	Setting User Expectations on Price	http://radar.oreilly.com/archives/2005/10/setting_user_expectations_on_p.html	20051101095226	yes	tim	by/2005--radar-legacy-setting-user-expectations-on-price.md
2005	10	2005-10-01	Playing Flickr	http://radar.oreilly.com/archives/2005/10/playing_flickr_1.html	20051101095226	yes	tim	by/2005--radar-legacy-playing-flickr.md
2005	10	2005-10-26	OCA vs. Google Print Library Project?	http://radar.oreilly.com/archives/2005/10/oca_vs_google_print_library_pr.html	20051101095226	yes	tim	by/2005--radar-legacy-oca-vs-google-print-library-project.md
2005	10	2005-10-19	New Source Licenses from Microsoft	http://radar.oreilly.com/archives/2005/10/new_source_licenses_from_micro.html	20051101095226	yes	tim	by/2005--radar-legacy-new-source-licenses-from-microsoft.md
2005	10	2005-10-21	It seems to be working for Jesus	http://radar.oreilly.com/archives/2005/10/it_seems_to_be_working_for_jes.html	20051101095226	yes	tim	by/2005--radar-legacy-it-seems-to-be-working-for-jesus.md
2005	10	2005-10-30	Google Print Debate on Farber's IP List	http://radar.oreilly.com/archives/2005/10/google_print_debate_on_farbers.html	20051101095226	yes	tim	by/2005--radar-legacy-google-print-debate-on-farber-s-ip-list.md
2005	10	2005-10-01	Email to Blog Etiquette	http://radar.oreilly.com/archives/2005/10/email_to_blog_etiquette.html	20051101095226	yes	tim	by/2005--radar-legacy-email-to-blog-etiquette.md
2005	10	2005-10-20	Cory's novel as an RSS feed	http://radar.oreilly.com/archives/2005/10/corys_novel_as_an_rss_feed.html	20051101095226	yes	tim	by/2005--radar-legacy-cory-s-novel-as-an-rss-feed.md
2005	09	2005-09-25	Yahoo! as the TV Network of the Future	http://radar.oreilly.com/archives/2005/09/yahoo_as_the_tv_network_of_the.html	20051001063020	yes	tim	by/2005--radar-legacy-yahoo-as-the-tv-network-of-the-future.md
2005	09	2005-09-08	Why Microsoft can't best Google	http://radar.oreilly.com/archives/2005/09/why_microsoft_cant_best_google.html	20051001063020	yes	tim	by/2005--radar-legacy-why-microsoft-can-t-best-google.md
2005	09	2005-09-30	What is Web 2.0?	http://radar.oreilly.com/archives/2005/09/what_is_web_20.html	20051001063020	yes	tim	by/2005--radar-legacy-what-is-web-20-announcement.md
2005	09	2005-09-16	Web 2.0 Preview with me and John Battelle	http://radar.oreilly.com/archives/2005/09/web_20_preview_with_me_and_joh.html	20051001063020	yes	tim	by/2005--radar-legacy-web-2-0-preview-with-me-and-john-battelle.md
2005	09	2005-09-29	Web 2.0 Conference Sold Out	http://radar.oreilly.com/archives/2005/09/web_20_conference_sold_out.html	20051001063020	yes	tim	by/2005--radar-legacy-web-2-0-conference-sold-out.md
2005	09	2005-09-08	Vint Cerf Joins Google	http://radar.oreilly.com/archives/2005/09/vint_cerf_joins_google.html	20051001063020	yes	tim	by/2005--radar-legacy-vint-cerf-joins-google.md
2005	09	2005-09-09	Steve Jobs to Studios: I Got the Power!	http://radar.oreilly.com/archives/2005/09/steve_jobs_to_studios_i_got_th.html	20051001063020	yes	tim	by/2005--radar-legacy-steve-jobs-to-studios-i-got-the-power.md
2005	09	2005-09-20	Second Life's stand on Intellectual Property	http://radar.oreilly.com/archives/2005/09/second_lifes_stand_on_intellec.html	20051001063020	yes	tim	by/2005--radar-legacy-second-life-s-stand-on-intellectual-property.md
2005	09	2005-09-19	Plague in World of Warcraft	http://radar.oreilly.com/archives/2005/09/plague_in_world_of_warcraft.html	20051001063020	yes	tim	by/2005--radar-legacy-plague-in-world-of-warcraft.md
2005	09	2005-09-09	Open Spectrum for Emergency Responders	http://radar.oreilly.com/archives/2005/09/open_spectrum_for_emergency_re_1.html	20051001063020	yes	tim	by/2005--radar-legacy-open-spectrum-for-emergency-responders.md
2005	09	2005-09-28	NY Times Op Ed on Author's Guild Suit Against Google	http://radar.oreilly.com/archives/2005/09/ny_times_op_ed_on_authors_guil.html	20051001063020	yes	tim	by/2005--radar-legacy-ny-times-op-ed-on-author-s-guild-suit-against-google.md
2005	09	2005-09-09	Mondo Mobile Market Disruption Coming	http://radar.oreilly.com/archives/2005/09/mondo_mobile_market_disruption.html	20051001063020	yes	tim	by/2005--radar-legacy-mondo-mobile-market-disruption-coming.md
2005	09	2005-09-09	Mashup Shows New Orleans flood on Boston Map	http://radar.oreilly.com/archives/2005/09/mashup_shows_new_orleans_flood_2.html	20051001063020	yes	tim	by/2005--radar-legacy-mashup-shows-new-orleans-flood-on-boston-map.md
2005	09	2005-09-17	Jon Udell Interviews Bill Gates	http://radar.oreilly.com/archives/2005/09/jon_udell_interviews_bill_gate.html	20051001063020	yes	tim	by/2005--radar-legacy-jon-udell-interviews-bill-gates.md
2005	09	2005-09-21	Author's Guild Suit, and Google's Response:  My Thoughts	http://radar.oreilly.com/archives/2005/09/authors_guild_suit_and_googles.html	20051001063020	yes	tim	by/2005--radar-legacy-author-s-guild-suit-and-google-s-response-my-thoughts.md
2005	08	2005-08-02	Yahoo! to release Shopping API	http://radar.oreilly.com/archives/2005/08/yahoo_to_releas.html	20050802235748	yes	tim	by/2005--radar-legacy-yahoo-to-release-shopping-api.md
2005	08	2005-08-08	The Future Belongs to Data	http://radar.oreilly.com/archives/2005/08/the_future_belo.html	20051001063020	yes	tim	by/2005--radar-legacy-the-future-belongs-to-data.md
2005	08	2005-08-03	The Cornucopia of the Commons	http://radar.oreilly.com/archives/2005/08/the_cornucopia.html	20051001063020	yes	tim	by/2005--radar-legacy-the-cornucopia-of-the-commons.md
2005	08	2005-08-05	TCP/IP and Shipping Containers	http://radar.oreilly.com/archives/2005/08/tcpip_and_shipp.html	20051001063020	yes	tim	by/2005--radar-legacy-tcp-ip-and-shipping-containers.md
2005	08	2005-08-03	Spikesource TestFest:  $20,000 in Prizes	http://radar.oreilly.com/archives/2005/08/spikesource_tes.html	20051001063020	yes	tim	by/2005--radar-legacy-spikesource-testfest-20-000-in-prizes.md
2005	08	2005-08-18	SmugMug Maps goes live	http://radar.oreilly.com/archives/2005/08/smugmug_maps_go.html	20051001063020	yes	tim	by/2005--radar-legacy-smugmug-maps-goes-live.md
2005	08	2005-08-23	Search Engine Spam?	http://radar.oreilly.com/archives/2005/08/search_engine_s_2.html	20051001063020	yes	tim	by/2005--radar-legacy-search-engine-spam.md
2005	08	2005-08-17	Save the Stanford Radio Dishes	http://radar.oreilly.com/archives/2005/08/save_the_stanfo.html	20051001063020	yes	tim	by/2005--radar-legacy-save-the-stanford-radio-dishes.md
2005	08	2005-08-13	Readership Has Its Privileges:   Web 2.0 Invite Only Price	http://radar.oreilly.com/archives/2005/08/readership_has.html	20051001063020	yes	tim	by/2005--radar-legacy-readership-has-its-privileges-web-2-0-invite-only-price.md
2005	08	2005-08-05	ROI or ROE?	http://radar.oreilly.com/archives/2005/08/roi_or_roe.html	20051001063020	yes	tim	by/2005--radar-legacy-roi-or-roe.md
2005	08	2005-08-05	Oscon the Next Comdex?	http://radar.oreilly.com/archives/2005/08/oscon_the_next.html	20051001063020	yes	tim	by/2005--radar-legacy-oscon-the-next-comdex.md
2005	08	2005-08-01	Open Source Business Readiness Ratings	http://radar.oreilly.com/archives/2005/08/open_source_bus.html	20050802235748	yes	tim	by/2005--radar-legacy-open-source-business-readiness-ratings.md
2005	08	2005-08-03	OSCON-related blog aggregator	http://radar.oreilly.com/archives/2005/08/osconrelated_bl.html	20051001063020	yes	tim	by/2005--radar-legacy-oscon-related-blog-aggregator.md
2005	08	2005-08-01	O'Reilly Connection Beta Launches	http://radar.oreilly.com/archives/2005/08/oreilly_connect.html	20050802235748	yes	tim	by/2005--radar-legacy-o-reilly-connection-beta-launches.md
2005	08	2005-08-05	Not 2.0?	http://radar.oreilly.com/archives/2005/08/not_20.html	20051001063020	yes	tim	by/2005--radar-legacy-not-2-0.md
2005	08	2005-08-01	New OScon Session:  Hard Numbers Behind the O'Reilly Radar	http://radar.oreilly.com/archives/2005/08/new_oscon_sessi.html	20050802235748	yes	tim	by/2005--radar-legacy-new-oscon-session-hard-numbers-behind-the-o-reilly-radar.md
2005	08	2005-08-05	Just in time for early xmas shopping	http://radar.oreilly.com/archives/2005/08/just_in_time_fo.html	20051001063020	yes	tim	by/2005--radar-legacy-just-in-time-for-early-xmas-shopping.md
2005	08	2005-08-25	How to Save the Web from Splogonoma	http://radar.oreilly.com/archives/2005/08/how_to_save_the.html	20051001063020	yes	tim	by/2005--radar-legacy-how-to-save-the-web-from-splogonoma.md
2005	08	2005-08-14	HG Wells on the World Brain	http://radar.oreilly.com/archives/2005/08/hg_wells_on_the.html	20051001063020	yes	tim	by/2005--radar-legacy-hg-wells-on-the-world-brain.md
2005	08	2005-08-01	Great Rant by Cory on Apple and DRM	http://radar.oreilly.com/archives/2005/08/great_rant_by_c.html	20050802235748	yes	tim	by/2005--radar-legacy-great-rant-by-cory-on-apple-and-drm.md
2005	08	2005-08-13	Google Library vs.  Publishers	http://radar.oreilly.com/archives/2005/08/google_library.html	20051001063020	yes	tim	by/2005--radar-legacy-google-library-vs-publishers.md
2005	08	2005-08-06	Differing Google/MSN News results	http://radar.oreilly.com/archives/2005/08/differing_googl.html	20051001063020	yes	tim	by/2005--radar-legacy-differing-google-msn-news-results.md
2005	08	2005-08-14	Data Farming, not Data Mining	http://radar.oreilly.com/archives/2005/08/data_farming_no.html	20051001063020	yes	tim	by/2005--radar-legacy-data-farming-not-data-mining.md
2005	08	2005-08-11	Continuing the Conversation with Tim Bray	http://radar.oreilly.com/archives/2005/08/continuing_the.html	20051001063020	yes	tim	by/2005--radar-legacy-continuing-the-conversation-with-tim-bray.md
2005	08	2005-08-15	Building Social Modeling Tools	http://radar.oreilly.com/archives/2005/08/building_social.html	20051001063020	yes	tim	by/2005--radar-legacy-building-social-modeling-tools.md
2005	08	2005-08-17	BAR Camp!	http://radar.oreilly.com/archives/2005/08/bar_camp.html	20051001063020	yes	tim	by/2005--radar-legacy-bar-camp.md
2005	08	2005-08-06	Amazon's Long Tail Not So Long	http://radar.oreilly.com/archives/2005/08/amazons_long_ta.html	20051001063020	yes	tim	by/2005--radar-legacy-amazon-s-long-tail-not-so-long.md
2005	08	2005-08-19	66% of blog readers never heard of RSS	http://radar.oreilly.com/archives/2005/08/66_of_blog_read.html	20051001063020	yes	tim	by/2005--radar-legacy-66-of-blog-readers-never-heard-of-rss.md
2005	08	2005-08-11	"""Hacker"" Term misused again"	http://radar.oreilly.com/archives/2005/08/hacker_term_mis.html	20051001063020	yes	tim	by/2005--radar-legacy-hacker-term-misused-again.md
2005	07	2005-07-25	Yahoo! Buys Konfabulator	http://radar.oreilly.com/archives/2005/07/yahoo_buys_konf.html	20050802235748	yes	tim	by/2005--radar-legacy-yahoo-buys-konfabulator.md
2005	07	2005-07-05	Web 2.0 to be built on the backs of hackers	http://radar.oreilly.com/archives/2005/07/web_20_to_be_bu.html	20050802235748	yes	tim	by/2005--radar-legacy-web-2-0-to-be-built-on-the-backs-of-hackers.md
2005	07	2005-07-13	The WayBack Machine, controversy and back story	http://radar.oreilly.com/archives/2005/07/the_wayback_mac.html	20050802235748	yes	tim	by/2005--radar-legacy-the-wayback-machine-controversy-and-back-story.md
2005	07	2005-07-18	The Real Video IPod Play?	http://radar.oreilly.com/archives/2005/07/the_real_video.html	20050802235748	yes	tim	by/2005--radar-legacy-the-real-video-ipod-play.md
2005	07	2005-07-24	The Mathematics of War	http://radar.oreilly.com/archives/2005/07/the_mathematics.html	20050802235748	yes	tim	by/2005--radar-legacy-the-mathematics-of-war.md
2005	07	2005-07-16	The Long Emergency	http://radar.oreilly.com/archives/2005/07/the_long_emerge.html	20050802235748	yes	tim	by/2005--radar-legacy-the-long-emergency.md
2005	07	2005-07-13	The Death of Print?  Not Yet.	http://radar.oreilly.com/archives/2005/07/the_death_of_pr.html	20050802235748	yes	tim	by/2005--radar-legacy-the-death-of-print-not-yet.md
2005	07	2005-07-06	Swik - wiki meets open source software download	http://radar.oreilly.com/archives/2005/07/swik_wiki_meets.html	20050802235748	yes	tim	by/2005--radar-legacy-swik-wiki-meets-open-source-software-download.md
2005	07	2005-07-14	Speaking of the Open Source Business Review	http://radar.oreilly.com/archives/2005/07/speaking_of_the.html	20050802235748	yes	tim	by/2005--radar-legacy-speaking-of-the-open-source-business-review.md
2005	07	2005-07-16	Sometimes it takes someone else to replay what you said	http://radar.oreilly.com/archives/2005/07/things_i_didnt.html	20050802235748	yes	tim	by/2005--radar-legacy-sometimes-it-takes-someone-else-to-replay-what-you-said.md
2005	07	2005-07-14	Research Fellow opening at Eyebeam	http://radar.oreilly.com/archives/2005/07/research_fellow.html	20050802235748	yes	tim	by/2005--radar-legacy-research-fellow-opening-at-eyebeam.md
2005	07	2005-07-11	Public Knowledge:  2005 IP3 Awards	http://radar.oreilly.com/archives/2005/07/public_knowledg.html	20050802235748	yes	tim	by/2005--radar-legacy-public-knowledge-2005-ip3-awards.md
2005	07	2005-07-13	Perl Best Practices - Lovely Book	http://radar.oreilly.com/archives/2005/07/perl_best_pract.html	20050802235748	yes	tim	by/2005--radar-legacy-perl-best-practices-lovely-book.md
2005	07	2005-07-16	On Failing to Think Long Term	http://radar.oreilly.com/archives/2005/07/on_failing_to_t.html	20050802235748	yes	tim	by/2005--radar-legacy-on-failing-to-think-long-term.md
2005	07	2005-07-02	Netcraft Reports Surge in New Sites	http://radar.oreilly.com/archives/2005/07/netcraft_report.html	20050802235748	yes	tim	by/2005--radar-legacy-netcraft-reports-surge-in-new-sites.md
2005	07	2005-07-18	My Real Social Network	http://radar.oreilly.com/archives/2005/07/my_real_social.html	20050802235748	yes	tim	by/2005--radar-legacy-my-real-social-network.md
2005	07	2005-07-13	More Intermixture of Real and Virtual	http://radar.oreilly.com/archives/2005/07/more_intermixtu.html	20050802235748	yes	tim	by/2005--radar-legacy-more-intermixture-of-real-and-virtual.md
2005	07	2005-07-06	Mad Scientist's Club at Squid Labs in Emeryville	http://radar.oreilly.com/archives/2005/07/mad_scientists.html	20050802235748	yes	tim	by/2005--radar-legacy-mad-scientist-s-club-at-squid-labs-in-emeryville.md
2005	07	2005-07-20	"License Plate ""Guns"" and Privacy"	http://radar.oreilly.com/archives/2005/07/license_plate_g.html	20050802235748	yes	tim	by/2005--radar-legacy-license-plate-guns-and-privacy.md
2005	07	2005-07-13	Jared Diamond at Fort Mason Friday night	http://radar.oreilly.com/archives/2005/07/jared_diamond_a.html	20050802235748	yes	tim	by/2005--radar-legacy-jared-diamond-at-fort-mason-friday-night.md
2005	07	2005-07-09	Is Perl Still Relevant?	http://radar.oreilly.com/archives/2005/07/is_perl_still_r.html	20050802235748	yes	tim	by/2005--radar-legacy-is-perl-still-relevant.md
2005	07	2005-07-14	Guns, Germs and Open Source	http://radar.oreilly.com/archives/2005/07/guns_germs_and.html	20050802235748	yes	tim	by/2005--radar-legacy-guns-germs-and-open-source.md
2005	07	2005-07-15	Google Earth Movies, for Free	http://radar.oreilly.com/archives/2005/07/google_earth_mo.html	20050802235748	yes	tim	by/2005--radar-legacy-google-earth-movies-for-free.md
2005	07	2005-07-09	Dog Poop Girl:  Shame Attack on the Net	http://radar.oreilly.com/archives/2005/07/dog_poop_girl_s.html	20050802235748	yes	tim	by/2005--radar-legacy-dog-poop-girl-shame-attack-on-the-net.md
2005	07	2005-07-10	Data Should Be the Intel Outside	http://radar.oreilly.com/archives/2005/07/data_should_be.html	20050802235748	yes	tim	by/2005--radar-legacy-data-should-be-the-intel-outside.md
2005	07	2005-07-06	Cory Doctorow Booksigning in SecondLife	http://radar.oreilly.com/archives/2005/07/cory_doctorow_b.html	20050802235748	yes	tim	by/2005--radar-legacy-cory-doctorow-booksigning-in-secondlife.md
2005	07	2005-07-07	Compliments on Make from Steve Riggio	http://radar.oreilly.com/archives/2005/07/compliments_on.html	20050802235748	yes	tim	by/2005--radar-legacy-compliments-on-make-from-steve-riggio.md
2005	07	2005-07-15	CollabNet Team Edition	http://radar.oreilly.com/archives/2005/07/collabnet_team_1.html	20050802235748	yes	tim	by/2005--radar-legacy-collabnet-team-edition.md
2005	07	2005-07-02	CodeCamp	http://radar.oreilly.com/archives/2005/07/microsoft_codec.html	20050802235748	yes	tim	by/2005--radar-legacy-codecamp.md
2005	07	2005-07-05	Change the positioning, change the rules	http://radar.oreilly.com/archives/2005/07/change_the_posi.html	20050802235748	yes	tim	by/2005--radar-legacy-change-the-positioning-change-the-rules.md
2005	07	2005-07-20	Ads the reason movie theater revenue declining?	http://radar.oreilly.com/archives/2005/07/ads_the_reason.html	20050802235748	yes	tim	by/2005--radar-legacy-ads-the-reason-movie-theater-revenue-declining.md
2005	06	2005-06-26	Wil Shipley (of Omni* fame)'s Talk at WWDC	http://radar.oreilly.com/archives/2005/06/wil_shipley_of.html	20050701233258	yes	tim	by/2005--radar-legacy-wil-shipley-of-omni-fame-s-talk-at-wwdc.md
2005	06	2005-06-29	Web Content By and For the Masses	http://radar.oreilly.com/archives/2005/06/web_content_by.html	20050701233258	yes	tim	by/2005--radar-legacy-web-content-by-and-for-the-masses.md
2005	06	2005-06-13	Web 2.0 version 2 - Your Help Needed	http://radar.oreilly.com/archives/2005/06/web_20_version.html	20050701233258	yes	tim	by/2005--radar-legacy-web-2-0-version-2-your-help-needed.md
2005	06	2005-06-13	Unintended Consequences of Google Pre-fetch	http://radar.oreilly.com/archives/2005/06/unintended_cons.html	20050701233258	yes	tim	by/2005--radar-legacy-unintended-consequences-of-google-pre-fetch.md
2005	06	2005-06-13	Two Cultures?	http://radar.oreilly.com/archives/2005/06/two_cultures.html	20050701233258	yes	tim	by/2005--radar-legacy-two-cultures.md
2005	06	2005-06-18	The Rise of Open Source Java	http://radar.oreilly.com/archives/2005/06/the_rise_of_ope.html	20050701233258	yes	tim	by/2005--radar-legacy-the-rise-of-open-source-java.md
2005	06	2005-06-05	The Globalization Game	http://radar.oreilly.com/archives/2005/06/the_globalizati.html	20050701233258	yes	tim	by/2005--radar-legacy-the-globalization-game.md
2005	06	2005-06-26	The Attack on Public Broadcasting	http://radar.oreilly.com/archives/2005/06/the_attack_on_p.html	20050701233258	yes	tim	by/2005--radar-legacy-the-attack-on-public-broadcasting.md
2005	06	2005-06-10	The 21st Century Medieval City	http://radar.oreilly.com/archives/2005/06/the_21st_centur.html	20050701233258	yes	tim	by/2005--radar-legacy-the-21st-century-medieval-city.md
2005	06	2005-06-06	TestFest June 17 at SpikeSource	http://radar.oreilly.com/archives/2005/06/testfest_june_1.html	20050701233258	yes	tim	by/2005--radar-legacy-testfest-june-17-at-spikesource.md
2005	06	2005-06-15	Steve Jobs' Commencement Speech at Stanford	http://radar.oreilly.com/archives/2005/06/steve_jobs_comm.html	20050701233258	yes	tim	by/2005--radar-legacy-steve-jobs-commencement-speech-at-stanford.md
2005	06	2005-06-05	Speed of Testing and Integration	http://radar.oreilly.com/archives/2005/06/speed_of_testin.html	20050701233258	yes	tim	by/2005--radar-legacy-speed-of-testing-and-integration.md
2005	06	2005-06-03	Small World...	http://radar.oreilly.com/archives/2005/06/small_world.html	20050701233258	yes	tim	by/2005--radar-legacy-small-world.md
2005	06	2005-06-13	Review of Gershenfeld's Fab on Slashdot	http://radar.oreilly.com/archives/2005/06/review_of_gersh.html	20050701233258	yes	tim	by/2005--radar-legacy-review-of-gershenfeld-s.md
2005	06	2005-06-10	Report on visit to Sensors Expo	http://radar.oreilly.com/archives/2005/06/report_on_visit.html	20050701233258	yes	tim	by/2005--radar-legacy-report-on-visit-to-sensors-expo.md
2005	06	2005-06-03	Real Estate Development in Virtual Worlds	http://radar.oreilly.com/archives/2005/06/real_estate_dev.html	20050701233258	yes	tim	by/2005--radar-legacy-real-estate-development-in-virtual-worlds.md
2005	06	2005-06-21	Planck knowledge and chauffeur knowledge	http://radar.oreilly.com/archives/2005/06/planck_knowledg.html	20050701233258	yes	tim	by/2005--radar-legacy-planck-knowledge-and-chauffeur-knowledge.md
2005	06	2005-06-04	Paid Podcasting?	http://radar.oreilly.com/archives/2005/06/paid_podcasting.html	20050701233258	yes	tim	by/2005--radar-legacy-paid-podcasting.md
2005	06	2005-06-16	Online Poker Played by Bots	http://radar.oreilly.com/archives/2005/06/online_poker_pl.html	20050701233258	yes	tim	by/2005--radar-legacy-online-poker-played-by-bots.md
2005	06	2005-06-06	"NextGen Macromedia Flash Tool ""Zorn"" to Run on Eclipse"	http://radar.oreilly.com/archives/2005/06/nextgen_macrome.html	20050701233258	yes	tim	by/2005--radar-legacy-nextgen-macromedia-flash-tool-zorn-to-run-on-eclipse.md
2005	06	2005-06-24	New Microsoft RSS Extensions	http://radar.oreilly.com/archives/2005/06/new_microsoft_r.html	20050701233258	yes	tim	by/2005--radar-legacy-new-microsoft-rss-extensions.md
2005	06	2005-06-01	NSF Grant Awarded to Study Coordination in OSS Projects	http://radar.oreilly.com/archives/2005/06/nsf_grant_award.html	20050701233258	yes	tim	by/2005--radar-legacy-nsf-grant-awarded-to-study-coordination-in-oss-projects.md
2005	06	2005-06-29	"More ""Make Tanks"" Than I Realized"	http://radar.oreilly.com/archives/2005/06/more_make_tanks.html	20050701233258	yes	tim	by/2005--radar-legacy-more-make-tanks-than-i-realized.md
2005	06	2005-06-29	Microsoft Atlas:  Response to AJAX	http://radar.oreilly.com/archives/2005/06/microsoft_atlas.html	20050701233258	yes	tim	by/2005--radar-legacy-microsoft-atlas-response-to-ajax.md
2005	06	2005-06-29	Mark Cuban on Grokster	http://radar.oreilly.com/archives/2005/06/mark_cuban_on_g.html	20050701233258	yes	tim	by/2005--radar-legacy-mark-cuban-on-grokster.md
2005	06	2005-06-04	Let the Price Wars Begin?	http://radar.oreilly.com/archives/2005/06/let_the_price_w.html	20050701233258	yes	tim	by/2005--radar-legacy-let-the-price-wars-begin.md
2005	06	2005-06-05	Japan Squeezes to Get The Most Out of Costly Fuel	http://radar.oreilly.com/archives/2005/06/japan_squeezes.html	20050701233258	yes	tim	by/2005--radar-legacy-japan-squeezes-to-get-the-most-out-of-costly-fuel.md
2005	06	2005-06-29	Ireland the Second Richest Country in Europe	http://radar.oreilly.com/archives/2005/06/ireland_the_sec.html	20050701233258	yes	tim	by/2005--radar-legacy-ireland-the-second-richest-country-in-europe.md
2005	06	2005-06-05	Inside Hedge Funds	http://radar.oreilly.com/archives/2005/06/inside_hedge_fu.html	20050701233258	yes	tim	by/2005--radar-legacy-inside-hedge-funds.md
2005	06	2005-06-14	Google Maps + Yahoo! Traffic Back Online	http://radar.oreilly.com/archives/2005/06/google_maps_yah.html	20050701233258	yes	tim	by/2005--radar-legacy-google-maps-yahoo-traffic-back-online.md
2005	06	2005-06-05	Good Discussion of Apple/Intel Rumors	http://radar.oreilly.com/archives/2005/06/good_discussion.html	20050701233258	yes	tim	by/2005--radar-legacy-good-discussion-of-apple-intel-rumors.md
2005	06	2005-06-25	Flash Memory to Replace Hard Drives in Portables?	http://radar.oreilly.com/archives/2005/06/flash_memory_to.html	20050701233258	yes	tim	by/2005--radar-legacy-flash-memory-to-replace-hard-drives-in-portables.md
2005	06	2005-06-07	Enterprise focus at Apple's WWDC	http://radar.oreilly.com/archives/2005/06/enterprise_focu.html	20050701233258	yes	tim	by/2005--radar-legacy-enterprise-focus-at-apple-s-wwdc.md
2005	06	2005-06-21	EBay Launches New Developer Portal	http://radar.oreilly.com/archives/2005/06/ebay_launches_n.html	20050701233258	yes	tim	by/2005--radar-legacy-ebay-launches-new-developer-portal.md
2005	06	2005-06-24	Buying the Cow, Though the Milk is Free	http://radar.oreilly.com/archives/2005/06/buying_the_cow.html	20050701233258	yes	tim	by/2005--radar-legacy-buying-the-cow-though-the-milk-is-free.md
2005	06	2005-06-13	Book buyers too busy to browse?	http://radar.oreilly.com/archives/2005/06/book_buyers_too.html	20050701233258	yes	tim	by/2005--radar-legacy-book-buyers-too-busy-to-browse.md
2005	06	2005-06-02	Apple Wants Your Widgets	http://radar.oreilly.com/archives/2005/06/apple_wants_you.html	20050701233258	duplicate	tim	
2005	06	2005-06-02	Anil Dash, Goatse, and Social Hacking	http://radar.oreilly.com/archives/2005/06/anil_dash_goats.html	20050701233258	yes	tim	by/2005--radar-legacy-anil-dash-goatse-and-social-hacking.md
2005	06	2005-06-02	A Word Processor for the Genome?	http://radar.oreilly.com/archives/2005/06/a_word_processo.html	20050701233258	yes	tim	by/2005--radar-legacy-a-word-processor-for-the-genome.md
2005	06	2005-06-20	"""Denial of Sleep"" Anti-Sensor Attacks"	http://radar.oreilly.com/archives/2005/06/denial_of_sleep.html	20050701233258	yes	tim	by/2005--radar-legacy-denial-of-sleep-anti-sensor-attacks.md
2005	05	2005-05-02	View Source in Flash!	http://radar.oreilly.com/archives/2005/05/view_source_in.html	20050701233258	yes	tim	by/2005--radar-legacy-view-source-in-flash.md
2005	05	2005-05-29	"US Army to Deploy RFID ""Listening Rocks"""	http://radar.oreilly.com/archives/2005/05/us_army_to_depl.html	20050701233258	yes	tim	by/2005--radar-legacy-us-army-to-deploy-rfid-listening-rocks.md
2005	05	2005-05-24	Tit for Tat:  Apple vs. Yahoo! Betting Pools	http://radar.oreilly.com/archives/2005/05/tit_for_tat_app.html	20050701233258	yes	tim	by/2005--radar-legacy-tit-for-tat-apple-vs-yahoo-betting-pools.md
2005	05	2005-05-10	Thought Thieves Film Competition???	http://radar.oreilly.com/archives/2005/05/thought_thieves.html	20050701233258	yes	tim	by/2005--radar-legacy-thought-thieves-film-competition.md
2005	05	2005-05-19	The Fragility of Judgment	http://radar.oreilly.com/archives/2005/05/the_fragility_o.html	20050701233258	yes	tim	by/2005--radar-legacy-the-fragility-of-judgment.md
2005	05	2005-05-31	The Embedded Sensor Revolution	http://radar.oreilly.com/archives/2005/05/the_embedded_se.html	20050701233258	yes	tim	by/2005--radar-legacy-the-embedded-sensor-revolution.md
2005	05	2005-05-08	Tech: A hostile environment for US Programmers?	http://radar.oreilly.com/archives/2005/05/tech_a_hostile.html	20050701233258	yes	tim	by/2005--radar-legacy-tech-a-hostile-environment-for-us-programmers.md
2005	05	2005-05-07	Rumpelstiltskin meme on the loose	http://radar.oreilly.com/archives/2005/05/rumpelstiltskin_1.html	20050701233258	yes	tim	by/2005--radar-legacy-rumpelstiltskin-meme-on-the-loose.md
2005	05	2005-05-16	Remaking Advertising As Conversation	http://radar.oreilly.com/archives/2005/05/remaking_advert.html	20050701233258	yes	tim	by/2005--radar-legacy-remaking-advertising-as-conversation.md
2005	05	2005-05-22	Podcast support in next version of iTunes	http://radar.oreilly.com/archives/2005/05/podcast_support.html	20050701233258	yes	tim	by/2005--radar-legacy-podcast-support-in-next-version-of-itunes.md
2005	05	2005-05-24	Number of books sold vs. published	http://radar.oreilly.com/archives/2005/05/number_of_books.html	20050701233258	yes	tim	by/2005--radar-legacy-number-of-books-sold-vs-published.md
2005	05	2005-05-23	Notes from Bill Gates interview at D	http://radar.oreilly.com/archives/2005/05/notes_from_bill.html	20050701233258	yes	tim	by/2005--radar-legacy-notes-from-bill-gates-interview-at-d.md
2005	05	2005-05-12	New Internet-inspired radio show on Public Radio	http://radar.oreilly.com/archives/2005/05/new_internetins.html	20050701233258	yes	tim	by/2005--radar-legacy-new-internet-inspired-radio-show-on-public-radio.md
2005	05	2005-05-19	Gapingvoid:  Blog as conversational advertising...	http://radar.oreilly.com/archives/2005/05/oreilly_develop.html	20050701233258	yes	tim	by/2005--radar-legacy-gapingvoid-blog-as-conversational-advertising.md
2005	05	2005-05-07	Computer Book Market Continues Upward Trend	http://radar.oreilly.com/archives/2005/05/computer_book_m.html	20050701233258	yes	tim	by/2005--radar-legacy-computer-book-market-continues-upward-trend.md
2005	05	2005-05-20	Advertising as Conversation, Part Two	http://radar.oreilly.com/archives/2005/05/advertising_as.html	20050701233258	yes	tim	by/2005--radar-legacy-advertising-as-conversation-part-two.md
2005	04	2005-04-24	XTech Conference to Add Focus on Open Data	http://radar.oreilly.com/archives/2005/04/xtech_conferenc.html	20050701233258	yes	tim	by/2005--radar-legacy-xtech-conference-to-add-focus-on-open-data.md
2005	04	2005-04-29	Testers as the new heroes	http://radar.oreilly.com/archives/2005/04/testers_as_the.html	20050701233258	yes	tim	by/2005--radar-legacy-testers-as-the-new-heroes.md
2005	04	2005-04-30	Ten--No, Eleven--Years of Internet Advertising	http://radar.oreilly.com/archives/2005/04/tenno_elevenyea.html	20050701233258	yes	tim	by/2005--radar-legacy-ten-no-eleven-years-of-internet-advertising.md
2005	04	2005-04-28	Small Business Bets Big on Technology	http://radar.oreilly.com/archives/2005/04/small_business.html	20050701233258	yes	tim	by/2005--radar-legacy-small-business-bets-big-on-technology.md
2005	04	2005-04-24	Self Publishing Changes All the Rules?	http://radar.oreilly.com/archives/2005/04/self_publishing.html	20050701233258	yes	tim	by/2005--radar-legacy-self-publishing-changes-all-the-rules.md
2005	04	2005-04-14	Non Obvious Relationship Awareness By tim on April 14, 2005	http://radar.oreilly.com/archives/2005/04/non_obvious_rel.html	20050423191630	yes	tim	by/2005--radar-legacy-non-obvious-relationship-awareness.md
2005	04	2005-04-27	My Own Take on Marketing Writing	http://radar.oreilly.com/archives/2005/04/my_own_take_on.html	20050701233258	yes	tim	by/2005--radar-legacy-my-own-take-on-marketing-writing.md
2005	04	2005-04-24	Google Maps pessimism, optimism	http://radar.oreilly.com/archives/2005/04/google_maps_pes.html	20050701233258	yes	tim	by/2005--radar-legacy-google-maps-pessimism-optimism.md
2005	04	2005-04-29	Firefox vs. IE in O'Reilly Network Logs	http://radar.oreilly.com/archives/2005/04/firefox_vs_ie_i.html	20050701233258	yes	tim	by/2005--radar-legacy-firefox-vs-ie-in-o-reilly-network-logs.md
2005	04	2005-04-24	Federal Weather Info Could Go Dark	http://radar.oreilly.com/archives/2005/04/federal_weather_1.html	20050701233258	yes	tim	by/2005--radar-legacy-federal-weather-info-could-go-dark.md
2005	04	2005-04-26	Designing from the outside in	http://radar.oreilly.com/archives/2005/04/designing_from.html	20050701233258	yes	tim	by/2005--radar-legacy-designing-from-the-outside-in.md
2005	04	2005-04-23	Book sales as a technical trend indicator By tim on April 23, 2005	http://radar.oreilly.com/archives/2005/04/book_sales_as_a.html	20050423191630	duplicate	tim	
2005	04	2005-04-13	A World Made of Cities By tim on April 13, 2005	http://radar.oreilly.com/archives/2005/04/a_world_made_of.html	20050423191630	yes	tim	by/2005--radar-legacy-a-world-made-of-cities.md
2005	04	2005-04-26	A Possible Business Model for Google News	http://radar.oreilly.com/archives/2005/04/a_possible_busi.html	20050701233258	yes	tim	by/2005--radar-legacy-a-possible-business-model-for-google-news.md
2005	03	2005-03-28	If I Could Talk to the Animals By tim on March 28, 2005	http://radar.oreilly.com/archives/2005/03/if_i_could_talk.html	20050423191630	yes	tim	by/2005--radar-legacy-if-i-could-talk-to-the-animals.md
2005	03	2005-03-28	Bot Evolution By tim on March 28, 2005	http://radar.oreilly.com/archives/2005/03/bot_evolution.html	20050423191630	yes	tim	by/2005--radar-legacy-bot-evolution.md
2005	04		Bookscan-based data mart	http://radar.oreilly.com/archives/2005/04/book-sales-as-a-technology-tre.html		yes	tim	by/2005--radar-legacy-book-sales-as-a-technology-trend-indicator.md
2005	04		feagueing	http://radar.oreilly.com/archives/2005/04/on_conferences.html		other-author	nat	
2005	05		slider	http://radar.oreilly.com/archives/2005/05/sliders_are_the.html		other-author	rael	
2005	06		Apple Wants Your Widgets	http://radar.oreilly.com/2005/06/apple-wants-your-widgets.html		yes	tim	by/2005--radar-legacy-apple-wants-your-widgets.md
2005	06		Ruby on Rails, and the Rails Beta Book	http://radar.oreilly.com/archives/2005/06/ruby_on_rails_a.html		other-author	marc	
2006	01		"Continue reading ""Afraid to tell people what books their developers are really reading?"""	http://radar.oreilly.com/archives/2006/01/afraid_to_tell_people_what_boo.html		yes	tim	by/2006--radar-legacy-afraid-to-tell-people-what-books-their-developers-are-really-reading.md
2006	01		"Continue reading ""Bikers as Alpha Geeks"""	http://radar.oreilly.com/archives/2006/01/bikers_as_alpha_geeks.html		yes	tim	by/2006--radar-legacy-bikers-as-alpha-geeks.md
2006	01		"Continue reading ""Books as Documentation:  The Wheel Turns?"""	http://radar.oreilly.com/archives/2006/01/books_as_documentation_the_whe_1.html		yes	tim	by/2006--radar-legacy-books-as-documentation-the-wheel-turns.md
2006	01		"Continue reading ""Long Now Debate on Nuclear Power"""	http://radar.oreilly.com/archives/2006/01/long_now_debate_on_nuclear_pow.html		yes	tim	by/2006--radar-legacy-long-now-debate-on-nuclear-power.md
2006	01		SDForum Open Source Panel with Jonathan Schwartz and Rod Smith	http://radar.oreilly.com/archives/2006/01/sdforum_open_source_panel_with.html		yes	tim	by/2006--radar-legacy-sdforum-open-source-panel-with-jonathan-schwartz-and-rod-smith.md
2006	01		Search Engines as Leeches on the Web	http://radar.oreilly.com/archives/2006/01/search_engines_as_leeches_on_t.html		yes	tim	by/2006--radar-legacy-search-engines-as-leeches-on-the-web.md
2006	01		"Continue reading ""The Long Snout"""	http://radar.oreilly.com/archives/2006/01/the_long_snout.html		yes	tim	by/2006--radar-legacy-the-long-snout.md
2006	01		Three Bags of Flour	http://radar.oreilly.com/archives/2006/01/three_bags_of_flour.html		yes	tim	by/2006--radar-legacy-three-bags-of-flour.md
2006	01		"Continue reading ""Top 30 Networks Accessing Make: Digital Edition"""	http://radar.oreilly.com/archives/2006/01/top_30_networks_accessing_make.html		yes	tim	by/2006--radar-legacy-top-30-networks-accessing-make-digital-edition.md
2006	01		VoIP handset on sale in UK supermarkets	http://radar.oreilly.com/archives/2006/01/voip_handset_on_sale_in_uk_sup.html		yes	tim	by/2006--radar-legacy-voip-handset-on-sale-in-uk-supermarkets.md
2006	01		Web 2.0 Innovation Map	http://radar.oreilly.com/archives/2006/01/web_20_innovation_map.html		yes	tim	by/2006--radar-legacy-web-2-0-innovation-map.md
2006	01		Webjay Acquired by Yahoo!	http://radar.oreilly.com/archives/2006/01/webjay_acquired_by_yahoo.html		yes	tim	by/2006--radar-legacy-webjay-acquired-by-yahoo.md
2006	01		"Continue reading ""Wireless Networking in the Developing World"""	http://radar.oreilly.com/archives/2006/01/wireless_networking_in_the_dev.html		yes	tim	by/2006--radar-legacy-wireless-networking-in-the-developing-world.md
2006	02		"Continue reading ""Brands as standing waves"""	http://radar.oreilly.com/archives/2006/02/brands_as_standing_waves.html		yes	tim	by/2006--radar-legacy-brands-as-standing-waves.md
2006	02		DIY Genetics (Biowar for Dummies)	http://radar.oreilly.com/archives/2006/02/diy_genetics_biowar_for_dummie_1.html		yes	tim	by/2006--radar-legacy-diy-genetics-biowar-for-dummies.md
2006	02		DRM:  Dogs and Cats	http://radar.oreilly.com/archives/2006/02/drm_dogs_and_cats.html		yes	tim	by/2006--radar-legacy-drm-dogs-and-cats.md
2006	02		"Continue reading ""Freedom to Connect"""	http://radar.oreilly.com/archives/2006/02/freedom_to_connect_1.html		yes	tim	by/2006--radar-legacy-freedom-to-connect.md
2006	02		"Continue reading ""From Blogs to Riches"""	http://radar.oreilly.com/archives/2006/02/from_blogs_to_riches.html		yes	tim	by/2006--radar-legacy-from-blogs-to-riches.md
2006	02		Google Maps Extension for GeoRSS	http://radar.oreilly.com/archives/2006/02/google_maps_extension_for_geor.html		other-author	nat	
2006	02		"Continue reading ""Hidden order in the Balinese ""religion of water"""""	http://radar.oreilly.com/archives/2006/02/hidden_order_in_the_balinese_r.html		yes	tim	by/2006--radar-legacy-hidden-order-in-the-balinese-religion-of-water.md
2006	02		"Continue reading ""Information Interfaces:  Boundary vs. Core"""	http://radar.oreilly.com/archives/2006/02/information_interfaces_boundar.html		yes	tim	by/2006--radar-legacy-information-interfaces-boundary-vs-core.md
2006	02		"Microsoft and ""current web style"""	http://radar.oreilly.com/archives/2006/02/microsoft_and_current_web_styl.html		yes	tim	by/2006--radar-legacy-microsoft-and-current-web-style.md
2006	02		Open Source Business Process Management	http://radar.oreilly.com/archives/2006/02/open_source_business_process_m.html		yes	tim	by/2006--radar-legacy-open-source-business-process-management.md
2006	02		Streaming vs. File Sharing	http://radar.oreilly.com/archives/2006/02/streaming_vs_file_sharing.html		yes	tim	by/2006--radar-legacy-streaming-vs-file-sharing.md
2006	02		"Continue reading ""What's Up with NetBeans?"""	http://radar.oreilly.com/archives/2006/02/whats_up_with_netbeans.html		yes	tim	by/2006--radar-legacy-what-s-up-with-netbeans.md
2006	02		WSJ Admits DRM a Problem	http://radar.oreilly.com/archives/2006/02/wsj_admits_drm_a_problem.html		yes	tim	by/2006--radar-legacy-wsj-admits-drm-a-problem.md
2006	04		"""infobot"" that participated in the Perl IRC channel"	http://radar.oreilly.com/archives/2006/04/the_perl_infobot.html		other-author	nat	
2006	05		the mashup king of the photo world	http://radar.oreilly.com/archives/2006/05/a_glance_at_programmableweb.html		other-author	brady	
2006	05		Long Tail Results from Google Book Search and Safari	http://radar.oreilly.com/archives/2006/05/long-tail-evidence-from-safari.html		yes	tim	by/2006--radar-legacy-long-tail-evidence-from-safari-and-google-book-search.md
2006	05		my commencement address at SIMS	http://radar.oreilly.com/archives/2006/05/my-commencement-speech-at-sims.html		yes	tim	by/2006--radar-legacy-my-commencement-speech-at-sims.md
2006	05		Superoyster is in alpha	http://radar.oreilly.com/archives/2006/05/superoyster_is_in_alpha.html		other-author	brady	
2006	06		And These Guys Are Writing Our Laws?	http://radar.oreilly.com/archives/2006/06/and_these_guys_are_writing_our.html		yes	tim	by/2006--radar-legacy-and-these-guys-are-writing-our-laws.md
2006	06		Are Virtual U2 Concerts Better Than The Real Thing?	http://radar.oreilly.com/archives/2006/06/are_virtual_u2_concerts_better.html		yes	tim	by/2006--radar-legacy-are-virtual-u2-concerts-better-than-the-real-thing.md
2006	06		A Week in Chicago with Rails, Perl and Django	http://radar.oreilly.com/archives/2006/06/a_week_in_chicago_with_rails_p.html		other-author	nat	
2006	06		Blogging as a Corporate Director	http://radar.oreilly.com/archives/2006/06/blogging_as_a_corporate_direct.html		yes	tim	by/2006--radar-legacy-blogging-as-a-corporate-director.md
2006	06		FJAX:  Ajax with Flash	http://radar.oreilly.com/archives/2006/06/fjax_ajax_with_flash.html		yes	tim	by/2006--radar-legacy-fjax-ajax-with-flash.md
2006	06		"Continue reading ""Generative Creation"""	http://radar.oreilly.com/archives/2006/06/generative_creation_1.html		yes	tim	by/2006--radar-legacy-generative-creation.md
2006	06		How American Are Startups?	http://radar.oreilly.com/archives/2006/06/how_american_are_startups_1.html		yes	tim	by/2006--radar-legacy-how-american-are-startups.md
2006	06		More Favorites from Where 2.0	http://radar.oreilly.com/archives/2006/06/more_favorites_from_where_20.html		yes	tim	by/2006--radar-legacy-more-favorites-from-where-2-0.md
2006	06		"Continue reading ""Net Neutrality:  Rules vs. Principles"""	http://radar.oreilly.com/archives/2006/06/net_neutrality_rules_vs_princi.html		yes	tim	by/2006--radar-legacy-net-neutrality-rules-vs-principles.md
2006	06		"Continue reading ""New version of Safari Books Online"""	http://radar.oreilly.com/archives/2006/06/new_version_of_safari_books_on.html		yes	tim	by/2006--radar-legacy-new-version-of-safari-books-online.md
2006	06		Nice Interview with Eric Schmidt	http://radar.oreilly.com/archives/2006/06/nice_interview_with_eric_schmi.html		yes	tim	by/2006--radar-legacy-nice-interview-with-eric-schmidt.md
2006	06		Remix:  Bush's Sunday Bloody Sunday	http://radar.oreilly.com/archives/2006/06/remix_bushs_sunday_bloody_sund.html		yes	tim	by/2006--radar-legacy-remix-bush-s-sunday-bloody-sunday.md
2006	06		"Continue reading ""Spam Filtering Statistics from oreilly.com"""	http://radar.oreilly.com/archives/2006/06/spam_filtering_statistics_from.html		yes	tim	by/2006--radar-legacy-spam-filtering-statistics-from-oreilly-com.md
2006	06		"Continue reading ""The Newbie's Guide to Detecting the NSA"""	http://radar.oreilly.com/archives/2006/06/the_newbies_guide_to_detecting.html		yes	tim	by/2006--radar-legacy-the-newbie-s-guide-to-detecting-the-nsa.md
2006	06		The Summer of Love Redux	http://radar.oreilly.com/archives/2006/06/the_summer_of_love_redux.html		yes	tim	by/2006--radar-legacy-the-summer-of-love-redux.md
2006	06		Tufte's New Book	http://radar.oreilly.com/archives/2006/06/tuftes_new_book.html		yes	tim	by/2006--radar-legacy-tufte-s-new-book.md
2006	06		"Continue reading ""Canaries in the Mac OS X and Red Hat Coal Mines?"""	http://radar.oreilly.com/archives/2006/06/ubuntu_linux_a_threat_to_mac_o.html		yes	tim	by/2006--radar-legacy-canaries-in-the-mac-os-x-and-red-hat-coal-mines.md
2006	06		Where 2.0 Gives the World Meaning	http://radar.oreilly.com/archives/2006/06/where_20_gives_the_world_meani.html		yes	tim	by/2006--radar-legacy-where-2-0-gives-the-world-meaning.md
2006	06		Yahoo! Support for Microformats	http://radar.oreilly.com/archives/2006/06/yahoo_support_for_microformats.html		yes	tim	by/2006--radar-legacy-yahoo-support-for-microformats.md
2006	07		"Continue reading ""Another CAPTCHA -- But I failed (partly)"""	http://radar.oreilly.com/archives/2006/07/another_captcha_but_i_failed_p.html		yes	tim	by/2006--radar-legacy-another-captcha-but-i-failed-partly.md
2006	07		Comments: 2	http://radar.oreilly.com/archives/2006/07/availabot.html		yes	tim	by/2006--radar-legacy-availabot.md
2006	07		Best Idea for a CAPTCHA ever	http://radar.oreilly.com/archives/2006/07/best_idea_for_a_captcha_ever.html		yes	tim	by/2006--radar-legacy-best-idea-for-a-captcha-ever.md
2006	07		Blogging Report on CBS Sunday Morning	http://radar.oreilly.com/archives/2006/07/blogging_report_on_cbs_sunday.html		yes	tim	by/2006--radar-legacy-blogging-report-on-cbs-sunday-morning.md
2006	07		Bestseller Study:  Long Tail = Shorter Head	http://radar.oreilly.com/archives/2006/07/book_buzz_notes.html		yes	tim	by/2006--radar-legacy-bestseller-study-long-tail-shorter-head.md
2006	07		Border Fight Focuses on Water	http://radar.oreilly.com/archives/2006/07/border_fight_focuses_on_water.html		yes	tim	by/2006--radar-legacy-border-fight-focuses-on-water.md
2006	07		CAMBIA BiOS Initiative Concert and Keynote at OSCON	http://radar.oreilly.com/archives/2006/07/cambia_bios_initiative_concert.html		yes	tim	by/2006--radar-legacy-cambia-bios-initiative-concert-and-keynote-at-oscon.md
2006	07		in the future, being a developer on someone's platform will mean being hosted on their infrastructure	http://radar.oreilly.com/archives/2006/07/cloudy_with_a_chance_of_server_1.html		yes	tim	by/2006--radar-legacy-operations-the-new-secret-sauce.md
2006	07		Concentric Circles of Web 2.0 Heaven	http://radar.oreilly.com/archives/2006/07/concentric_circles_of_web_20_h.html		yes	tim	by/2006--radar-legacy-concentric-circles-of-web-2-0-heaven.md
2006	07		Building Scalable Websites	http://radar.oreilly.com/archives/2006/07/creating_scalable_websites_1.html		duplicate	tim	
2006	07		DRM, DMCA and Competitive Lock-In	http://radar.oreilly.com/archives/2006/07/drm_dmca_and_competitive_locki.html		yes	Tim O'Reilly	by/2006--radar-legacy-drm-dmca-and-competitive-lock-in.md
2006	07		Comments: 1	http://radar.oreilly.com/archives/2006/07/flickrcamp.html		yes	tim	by/2006--radar-legacy-flickrcamp.md
2006	07		Four Big Ideas About Open Source	http://radar.oreilly.com/archives/2006/07/four_big_ideas_about_open_sour.html		yes	tim	by/2006--radar-legacy-four-big-ideas-about-open-source.md
2006	07		Good source for quotes	http://radar.oreilly.com/archives/2006/07/good_source_for_quotes.html		yes	tim	by/2006--radar-legacy-good-source-for-quotes.md
2006	07		"Continue reading ""Lazyweb:  My GMail Wishlist"""	http://radar.oreilly.com/archives/2006/07/lazyweb_my_gmail_wishlist.html		yes	tim	by/2006--radar-legacy-lazyweb-my-gmail-wishlist.md
2006	07		"Continue reading ""Levels of the Game:  The Hierarchy of Web 2.0 Applications"""	http://radar.oreilly.com/archives/2006/07/levels_of_the_game.html		duplicate	tim	
2006	07		don't fight the internet	http://radar.oreilly.com/archives/2006/07/levels-of-the-game-the-hierarc.html		yes	tim	by/2006--radar-legacy-levels-of-the-game-the-hierarchy-of-web-2-0-applications.md
2006	07		Looking for an acre of grain	http://radar.oreilly.com/archives/2006/07/looking_for_an_acre_of_grain.html		yes	Tim O'Reilly	by/2006--radar-legacy-looking-for-an-acre-of-grain.md
2006	07		NSF Grant for Wearable Computing	http://radar.oreilly.com/archives/2006/07/nsf_grant_for_wearable_computi.html		yes	tim	by/2006--radar-legacy-nsf-grant-for-wearable-computing.md
2006	07		"Continue reading ""Only Connect"""	http://radar.oreilly.com/archives/2006/07/only_connect.html		yes	tim	by/2006--radar-legacy-only-connect.md
2006	07		"Continue reading ""Open Communities vs. Open Source"""	http://radar.oreilly.com/archives/2006/07/open_communities_vs_open_sourc_1.html		yes	tim	by/2006--radar-legacy-open-communities-vs-open-source.md
2006	07		Operations: The New Secret Sauce	http://radar.oreilly.com/2006/07/operations-the-new-secret-sauc.html		duplicate	tim	
2006	07		previous entry  about the Radar Open Source briefing session	http://radar.oreilly.com/archives/2006/07/oreilly_radar_executive_briefi.html		yes	tim	by/2006--radar-legacy-o-reilly-radar-executive-briefing-session-at-oscon.md
2006	07		"Continue reading ""Tidbits from the O'Reilly Radar Executive Briefing at OSCON"""	http://radar.oreilly.com/archives/2006/07/oreilly_radar_executive_briefi_1.html		yes	tim	by/2006--radar-legacy-tidbits-from-the-o-reilly-radar-executive-briefing-at-oscon.md
2006	07		"Continue reading ""Photosynth:  Map Photos into Virtual Spaces"""	http://radar.oreilly.com/archives/2006/07/photosynth_map_photos_into_vir.html		yes	tim	by/2006--radar-legacy-photosynth-map-photos-into-virtual-spaces.md
2006	07		"Continue reading ""Randomness and Success"""	http://radar.oreilly.com/archives/2006/07/randomness_and_success.html		yes	tim	by/2006--radar-legacy-randomness-and-success.md
2006	07		Report a Content Violation	http://radar.oreilly.com/archives/2006/07/report_a_content_violation.html		yes	tim	by/2006--radar-legacy-report-a-content-violation.md
2006	07		Rice University Relaunches University Press -- Online Only	http://radar.oreilly.com/archives/2006/07/rice_university_relaunches_uni.html		yes	tim	by/2006--radar-legacy-rice-university-relaunches-university-press-online-only.md
2006	07		"Continue reading ""Ruby Book Sales Pass Perl"""	http://radar.oreilly.com/archives/2006/07/ruby_book_sales_pass_perl.html		yes	tim	by/2006--radar-legacy-ruby-book-sales-pass-perl.md
2006	07		"Continue reading ""State of the Computer Book Market, Q206, Part 1: Overall Market Trend"""	http://radar.oreilly.com/archives/2006/07/state_of_the_computer_book_mar_1.html		yes	tim	by/2006--radar-legacy-state-of-the-computer-book-market-q206-part-1-overall-market-trend.md
2006	07		"Continue reading ""State of the Computer Book Market, Q206, Part 2:  Category Winners and Losers"""	http://radar.oreilly.com/archives/2006/07/state_of_the_computer_book_mar_4.html		yes	tim	by/2006--radar-legacy-state-of-the-computer-book-market-q206-part-2-category-winners-and-los.md
2006	07		"Continue reading ""State of the Computer Book Market, Q206, Part 3:  How Publishers Fared"""	http://radar.oreilly.com/archives/2006/07/state_of_the_computer_book_mar_5.html		yes	tim	by/2006--radar-legacy-state-of-the-computer-book-market-q206-part-3-how-publishers-fared.md
2006	07		The Arithmetic of Life	http://radar.oreilly.com/archives/2006/07/the_arithmetic_of_life.html		yes	tim	by/2006--radar-legacy-the-arithmetic-of-life.md
2006	07		"Continue reading ""The Long Game Against Terror"""	http://radar.oreilly.com/archives/2006/07/the_long_game_against_terror.html		yes	tim	by/2006--radar-legacy-the-long-game-against-terror.md
2006	07		The New Hallucinogens	http://radar.oreilly.com/archives/2006/07/the_new_hallucinogens.html		yes	tim	by/2006--radar-legacy-the-new-hallucinogens.md
2006	07		The Rise of Open Infrastructure	http://radar.oreilly.com/archives/2006/07/the_rise_of_open_infrastructur.html		yes	tim	by/2006--radar-legacy-the-rise-of-open-infrastructure.md
2006	07		Transgendered Professor Stirs Debate Over Women in Science	http://radar.oreilly.com/archives/2006/07/transgendered_professor_stirs.html		yes	tim	by/2006--radar-legacy-transgendered-professor-stirs-debate-over-women-in-science.md
2006	07		Treemap on Rails	http://radar.oreilly.com/archives/2006/07/treemap_on_rails.html		yes	tim	by/2006--radar-legacy-treemap-on-rails.md
2006	07		"Continue reading ""Two Books on Creativity"""	http://radar.oreilly.com/archives/2006/07/two_books_on_creativity.html		yes	tim	by/2006--radar-legacy-two-books-on-creativity.md
2006	07		UK to Test Swipe Card to Ration Carbon Use?	http://radar.oreilly.com/archives/2006/07/uk_to_test_swipe_card_to_ratio.html		yes	Tim O'Reilly	by/2006--radar-legacy-uk-to-test-swipe-card-to-ration-carbon-use.md
2006	07		Want to get good at videogames? Hire a kid	http://radar.oreilly.com/archives/2006/07/want_to_get_good_at_videogames.html		yes	tim	by/2006--radar-legacy-want-to-get-good-at-videogames-hire-a-kid.md
2006	07		What Happens to Open Source When the Money Comes	http://radar.oreilly.com/archives/2006/07/what_happens_to_open_source_wh.html		yes	Tim O'Reilly	by/2006--radar-legacy-what-happens-to-open-source-when-the-money-comes.md
2006	07		When Amateurs Roamed the Earth	http://radar.oreilly.com/archives/2006/07/when_amateurs_roamed_the_earth.html		yes	tim	by/2006--radar-legacy-when-amateurs-roamed-the-earth.md
2006	08		Aerial Photography Considered Harmful	http://radar.oreilly.com/archives/2006/08/aerial_photography_considered.html		yes	Tim O'Reilly	by/2006--radar-legacy-aerial-photography-considered-harmful.md
2006	08		The birth of Chumby	http://radar.oreilly.com/archives/2006/08/announcing_the_birth_of_chumby.html		yes	tim	by/2006--radar-legacy-the-birth-of-chumby.md
2006	08		energy monitoring technology that Adam wrote about	http://radar.oreilly.com/archives/2006/08/applying_technology_to_energy.html		other-author	Adam Messinger	
2006	08		"Continue reading ""Blackboard E-Learning Patent"""	http://radar.oreilly.com/archives/2006/08/blackboard_elearning_patent.html		yes	tim	by/2006--radar-legacy-blackboard-e-learning-patent.md
2006	08		TrackBacks: 0	http://radar.oreilly.com/archives/2006/08/bullshitr.html		yes	Tim O'Reilly	by/2006--radar-legacy-bullshitr.md
2006	08		Coming Soon:  The Personal Blimp	http://radar.oreilly.com/archives/2006/08/coming_soon_the_personal_blimp.html		yes	tim	by/2006--radar-legacy-coming-soon-the-personal-blimp.md
2006	08		Court Finds Sewing Patterns are Data, Not Code	http://radar.oreilly.com/archives/2006/08/court_finds_sewing_patterns_ar.html		yes	Tim O'Reilly	by/2006--radar-legacy-court-finds-sewing-patterns-are-data-not-code.md
2006	08		David Brower:  Monumental	http://radar.oreilly.com/archives/2006/08/david_brower_monumental.html		yes	tim	by/2006--radar-legacy-david-brower-monumental.md
2006	08		DJ Shadow Variations	http://radar.oreilly.com/archives/2006/08/dj_shadow_variations_1.html		yes	Tim O'Reilly	by/2006--radar-legacy-dj-shadow-variations.md
2006	08		First Ubuntu Billboard Spotted	http://radar.oreilly.com/archives/2006/08/first_ubuntu_billboard_spotted.html		yes	tim	by/2006--radar-legacy-first-ubuntu-billboard-spotted.md
2006	08		Fun with Google Trends	http://radar.oreilly.com/archives/2006/08/flickr_and_interestingness.html		yes	tim	by/2006--radar-legacy-fun-with-google-trends.md
2006	08		your fascination with Interestingness	http://radar.oreilly.com/archives/2006/08/flickr_and_interestingness_1.html		yes	tim	by/2006--radar-legacy-flickr-and-interestingness.md
2006	08		TrackBacks: 0	http://radar.oreilly.com/archives/2006/08/flickrstorm.html		yes	tim	by/2006--radar-legacy-flickr-storm.md
2006	08		Google Earth and Emergency Aid	http://radar.oreilly.com/archives/2006/08/google_earth_and_emergency_aid.html		yes	Tim O'Reilly	by/2006--radar-legacy-google-earth-and-emergency-aid.md
2006	08		Home Solar as User Generated Content	http://radar.oreilly.com/archives/2006/08/home_solar_as_user_generated_c.html		yes	Tim O'Reilly	by/2006--radar-legacy-home-solar-as-user-generated-content.md
2006	08		recent post	http://radar.oreilly.com/archives/2006/08/house_of_commons_echo_test.html		other-author	Nikolaj Nyholm	
2006	08		"Continue reading ""Job Trends:  Web 2.0, AJAX and Ruby"""	http://radar.oreilly.com/archives/2006/08/job_trends_web_20_ajax_and_rub.html		yes	tim	by/2006--radar-legacy-job-trends-web-2-0-ajax-and-ruby.md
2006	08		"Continue reading ""Live Motion 3D Video Camera"""	http://radar.oreilly.com/archives/2006/08/live_motion_3d_video_camera.html		yes	tim	by/2006--radar-legacy-live-motion-3d-video-camera.md
2006	08		"Continue reading ""Open Source:  Architecture or Goodwill?"""	http://radar.oreilly.com/archives/2006/08/open_source_architecture_or_go.html		yes	tim	by/2006--radar-legacy-open-source-architecture-or-goodwill.md
2006	08		Web 2.0 provides some fundamental challenges to free software	http://radar.oreilly.com/archives/2006/08/open_source_licenses_are_obsol.html		yes	tim	by/2006--radar-legacy-open-source-licenses-are-obsolete.md
2006	08		O'Reilly Labs:  Code Search and Content Stats	http://radar.oreilly.com/archives/2006/08/oreilly_code_search.html		yes	tim	by/2006--radar-legacy-o-reilly-labs-code-search-and-content-stats.md
2006	08		Overheard from a scientist	http://radar.oreilly.com/archives/2006/08/overheard_from_a_scientist.html		yes	tim	by/2006--radar-legacy-overheard-from-a-scientist.md
2006	08		Paul Yanover new head of Disney Online	http://radar.oreilly.com/archives/2006/08/paul_yanover_new_head_of_disne.html		yes	Tim O'Reilly	by/2006--radar-legacy-paul-yanover-new-head-of-disney-online.md
2006	08		Piracy is Progressive Taxation	http://radar.oreilly.com/archives/2006/08/piracy_is_progressive_taxation.html		yes	tim	by/2006--radar-legacy-piracy-is-progressive-taxation.md
2006	08		Programming Language Trends	http://radar.oreilly.com/archives/2006/08/programming_language_trends_1.html		yes	tim	by/2006--radar-legacy-programming-language-trends.md
2006	08		"Continue reading ""Web 2.0:  Real Time Platforms"""	http://radar.oreilly.com/archives/2006/08/real_time_platforms.html		yes	tim	by/2006--radar-legacy-web-2-0-real-time-platforms.md
2006	08		application dialtone	http://radar.oreilly.com/archives/2006/08/round_2_dial_tone.html		yes	Tim O'Reilly	by/2006--radar-legacy-round-2-dial-tone.md
2006	08		Round 2:  The Internet As Network of Networks	http://radar.oreilly.com/archives/2006/08/round_2_the_internet_as_networ.html		yes	tim	by/2006--radar-legacy-round-2-the-internet-as-network-of-networks.md
2006	08		Sewing Patterns over iTunes	http://radar.oreilly.com/archives/2006/08/sewing_patterns_over_itunes.html		yes	Tim O'Reilly	by/2006--radar-legacy-sewing-patterns-over-itunes.md
2006	08		Skyrider:  Commercializing P2P	http://radar.oreilly.com/archives/2006/08/skyrider_commercializing_p2p.html		yes	tim	by/2006--radar-legacy-skyrider-commercializing-p2p.md
2006	08		Smugmug's version of Interestingness	http://radar.oreilly.com/archives/2006/08/smugmugs_version_of_interestin.html		yes	Tim O'Reilly	by/2006--radar-legacy-smugmug-s-version-of-interestingness.md
2006	08		Suburban Mom Embraces the Surveillance Society	http://radar.oreilly.com/archives/2006/08/suburban_mom_embraces_the_surv.html		yes	tim	by/2006--radar-legacy-suburban-mom-embraces-the-surveillance-society.md
2006	08		There's Money In Thirst	http://radar.oreilly.com/archives/2006/08/theres_money_in_thirst.html		yes	tim	by/2006--radar-legacy-there-s-money-in-thirst.md
2006	08		The System is Smarter than the Raters	http://radar.oreilly.com/archives/2006/08/the_system_is_smarter_than_the.html		yes	tim	by/2006--radar-legacy-the-system-is-smarter-than-the-raters.md
2006	08		The Three Faces of Steve	http://radar.oreilly.com/archives/2006/08/the_three_faces_of_steve.html		yes	Tim O'Reilly	by/2006--radar-legacy-the-three-faces-of-steve.md
2006	08		Traffic Congestion Tax Experiment in Stockholm	http://radar.oreilly.com/archives/2006/08/traffic_congestion_tax_experim.html		yes	Tim O'Reilly	by/2006--radar-legacy-traffic-congestion-tax-experiment-in-stockholm.md
2006	08		"Continue reading ""UC in Discussions to Join Google Library Project"""	http://radar.oreilly.com/archives/2006/08/uc_in_discussions_to_join_goog.html		yes	tim	by/2006--radar-legacy-uc-in-discussions-to-join-google-library-project.md
2006	08		Web 2.0 Expo and technical conference	http://radar.oreilly.com/archives/2006/08/web_20_expo.html		yes	tim	by/2006--radar-legacy-web-2-0-expo-and-technical-conference.md
2006	08		Web 2.0 Launchpad	http://radar.oreilly.com/archives/2006/08/web_20_launchpad_advisory_boar.html		yes	Tim O'Reilly	by/2006--radar-legacy-web-2-0-launchpad.md
2006	08		Web 2.0 Trademark Redux	http://radar.oreilly.com/archives/2006/08/web_20_trademark_redux.html		yes	tim	by/2006--radar-legacy-web-2-0-trademark-redux.md
2006	08		TrackBacks: 0	http://radar.oreilly.com/archives/2006/08/whocalledus.html		yes	tim	by/2006--radar-legacy-whocalled-us.md
2006	08		Why Seth Godin's Web 2.0 Watch List Misses the Point	http://radar.oreilly.com/archives/2006/08/why_seth_godins_web_20_watch_l.html		yes	Tim O'Reilly	by/2006--radar-legacy-why-seth-godin-s-web-2-0-watch-list-misses-the-point.md
2006	08		Workware Instead of Shareware?	http://radar.oreilly.com/archives/2006/08/workware_instead_of_shareware.html		yes	tim	by/2006--radar-legacy-workware-instead-of-shareware.md
2006	08		Yearly Database Self-Examination	http://radar.oreilly.com/archives/2006/08/yearly_database_selfexaminatio.html		yes	Tim O'Reilly	by/2006--radar-legacy-yearly-database-self-examination.md
2006	09		Act your way into a new way of thinking	http://radar.oreilly.com/archives/2006/09/act_your_way_into_a_new_way_of.html		yes	Tim O'Reilly	by/2006--radar-legacy-act-your-way-into-a-new-way-of-thinking.md
2006	09		"Continue reading ""Open Data:  Small Pieces Loosely Joined"""	http://radar.oreilly.com/archives/2006/09/a_platform_beats_an_applicatio.html		yes	Tim O'Reilly	by/2006--radar-legacy-open-data-small-pieces-loosely-joined.md
2006	09		Burning Man Travel Tip	http://radar.oreilly.com/archives/2006/09/burning_man_travel_tip.html		yes	Tim O'Reilly	by/2006--radar-legacy-burning-man-travel-tip.md
2006	09		"Continue reading ""China:  Giant Contradictions"""	http://radar.oreilly.com/archives/2006/09/china_giant_contradictions.html		yes	Tim O'Reilly	by/2006--radar-legacy-china-giant-contradictions.md
2006	09		EuroOscon Keynoters	http://radar.oreilly.com/archives/2006/09/eurooscon_keynoters.html		other-author	Nat Torkington	
2006	09		GeoPress Adds Maps to WordPress	http://radar.oreilly.com/archives/2006/09/geopress_adds_maps_to_wordpres.html		other-author	Brady Forrest	
2006	09		Google Image Labeler:  Bionic Software Strikes Again	http://radar.oreilly.com/archives/2006/09/google_image_labeler_bionic_so.html		yes	tim	by/2006--radar-legacy-google-image-labeler-bionic-software-strikes-again.md
2006	09		how the ability to keep in contact with folks at home changes the face of soldiering	http://radar.oreilly.com/archives/2006/09/laptops_at_war.html		other-author	Marc Hedlund	
2006	09		"Continue reading ""Google Image Labeler, the ESP Game, and Human-Computer Symbiosis"""	http://radar.oreilly.com/archives/2006/09/more_on_google_image_labeler.html		yes	Tim O'Reilly	by/2006--radar-legacy-google-image-labeler-the-esp-game-and-human-computer-symbiosis.md
2006	09		More on Laptops at War	http://radar.oreilly.com/archives/2006/09/more_on_laptops_at_war.html		yes	Tim O'Reilly	by/2006--radar-legacy-more-on-laptops-at-war.md
2006	09		"Continue reading ""Quality of Book Digitization"""	http://radar.oreilly.com/archives/2006/09/quality_of_book_digitization.html		yes	Tim O'Reilly	by/2006--radar-legacy-quality-of-book-digitization.md
2006	09		Standardized Hardware for eBook Readers	http://radar.oreilly.com/archives/2006/09/standardized_hardware_for_eboo.html		yes	Tim O'Reilly	by/2006--radar-legacy-standardized-hardware-for-ebook-readers.md
2006	09		The Breathing Earth	http://radar.oreilly.com/archives/2006/09/the_breathing_earth.html		yes	Tim O'Reilly	by/2006--radar-legacy-the-breathing-earth.md
2006	09		The Medium Changes the Preferred Format	http://radar.oreilly.com/archives/2006/09/the_medium_changes_the_preferr.html		yes	Tim O'Reilly	by/2006--radar-legacy-the-medium-changes-the-preferred-format.md
2006	09		Why .Mac Webmail is Important	http://radar.oreilly.com/archives/2006/09/why_mac_webmail_is_important.html		yes	Tim O'Reilly	by/2006--radar-legacy-why-mac-webmail-is-important.md
2006	10		Cultivating Server Farms	http://radar.oreilly.com/archives/2006/10/cultivating_ser.html		yes	Tim O'Reilly	by/2006--radar-legacy-cultivating-server-farms.md
2006	10		Fortune Mag Bullish on Technology	http://radar.oreilly.com/archives/2006/10/fortune_mag_bul.html		yes	Tim O'Reilly	by/2006--radar-legacy-fortune-mag-bullish-on-technology.md
2006	10		Getting the Market to Tell the Truth	http://radar.oreilly.com/archives/2006/10/getting_the_mar.html		yes	Tim O'Reilly	by/2006--radar-legacy-getting-the-market-to-tell-the-truth.md
2006	10		Web 2.0 appears to be reaching a bubble level of hype	http://radar.oreilly.com/archives/2006/10/it_is_happening.html		other-author	Marc Hedlund	
2006	10		Make:  3D PDF of Spud Gun Project	http://radar.oreilly.com/archives/2006/10/make_3d_pdf_of_1.html		yes	Tim O'Reilly	by/2006--radar-legacy-make-3d-pdf-of-spud-gun-project.md
2006	10		O'Reilly Labs Code Quiz	http://radar.oreilly.com/archives/2006/10/oreilly_labs_co.html		yes	Tim O'Reilly	by/2006--radar-legacy-o-reilly-labs-code-quiz.md
2006	10		"Continue reading ""Real Sharing vs. Fake Sharing"""	http://radar.oreilly.com/archives/2006/10/real_sharing_vs.html		yes	Tim O'Reilly	by/2006--radar-legacy-real-sharing-vs-fake-sharing.md
2006	10		Search Startups Are Dead, Long Live Search Startups	http://radar.oreilly.com/archives/2006/10/search_startups.html		yes	Tim O'Reilly	by/2006--radar-legacy-search-startups-are-dead-long-live-search-startups.md
2006	10		"Continue reading ""State of the Computer Book Market, Q306, Part 1, Overall Market Trend"""	http://radar.oreilly.com/archives/2006/10/state_of_the_co.html		yes	tim	by/2006--radar-legacy-state-of-the-computer-book-market-q306-part-1-overall-market-trend.md
2006	10		The Legacy of the Whole Earth Catalog	http://radar.oreilly.com/archives/2006/10/the_legacy_of_t.html		yes	Tim O'Reilly	by/2006--radar-legacy-the-legacy-of-the-whole-earth-catalog.md
2006	10		The Persistence of (Bad) Online Data	http://radar.oreilly.com/archives/2006/10/the_persistence_of_bad_data.html		yes	Tim O'Reilly	by/2006--radar-legacy-the-persistence-of-bad-online-data.md
2006	10		Tracking Hasan Elahi	http://radar.oreilly.com/archives/2006/10/tracking_hasan.html		yes	Tim O'Reilly	by/2006--radar-legacy-tracking-hasan-elahi.md
2006	10		Warning Signs from the Future	http://radar.oreilly.com/archives/2006/10/warning_signs_f.html		yes	Tim O'Reilly	by/2006--radar-legacy-warning-signs-from-the-future.md
2006	10		"Continue reading ""Time Zoom:  Welcome to the Anthropocene"""	http://radar.oreilly.com/archives/2006/10/welcome_to_the_1.html		yes	Tim O'Reilly	by/2006--radar-legacy-time-zoom-welcome-to-the-anthropocene.md
2006	10		Why Has Microsoft Abandoned the Power User?	http://radar.oreilly.com/archives/2006/10/why_has_microso.html		yes	Tim O'Reilly	by/2006--radar-legacy-why-has-microsoft-abandoned-the-power-user.md
2006	10		Wikipedia and Genomics Visualization:  Separated At Birth?	http://radar.oreilly.com/archives/2006/10/wikipedia_and_genomics_visuali.html		yes	Tim O'Reilly	by/2006--radar-legacy-wikipedia-and-genomics-visualization-separated-at-birth.md
2006	11		Correction:  Just Having Fun	http://radar.oreilly.com/archives/2006/11/correction_just.html		yes	tim	by/2006--radar-legacy-correction-just-having-fun.md
2006	11		harnessing the collective intelligence	http://radar.oreilly.com/archives/2006/11/harnessing-coll.html		yes	Tim O'Reilly	by/2006--radar-legacy-harnessing-collective-intelligence.md
2006	11		Insight into Future Business Models	http://radar.oreilly.com/archives/2006/11/insight_into_fu.html		yes	Tim O'Reilly	by/2006--radar-legacy-insight-into-future-business-models.md
2006	11		Open Source Gift Guide	http://radar.oreilly.com/archives/2006/11/open_source_gif_1.html		yes	Tim O'Reilly	by/2006--radar-legacy-open-source-gift-guide.md
2006	11		Open Source, Web 2.0, and the Flat World	http://radar.oreilly.com/archives/2006/11/open_source_web.html		yes	Tim O'Reilly	by/2006--radar-legacy-open-source-web-2-0-and-the-flat-world.md
2006	11		Second Life at Seminars on Long Term Thinking	http://radar.oreilly.com/archives/2006/11/second_life_at.html		yes	Tim O'Reilly	by/2006--radar-legacy-second-life-at-seminars-on-long-term-thinking.md
2006	11		SEO: Black vs. White	http://radar.oreilly.com/2006/11/seo-black-vs-white.html		other-author	brady	
2006	11		"Continue reading ""State of the Computer Book Market, Q306, Part 2"""	http://radar.oreilly.com/archives/2006/11/state_of_the_co_1.html		yes	Tim O'Reilly	by/2006--radar-legacy-state-of-the-computer-book-market-q306-part-2.md
2006	11		"Continue reading ""Ten Things I Want From My Phone"""	http://radar.oreilly.com/archives/2006/11/ten_things_i_wa.html		yes	Tim O'Reilly	by/2006--radar-legacy-ten-things-i-want-from-my-phone.md
2006	11		The Paperless Hacker	http://radar.oreilly.com/archives/2006/11/the_future_of_p.html		yes	Tim O'Reilly	by/2006--radar-legacy-the-paperless-hacker.md
2006	11		The Significance of Threadless.com	http://radar.oreilly.com/archives/2006/11/the_significanc.html		yes	Tim O'Reilly	by/2006--radar-legacy-the-significance-of-threadless-com.md
2006	11		Thoughts on the State of Search	http://radar.oreilly.com/archives/2006/11/thoughts_on_the_1.html		yes	Tim O'Reilly	by/2006--radar-legacy-thoughts-on-the-state-of-search.md
2006	11		Timeline:  Ajax Widget for Visualizing Time-based Data	http://radar.oreilly.com/archives/2006/11/timeline_ajax_w.html		yes	Tim O'Reilly	by/2006--radar-legacy-timeline-ajax-widget-for-visualizing-time-based-data.md
2006	11		Traffic Jam Hack	http://radar.oreilly.com/archives/2006/11/traffic_jam_hac.html		yes	tim	by/2006--radar-legacy-traffic-jam-hack.md
2006	11		Tuning Audio/Video Content from the Net	http://radar.oreilly.com/archives/2006/11/tuning_audiovid.html		yes	Tim O'Reilly	by/2006--radar-legacy-tuning-audio-video-content-from-the-net.md
2006	11		Two Great Followups on Business Models Post	http://radar.oreilly.com/archives/2006/11/two_great_follo.html		yes	Tim O'Reilly	by/2006--radar-legacy-two-great-followups-on-business-models-post.md
2006	11		Web 2.0 Principles and Best Practices	http://radar.oreilly.com/archives/2006/11/web_20_principl_1.html		yes	Tim O'Reilly	by/2006--radar-legacy-web-20-principles-and-best-practices-post.md
2006	11		one of my previous posts about Web 2.0	http://radar.oreilly.com/archives/2006/11/web_30_maybe_wh.html		yes	Tim O'Reilly	by/2006--radar-legacy-web-3-0-maybe-when-we-get-there.md
2006	11		What VCs Learned from Odeo and YouTube	http://radar.oreilly.com/archives/2006/11/what_vcs_learne.html		yes	Tim O'Reilly	by/2006--radar-legacy-what-vcs-learned-from-odeo-and-youtube.md
2006	11		Why Web 2.0 is More Than a Buzzword	http://radar.oreilly.com/archives/2006/11/why_web_20_is_m.html		yes	Tim O'Reilly	by/2006--radar-legacy-why-web-2-0-is-more-than-a-buzzword.md
2006	11		Words as Pointers, and the Meaning of Web 2.0	http://radar.oreilly.com/archives/2006/11/words_as_pointe_1.html		yes	Tim O'Reilly	by/2006--radar-legacy-words-as-pointers-and-the-meaning-of-web-2-0.md
2006	11		Worldmapper Visualizations	http://radar.oreilly.com/archives/2006/11/worldmapper_vis.html		yes	tim	by/2006--radar-legacy-worldmapper-visualizations.md
2006	12		that will include books on publishers' sites	http://radar.oreilly.com/archives/2006/12/book_search_sho.html		yes	Tim O'Reilly	by/2006--radar-legacy-book-search-should-work-like-web-search.md
2006	12		Google Deprecates Their SOAP Search API	http://radar.oreilly.com/archives/2006/12/google_depreciates_SOAP_API.html		other-author	Brady Forrest	
2006	12		I got blogtagged too	http://radar.oreilly.com/archives/2006/12/i_got_blogtagge.html		yes	Tim O'Reilly	by/2006--radar-legacy-i-got-blogtagged-too.md
2006	12		"Continue reading ""Interview with Der Spiegel"""	http://radar.oreilly.com/archives/2006/12/interview_with.html		yes	Tim O'Reilly	by/2006--radar-legacy-interview-with-der-spiegel.md
2006	12		Radar post	http://radar.oreilly.com/archives/2006/12/mobzombies_run_from_zombies_anywhere.html		other-author	Brady Forrest	
2006	12		Pre-Roll Prediction	http://radar.oreilly.com/archives/2006/12/preroll_predict.html		yes	Tim O'Reilly	by/2006--radar-legacy-pre-roll-prediction.md
2006	12		"Continue reading ""Second Life, IBM, and the Cell Processor"""	http://radar.oreilly.com/archives/2006/12/second_life_ibm.html		yes	Tim O'Reilly	by/2006--radar-legacy-second-life-ibm-and-the-cell-processor.md
2006	12		The Economics of Disaggregation	http://radar.oreilly.com/archives/2006/12/the_economics_o.html		yes	Tim O'Reilly	by/2006--radar-legacy-the-economics-of-disaggregation.md
2006	12		why we launched this conference	http://radar.oreilly.com/archives/2006/12/tools_of_change.html		yes	Tim O'Reilly	by/2006--radar-legacy-tools-of-change-conference.md
2006	12		Web 2.0 systems that get better the more people use them	http://radar.oreilly.com/archives/2006/12/web_20_compact.html		duplicate	Tim O'Reilly	
2006	12		the design of systems that get better the more people use them	http://radar.oreilly.com/archives/2006/12/web-20-compact-definition-tryi.html		duplicate	tim	
2006	12		Which One Was More Virtual?	http://radar.oreilly.com/archives/2006/12/which_one_was_m.html		yes	Tim O'Reilly	by/2006--radar-legacy-which-one-was-more-virtual.md
2007	01		Adrian Holovaty in American Journalism Review	http://radar.oreilly.com/archives/2007/01/adrian_holovaty.html		yes	Tim O'Reilly	by/2007--radar-legacy-adrian-holovaty-in-american-journalism-review.md
2007	01		Asterisk an under-appreciated Open Source Success Story	http://radar.oreilly.com/archives/2007/01/asterisk_an_und.html		yes	Tim O'Reilly	by/2007--radar-legacy-asterisk-an-under-appreciated-open-source-success-story.md
2007	01		Back channel O'Reilly editors chatter on iphone	http://radar.oreilly.com/archives/2007/01/back_channel_or.html		yes	Tim O'Reilly	by/2007--radar-legacy-back-channel-o-reilly-editors-chatter-on-iphone.md
2007	01		Celebrity CIO evaluates alternatives to Windows	http://radar.oreilly.com/archives/2007/01/celebrity_cio_e.html		yes	Tim O'Reilly	by/2007--radar-legacy-celebrity-cio-evaluates-alternatives-to-windows.md
2007	01		Cisco's iPhone Trademark Shaky?	http://radar.oreilly.com/archives/2007/01/ciscos_iphone_t.html		yes	Tim O'Reilly	by/2007--radar-legacy-cisco-s-iphone-trademark-shaky.md
2007	01		Community-generated Documentation Survey	http://radar.oreilly.com/archives/2007/01/communitygenera.html		yes	tim	by/2007--radar-legacy-community-generated-documentation-survey.md
2007	01		DARPA LoCo - Location Anticipation	http://radar.oreilly.com/archives/2007/01/darpa_loco_loca.html		yes	tim	by/2007--radar-legacy-darpa-loco-location-anticipation.md
2007	01		DeveloperWorks Podcast Interviews with Me	http://radar.oreilly.com/archives/2007/01/developerworks.html		yes	Tim O'Reilly	by/2007--radar-legacy-developerworks-podcast-interviews-with-me.md
2007	01		Energy Innovation In the News	http://radar.oreilly.com/archives/2007/01/energy_innovati.html		yes	Tim O'Reilly	by/2007--radar-legacy-energy-innovation-in-the-news.md
2007	01		IBM Wants Many Eyes on Visualization	http://radar.oreilly.com/archives/2007/01/ibm_wants_many.html		yes	Tim O'Reilly	by/2007--radar-legacy-ibm-wants-many-eyes-on-visualization.md
2007	01		If Google Were a Restaurant	http://radar.oreilly.com/archives/2007/01/if_google_were.html		duplicate	Tim O'Reilly	
2007	01		If Google Were a Restaurant	http://radar.oreilly.com/2007/01/if-google-were-a-restaurant.html		yes	tim	by/2007--radar-legacy-if-google-were-a-restaurant.md
2007	01		Lovely Post by Kottke on iPhone	http://radar.oreilly.com/archives/2007/01/lovely_post_by.html		yes	Tim O'Reilly	by/2007--radar-legacy-lovely-post-by-kottke-on-iphone.md
2007	01		Oldies but Goodies:  The Network Really Is the Computer	http://radar.oreilly.com/archives/2007/01/oldies_but_good.html		yes	Tim O'Reilly	by/2007--radar-legacy-oldies-but-goodies-the-network-really-is-the-computer.md
2007	01		Open Source and William James	http://radar.oreilly.com/archives/2007/01/open_source_and.html		yes	Tim O'Reilly	by/2007--radar-legacy-open-source-and-william-james.md
2007	01		oreillygmt.eu blog launches	http://radar.oreilly.com/archives/2007/01/oreillygmteu_bl.html		yes	Tim O'Reilly	by/2007--radar-legacy-oreillygmt-eu-blog-launches.md
2007	01		Patent Reform Project Looking for RoR Help	http://radar.oreilly.com/archives/2007/01/patent_reform_p.html		yes	tim	by/2007--radar-legacy-patent-reform-project-looking-for-ror-help.md
2007	01		The Rise of One Person Businesses	http://radar.oreilly.com/archives/2007/01/post_4.html		yes	Tim O'Reilly	by/2007--radar-legacy-the-rise-of-one-person-businesses.md
2007	01		Presidential Primary 2.0?	http://radar.oreilly.com/archives/2007/01/presidential_pr.html		yes	Tim O'Reilly	by/2007--radar-legacy-presidential-primary-2-0.md
2007	01		Programming 2.0	http://radar.oreilly.com/archives/2007/01/programming_20.html		yes	Tim O'Reilly	by/2007--radar-legacy-programming-2-0.md
2007	01		"Remember the old ""Two Cultures"" Debate?"	http://radar.oreilly.com/archives/2007/01/remember_the_ol.html		yes	Tim O'Reilly	by/2007--radar-legacy-remember-the-old-two-cultures-debate.md
2007	01		Sonos + Rhapsody better than iPod + iTunes?	http://radar.oreilly.com/archives/2007/01/sonos_rhapsody.html		yes	Tim O'Reilly	by/2007--radar-legacy-sonos-rhapsody-better-than-ipod-itunes.md
2007	01		"Continue reading ""State of the Computer Book Market, Q4 06, Part 1, Overall Market Trend"""	http://radar.oreilly.com/archives/2007/01/state_of_the_co_2.html		yes	Tim O'Reilly	by/2007--radar-legacy-state-of-the-computer-book-market-q4-06-part-1-overall-market-trend.md
2007	01		"Continue reading ""State of the Computer Book Market, Q406, Part 2:  Category Winners and Losers"""	http://radar.oreilly.com/archives/2007/01/state_of_the_co_3.html		yes	Tim O'Reilly	by/2007--radar-legacy-state-of-the-computer-book-market-q406-part-2-category-winners-and-los.md
2007	01		"Tag Cloud of ""What is Web 2.0?"""	http://radar.oreilly.com/archives/2007/01/tag_cloud_of_wh.html		yes	Tim O'Reilly	by/2007--radar-legacy-tag-cloud-of-what-is-web-2-0.md
2007	01		Ten Government Hacks	http://radar.oreilly.com/archives/2007/01/ten_government.html		yes	Tim O'Reilly	by/2007--radar-legacy-ten-government-hacks.md
2007	01		The Connection Between Short, Modular and Open	http://radar.oreilly.com/archives/2007/01/the_connection.html		yes	Tim O'Reilly	by/2007--radar-legacy-the-connection-between-short-modular-and-open.md
2007	01		The Economics of SaaS Companies	http://radar.oreilly.com/archives/2007/01/the_economics_o_1.html		yes	tim	by/2007--radar-legacy-the-economics-of-saas-companies.md
2007	01		The iPhone As An eBook Reader	http://radar.oreilly.com/archives/2007/01/the_iphone_as_a.html		yes	Tim O'Reilly	by/2007--radar-legacy-the-iphone-as-an-ebook-reader.md
2007	01		Threads Considered Harmful	http://radar.oreilly.com/archives/2007/01/threads_conside.html		other-author	Nat Torkington	
2007	01		Web 2.0 Most Cited Wikipedia Entry of the Year	http://radar.oreilly.com/archives/2007/01/web_20_most_cit.html		yes	Tim O'Reilly	by/2007--radar-legacy-web-2-0-most-cited-wikipedia-entry-of-the-year.md
2007	01		wefeelfine.org -- Addictive Visualization of Collective Sentiment	http://radar.oreilly.com/archives/2007/01/wefeelfineorg_a.html		yes	tim	by/2007--radar-legacy-wefeelfine-org-addictive-visualization-of-collective-sentiment.md
2007	01		What Actually is Wikipedia's Conflict of Interest Policy	http://radar.oreilly.com/archives/2007/01/what_actually_i.html		yes	Tim O'Reilly	by/2007--radar-legacy-what-actually-is-wikipedia-s-conflict-of-interest-policy.md
2007	02		Big/Global or Small/Local?	http://radar.oreilly.com/archives/2007/02/bigglobal_or_sm.html		yes	Tim O'Reilly	by/2007--radar-legacy-big-global-or-small-local.md
2007	02		Chicago Tribune Notices Make:	http://radar.oreilly.com/archives/2007/02/chicago_tribune.html		yes	Tim O'Reilly	by/2007--radar-legacy-chicago-tribune-notices-make.md
2007	02		Data is the Intel Inside: One More Small Sign	http://radar.oreilly.com/archives/2007/02/data_is_the_int.html		yes	Tim O'Reilly	by/2007--radar-legacy-data-is-the-intel-inside-one-more-small-sign.md
2007	02		"Is ""Open Source"" Now Completely Meaningless?"	http://radar.oreilly.com/archives/2007/02/is_open_source_1.html		other-author	Nat Torkington	
2007	02		Is Tim O'Reilly Out of His Mind?	http://radar.oreilly.com/archives/2007/02/is_tim_oreilly.html		yes	Tim O'Reilly	by/2007--radar-legacy-is-tim-o-reilly-out-of-his-mind.md
2007	02		"Continue reading ""Pipes and Filters for the Internet"""	http://radar.oreilly.com/archives/2007/02/pipes_and_filte.html		yes	Tim O'Reilly	by/2007--radar-legacy-pipes-and-filters-for-the-internet.md
2007	02		Social Network Fatigue and the Web 2.0 Address Book	http://radar.oreilly.com/archives/2007/02/social_network_1.html		duplicate	Tim O'Reilly	
2007	02		have failed to build social networking features into their products	http://radar.oreilly.com/2007/02/social-network-fatigue-and-the.html		yes	tim	by/2007--radar-legacy-social-network-fatigue-and-the-missing-web-2-0-address-book.md
2007	02		Superbowl Sunday Reading Link List	http://radar.oreilly.com/archives/2007/02/superbowl_sunda.html		yes	Tim O'Reilly	by/2007--radar-legacy-superbowl-sunday-reading-link-list.md
2007	02		The Coming Internet Traffic Jam	http://radar.oreilly.com/archives/2007/02/the_coming_inte.html		yes	Tim O'Reilly	by/2007--radar-legacy-the-coming-internet-traffic-jam.md
2007	02		The First Real Web-Based Word Processor	http://radar.oreilly.com/archives/2007/02/the_first_real.html		yes	Tim O'Reilly	by/2007--radar-legacy-the-first-real-web-based-word-processor.md
2007	02		What We Really Sell to Our Customers is Control	http://radar.oreilly.com/archives/2007/02/what_we_really.html		yes	Tim O'Reilly	by/2007--radar-legacy-what-we-really-sell-to-our-customers-is-control.md
2007	02		Yahoo! Pipes: Some Tips	http://radar.oreilly.com/archives/2007/02/yahoo_pipes_som_1.html		other-author	Brady Forrest	
2007	03		A Dream of Peace	http://radar.oreilly.com/archives/2007/03/a_dream_of_peac.html		yes	tim	by/2007--radar-legacy-a-dream-of-peace.md
2007	03		Asking the Right Question	http://radar.oreilly.com/archives/2007/03/asking_the_righ.html		yes	tim	by/2007--radar-legacy-asking-the-right-question.md
2007	03		Call for a Blogger's Code of Conduct	http://radar.oreilly.com/archives/2007/03/call_for_a_blog_1.html		yes	tim	by/2007--radar-legacy-call-for-a-blogger-s-code-of-conduct.md
2007	03		Changing Attitudes Towards Privacy	http://radar.oreilly.com/archives/2007/03/changing_attitu.html		yes	tim	by/2007--radar-legacy-changing-attitudes-towards-privacy.md
2007	03		renewing interest in languages like Erlang and Haskell	http://radar.oreilly.com/archives/2007/03/concurrent_prog_1.html		yes	tim	by/2007--radar-legacy-concurrent-programming-erlang-haskell-and-xslt.md
2007	03		Data Center Construction for Competitive Advantage	http://radar.oreilly.com/archives/2007/03/data_center_con.html		yes	tim	by/2007--radar-legacy-data-center-construction-for-competitive-advantage.md
2007	03		Congressional hearings	http://radar.oreilly.com/archives/2007/03/dear_speaker_ca.html		yes	tim	by/2007--radar-legacy-dear-speaker-carl-malamud-at-it-again.md
2007	03		Different Approaches to the Semantic Web	http://radar.oreilly.com/archives/2007/03/different_appro_1.html		yes	tim	by/2007--radar-legacy-different-approaches-to-the-semantic-web.md
2007	03		Don't Miss Nat's Last Post	http://radar.oreilly.com/archives/2007/03/dont_miss_nats.html		yes	tim	by/2007--radar-legacy-don-t-miss-nat-s-last-post.md
2007	03		Focus of the Next ETech	http://radar.oreilly.com/archives/2007/03/focus_of_the_ne_1.html		yes	tim	by/2007--radar-legacy-focus-of-the-next-etech.md
2007	03		From Subprime Loans to Failing Newspapers	http://radar.oreilly.com/archives/2007/03/from_subprime_l.html		yes	tim	by/2007--radar-legacy-from-subprime-loans-to-failing-newspapers.md
2007	03		Greg Linden on Google's Deep Web Strategy	http://radar.oreilly.com/archives/2007/03/greg_linden_on.html		yes	tim	by/2007--radar-legacy-greg-linden-on-google-s-deep-web-strategy.md
2007	03		How Google Books is Changing Academic History	http://radar.oreilly.com/archives/2007/03/how_google_book.html		yes	tim	by/2007--radar-legacy-how-google-books-is-changing-academic-history.md
2007	03		MAKE on the Colbert Report tonight!	http://radar.oreilly.com/archives/2007/03/make_on_the_col.html		yes	tim	by/2007--radar-legacy-make-on-the-colbert-report-tonight.md
2007	03		Negative Reactions to Microsoft attack on Google at the AAP	http://radar.oreilly.com/archives/2007/03/negative_reacti_1.html		yes	tim	by/2007--radar-legacy-negative-reactions-to-microsoft-attack-on-google-at-the-aap.md
2007	03		O'Reilly Radar Executive Briefing	http://radar.oreilly.com/archives/2007/03/oreilly_radar_e_1.html		yes	tim	by/2007--radar-legacy-o-reilly-radar-executive-briefing-at-etech.md
2007	03		Programming Language Wars, Part One	http://radar.oreilly.com/archives/2007/03/programming_lan.html		yes	tim	by/2007--radar-legacy-programming-language-wars-part-one.md
2007	03		Secrets of Mental Math	http://radar.oreilly.com/archives/2007/03/secrets_of_ment.html		yes	tim	by/2007--radar-legacy-secrets-of-mental-math.md
2007	03		Seven Dirty Words Redux	http://radar.oreilly.com/archives/2007/03/seven_dirty_wor_1.html		yes	tim	by/2007--radar-legacy-seven-dirty-words-redux.md
2007	03		troubles at the Chronicle	http://radar.oreilly.com/archives/2007/03/sf_chronicle_in.html		yes	tim	by/2007--radar-legacy-sf-chronicle-in-trouble.md
2007	03		'sfearthquakes' on Twitter	http://radar.oreilly.com/archives/2007/03/sfearthquakes_o.html		other-author	marc	
2007	03		SMS Servers Replacing PCs in India	http://radar.oreilly.com/archives/2007/03/sms_servers_bei.html		other-author	brady	
2007	03		the piece I just did on subprime loans	http://radar.oreilly.com/archives/2007/03/subprime_loans.html		yes	tim	by/2007--radar-legacy-subprime-loans-glossary.md
2007	03		The Disappointment of John von Neumann's Unopened Box	http://radar.oreilly.com/archives/2007/03/the_disappointm.html		yes	tim	by/2007--radar-legacy-the-disappointment-of-john-von-neumann-s-unopened-box.md
2007	03		The Economics of Online Advertising	http://radar.oreilly.com/archives/2007/03/the_economics_o_3.html		yes	tim	by/2007--radar-legacy-the-economics-of-online-advertising.md
2007	03		"The ""other"" way to look at source code"	http://radar.oreilly.com/archives/2007/03/the_other_way_t_1.html		yes	tim	by/2007--radar-legacy-the-other-way-to-look-at-source-code.md
2007	03		long-ago complaint that the phone address book cries out to be a connected application	http://radar.oreilly.com/archives/2007/03/the-web-20-addr-1.html		yes	tim	by/2007--radar-legacy-the-web-2-0-address-book-may-have-arrived.md
2007	03		Tidbits from the X Prize Charity Event at Google	http://radar.oreilly.com/archives/2007/03/tidbits_from_th_1.html		yes	tim	by/2007--radar-legacy-tidbits-from-the-x-prize-charity-event-at-google.md
2007	03		Tools of Change for Publishing	http://radar.oreilly.com/archives/2007/03/tools_of_change_2.html		yes	tim	by/2007--radar-legacy-tools-of-change-for-publishing.md
2007	03		Twittering your Home	http://radar.oreilly.com/archives/2007/03/twittering_your.html		yes	tim	by/2007--radar-legacy-twittering-your-home.md
2007	03		Unitus Looking for Bay Area Fundraising Director	http://radar.oreilly.com/archives/2007/03/unitus_looking_1.html		yes	tim	by/2007--radar-legacy-unitus-looking-for-bay-area-fundraising-director.md
2007	03		VoIP encryption in a surveillance society	http://radar.oreilly.com/archives/2007/03/voip_encryption_1.html		yes	tim	by/2007--radar-legacy-voip-encryption-in-a-surveillance-society.md
2007	03		Web performance book could use examples of slowwwwww Ajax	http://radar.oreilly.com/archives/2007/03/web_performance.html		yes	tim	by/2007--radar-legacy-web-performance-book-could-use-examples-of-slowwwwww-ajax.md
2007	04		Amazon Sues Alexaholic...Everyone Loses	http://radar.oreilly.com/archives/2007/04/amazon_sues_ale.html		yes	tim	by/2007--radar-legacy-amazon-sues-alexaholic-everyone-loses.md
2007	04		Better Gmail	http://radar.oreilly.com/archives/2007/04/better_gmail_1.html		yes	tim	by/2007--radar-legacy-better-gmail.md
2007	04		Collab.Net Acquires Enterprise Business from SourceForge	http://radar.oreilly.com/archives/2007/04/collabnet_acqui.html		yes	tim	by/2007--radar-legacy-collab-net-acquires-enterprise-business-from-sourceforge.md
2007	04		Google and Privacy	http://radar.oreilly.com/archives/2007/04/google_and_priv.html		yes	tim	by/2007--radar-legacy-google-and-privacy.md
2007	04		GPLv3, Apache License Compatibility	http://radar.oreilly.com/archives/2007/04/gplv3_apache_li.html		other-author	allison	
2007	04		GPLv3, Committee A Meeting	http://radar.oreilly.com/archives/2007/04/gplv3_committee.html		other-author	allison	
2007	04		Hitwise Acquired by Experian	http://radar.oreilly.com/archives/2007/04/hitwise_acquire.html		yes	tim	by/2007--radar-legacy-hitwise-acquired-by-experian.md
2007	04		Mark Radcliffe on GPLv3	http://radar.oreilly.com/archives/2007/04/mark_radcliffe.html		other-author	allison	
2007	04		New Content Preview Features on oreilly.com	http://radar.oreilly.com/archives/2007/04/new_content_pre_1.html		yes	tim	by/2007--radar-legacy-new-content-preview-features-on-oreilly-com.md
2007	04		"""remove the web developer and the web gets developed"""	http://radar.oreilly.com/archives/2007/04/remove_the_web.html		yes	tim	by/2007--radar-legacy-remove-the-web-developer-and-the-web-gets-developed.md
2007	04		The Internationalization of Web 2.0	http://radar.oreilly.com/archives/2007/04/the_internation_1.html		yes	tim	by/2007--radar-legacy-the-internationalization-of-web-2-0.md
2007	04		We'd Love To Hear Your S3 Stories...And Numbers	http://radar.oreilly.com/archives/2007/04/wed_love_to_hea.html		yes	tim	by/2007--radar-legacy-we-d-love-to-hear-your-s3-stories-and-numbers.md
2007	04		Whoop It Up	http://radar.oreilly.com/archives/2007/04/whoop_it_up.html		other-author	dale	
2007	04		machine translation	http://radar.oreilly.com/archives/2007/04/why-google-is-o.html		yes	tim	by/2007--radar-legacy-why-google-is-offering-411-service.md
2007	04		noted this first with speech recognition	http://radar.oreilly.com/2007/04/why-google-is-offering-411-ser.html		duplicate	tim	
2007	04		Women in Computer Science	http://radar.oreilly.com/archives/2007/04/women_in_comput.html		yes	tim	by/2007--radar-legacy-women-in-computer-science.md
2007	05		Burning Man Earth	http://radar.oreilly.com/archives/2007/05/burning_man_ear.html		other-author	brady	
2007	05		Early Registration for TOC Closes Tomorrow	http://radar.oreilly.com/archives/2007/05/early_registration_for_toc_closes_tomorrow.html		other-author	sarahm	
2007	05		lift/scala for web apps	http://radar.oreilly.com/archives/2007/05/liftscala_for_w.html		yes	tim	by/2007--radar-legacy-lift-scala-for-web-apps.md
2007	05		Listen to O'Reilly Radar	http://radar.oreilly.com/archives/2007/05/listen_to_oreil.html		yes	tim	by/2007--radar-legacy-listen-to-o-reilly-radar.md
2007	05		Medieval Tech Support	http://radar.oreilly.com/archives/2007/05/medieval_tech_s.html		yes	tim	by/2007--radar-legacy-medieval-tech-support.md
2007	05		Micropayments After All:  S3, iTunes, Adsense and more	http://radar.oreilly.com/archives/2007/05/micropayments_a.html		yes	tim	by/2007--radar-legacy-micropayments-after-all-s3-itunes-adsense-and-more.md
2007	05		an issue of the Release 2.0 newsletter	http://radar.oreilly.com/archives/2007/05/release_202_web.html		other-author	jimmy	
2007	05		State of the Computer Book Market, Q107, part 1 - Overall Market	http://radar.oreilly.com/archives/2007/05/state_of_the_co_6.html		other-author	mikeh	
2007	05		Sun Supports OpenID: Steps Towards Enterprise?	http://radar.oreilly.com/archives/2007/05/sun_supports_op.html		other-author	brady	
2007	05		Verdien: Smart Power Management for Your Machine	http://radar.oreilly.com/archives/2007/05/verdien_smart_p.html		other-author	brady	
2007	05		Verdien: Smart Power Management for Your Machine	http://radar.oreilly.com/2007/05/verdien-smart-power-management.html		other-author	brady	
2007	05		Web 2.0 and Education	http://radar.oreilly.com/archives/2007/05/web_20_and_educ_1.html		yes	tim	by/2007--radar-legacy-web-2-0-and-education.md
2007	05		feel so strongly	http://radar.oreilly.com/archives/2007/05/web_20_microsof_1.html		yes	tim	by/2007--radar-legacy-web-2-0-microsoft-and-the-costs-at-scale.md
2007	05		lookup into your cell carrier's call history database	http://radar.oreilly.com/archives/2007/05/what_would_goog.html		duplicate	tim	
2007	05		What Would Google Do?	http://radar.oreilly.com/archives/2007/05/what-would-google-do.html		yes	tim	by/2007--radar-legacy-what-would-google-do.md
2007	06		Advertising Business Model for Free Downloadable Books?	http://radar.oreilly.com/archives/2007/06/advertising_bus.html		yes	tim	by/2007--radar-legacy-advertising-business-model-for-free-downloadable-books.md
2007	06		Amazon Web Services and the lack of a SLA	http://radar.oreilly.com/archives/2007/06/amazon_ec2_and.html		other-author	artur	
2007	06		Ant Simulation in Second Life	http://radar.oreilly.com/archives/2007/06/ant_simulation.html		other-author	brady	
2007	06		Are You Blogging This?  A Web 2.0 Song.	http://radar.oreilly.com/archives/2007/06/are_you_bloggin_1.html		yes	tim	by/2007--radar-legacy-are-you-blogging-this-a-web-2-0-song.md
2007	06		bLink:  Completing the Connection Between Analog and Digital	http://radar.oreilly.com/archives/2007/06/blink_completin.html		yes	tim	by/2007--radar-legacy-blink-completing-the-connection-between-analog-and-digital.md
2007	06		Buy O'Reilly Books by the Chapter	http://radar.oreilly.com/archives/2007/06/buy_oreilly_boo.html		yes	tim	by/2007--radar-legacy-buy-o-reilly-books-by-the-chapter.md
2007	06		Collective Intelligence in Word 2007 Spell Checker	http://radar.oreilly.com/archives/2007/06/collective_inte.html		yes	tim	by/2007--radar-legacy-collective-intelligence-in-word-2007-spell-checker.md
2007	06		Entrepreneurial Program for Research on Mobiles	http://radar.oreilly.com/archives/2007/06/entrepreneurial.html		yes	tim	by/2007--radar-legacy-entrepreneurial-program-for-research-on-mobiles.md
2007	06		Foo Camp Takeaways	http://radar.oreilly.com/archives/2007/06/foo_camp_takeaw.html		yes	tim	by/2007--radar-legacy-foo-camp-takeaways.md
2007	06		Global Speaker Pages for O'Reilly Conferences	http://radar.oreilly.com/archives/2007/06/global_speaker.html		yes	tim	by/2007--radar-legacy-global-speaker-pages-for-o-reilly-conferences.md
2007	06		I wish I could be in two places at once	http://radar.oreilly.com/archives/2007/06/i_wish_i_could.html		yes	tim	by/2007--radar-legacy-i-wish-i-could-be-in-two-places-at-once.md
2007	06		Let's Meet-up in Europe	http://radar.oreilly.com/archives/2007/06/lets_meetup_in.html		other-author	brady	
2007	06		Localizing Print on Demand	http://radar.oreilly.com/archives/2007/06/localizing_prin.html		other-author	peter	
2007	06		MySQL:  The Twelve Days of Scaleout	http://radar.oreilly.com/archives/2007/06/mysql_the_twelv.html		yes	tim	by/2007--radar-legacy-mysql-the-twelve-days-of-scaleout.md
2007	06		Nature Precedings:  Early Access to Scientific Results	http://radar.oreilly.com/archives/2007/06/nature_precedin.html		yes	tim	by/2007--radar-legacy-nature-precedings-early-access-to-scientific-results.md
2007	06		Notes from TOC on the future of print	http://radar.oreilly.com/archives/2007/06/notes_from_toc.html		other-author	andrew	
2007	06		OpenAds Funded by Index, Mangrove, First Round, OATV	http://radar.oreilly.com/archives/2007/06/openads_funded.html		yes	tim	by/2007--radar-legacy-openads-funded-by-index-mangrove-first-round-oatv.md
2007	06		Paul Kedrosky on Why Paris Hilton is Good News for the Web	http://radar.oreilly.com/archives/2007/06/paul_kedrosky_o_1.html		yes	tim	by/2007--radar-legacy-paul-kedrosky-on-why-paris-hilton-is-good-news-for-the-web.md
2007	06		Pixelodeon Film Festival in LA	http://radar.oreilly.com/archives/2007/06/pixelodeon_film.html		yes	tim	by/2007--radar-legacy-pixelodeon-film-festival-in-la.md
2007	06		Radar Executive Briefing on Open Source	http://radar.oreilly.com/archives/2007/06/radar_executive_1.html		yes	tim	by/2007--radar-legacy-radar-executive-briefing-on-open-source.md
2007	06		"Scott Berkun:  ""Asshole Driven Development"""	http://radar.oreilly.com/archives/2007/06/scott_berkun_as_1.html		yes	tim	by/2007--radar-legacy-scott-berkun-asshole-driven-development.md
2007	06		TOC Conference Next Week	http://radar.oreilly.com/archives/2007/06/toc_conference.html		yes	tim	by/2007--radar-legacy-toc-conference-next-week.md
2007	06		TOC Coverage	http://radar.oreilly.com/archives/2007/06/toc_coverage.html		other-author	keith	
2007	06		TripIt Looking for Beta Testers	http://radar.oreilly.com/archives/2007/06/tripit_looking.html		yes	tim	by/2007--radar-legacy-tripit-looking-for-beta-testers.md
2007	06		Web 2.0 at the European Parliament	http://radar.oreilly.com/archives/2007/06/web_20_at_the_e.html		yes	tim	by/2007--radar-legacy-web-2-0-at-the-european-parliament.md
2007	06		WiFi: Record Range Now 382 KM	http://radar.oreilly.com/archives/2007/06/wifi_record_ran.html		other-author	brady	
2007	07		Digital Journalism, Paper Packaging	http://radar.oreilly.com/archives/2007/07/digital_journal.html		other-author	peter	
2007	07		Eventstreaming and People Publishing	http://radar.oreilly.com/archives/2007/07/eventstreaming.html		other-author	peter	
2007	07		Real Time Rome: Using Cellphones To Model a City's Movements	http://radar.oreilly.com/archives/2007/07/real_time_rome.html		other-author	brady	
2007	07		Submit Your Talk For Ignite Seattle (8/8)	http://radar.oreilly.com/archives/2007/07/submit_your_tal.html		other-author	brady	
2007	07		Where2.0: Garmin Developer, Browser Plugin and Javascript API	http://radar.oreilly.com/archives/2007/07/where20_garmin.html		other-author	artur	
2007	07		Wii for Second Life	http://radar.oreilly.com/archives/2007/07/wii_for_second.html		other-author	brady	
2007	08		Books In Google Earth	http://radar.oreilly.com/archives/2007/08/books_in_google.html		other-author	brady	
2007	08		Carl Malamud Takes on WestLaw	http://radar.oreilly.com/archives/2007/08/carl_malamud_ta.html		yes	tim	by/2007--radar-legacy-carl-malamud-takes-on-westlaw.md
2007	08		GIS, Landsat, and Public Data	http://radar.oreilly.com/archives/2007/08/gis_landsat_and.html		other-author	peter	
2007	08		Mastering Information Through the Ages	http://radar.oreilly.com/archives/2007/08/mastering_infor.html		yes	tim	by/2007--radar-legacy-mastering-information-through-the-ages.md
2007	08		My Tongue-Lashing from Eben Moglen	http://radar.oreilly.com/archives/2007/08/my_tonguelashin.html		yes	tim	by/2007--radar-legacy-my-tongue-lashing-from-eben-moglen.md
2007	08		O'Reilly Launches Money:Tech Conference	http://radar.oreilly.com/archives/2007/08/oreilly_launche.html		yes	tim	by/2007--radar-legacy-o-reilly-launches-money-tech-conference.md
2007	08		Peak Google	http://radar.oreilly.com/archives/2007/08/peak_google.html		other-author	nat	
2007	08		Predicting the Next Decade of Enterprise Software	http://radar.oreilly.com/archives/2007/08/predicting_the.html		yes	tim	by/2007--radar-legacy-predicting-the-next-decade-of-enterprise-software.md
2007	08		Programming Collective Intelligence	http://radar.oreilly.com/archives/2007/08/programming_col.html		yes	tim	by/2007--radar-legacy-programming-collective-intelligence.md
2007	08		Revenge by Gadget	http://radar.oreilly.com/archives/2007/08/revenge_by_gadg.html		yes	tim	by/2007--radar-legacy-revenge-by-gadget.md
2007	08		Surprises on the Bookshelves of CEOs	http://radar.oreilly.com/archives/2007/08/surprises_on_th.html		yes	tim	by/2007--radar-legacy-surprises-on-the-bookshelves-of-ceos.md
2007	08		The Virtues of Print in a Web 2.0 World	http://radar.oreilly.com/archives/2007/08/the_virtues_of.html		yes	tim	by/2007--radar-legacy-the-virtues-of-print-in-a-web-2-0-world.md
2007	08		University Publishing with Comments	http://radar.oreilly.com/archives/2007/08/university_publ.html		other-author	peter	
2007	09		Adobe to Acquire Virtual Ubiquity	http://radar.oreilly.com/archives/2007/09/adobe_acquires_buzzword.html		yes	tim	by/2007--radar-legacy-adobe-to-acquire-virtual-ubiquity.md
2007	09		Adobe Share Promises to Make Any Document into an Embeddable Widget	http://radar.oreilly.com/archives/2007/09/adobe_share_document_widget.html		yes	tim	by/2007--radar-legacy-adobe-share-promises-to-make-any-document-into-an-embeddable-widget.md
2007	09		A National DataNet	http://radar.oreilly.com/archives/2007/09/a_national_data.html		other-author	peter	
2007	09		Carl Malamud Tackles the Copyright Office	http://radar.oreilly.com/archives/2007/09/carl_malamud_ta_1.html		duplicate	tim	
2007	09		harvested this in 2007	http://radar.oreilly.com/2007/09/carl-malamud-tackles-the-copyr.html		yes	tim	by/2007--radar-legacy-carl-malamud-tackles-the-copyright-office.md
2007	09		CK-12.org looking for Python Developers	http://radar.oreilly.com/archives/2007/09/ck12org_looking.html		yes	tim	by/2007--radar-legacy-ck-12-org-looking-for-python-developers.md
2007	09		different approaches the Semantic Web and Web 2.0 take to building intelligent applications	http://radar.oreilly.com/archives/2007/09/economist_confu.html		duplicate	tim	
2007	09		Pagerank is the canonical example	http://radar.oreilly.com/archives/2007/09/economist-confused-about-the-s.html		yes	tim	by/2007--radar-legacy-economist-confused-about-the-semantic-web.md
2007	09		EFF's Web 2.0 Compliance Bootcamp	http://radar.oreilly.com/archives/2007/09/effs_web_20_com_1.html		yes	tim	by/2007--radar-legacy-eff-s-web-2-0-compliance-bootcamp.md
2007	09		Followup on Semantic Web approach versus Web 2.0	http://radar.oreilly.com/archives/2007/09/followup_on_sem.html		yes	tim	by/2007--radar-legacy-followup-on-semantic-web-approach-versus-web-2-0.md
2007	09		Hedge Funds are Software Companies	http://radar.oreilly.com/archives/2007/09/hedge_funds_are.html		yes	tim	by/2007--radar-legacy-hedge-funds-are-software-companies.md
2007	09		If volunteer communities increasingly add value to business...	http://radar.oreilly.com/archives/2007/09/if_volunteer_co.html		other-author	andyo	
2007	09		I love my iPhone, but...bah, no Jaiku!	http://radar.oreilly.com/archives/2007/09/i_love_my_iphon.html		yes	tim	by/2007--radar-legacy-i-love-my-iphone-but-bah-no-jaiku.md
2007	09		Long Now:  The Arguments for Nuclear Power	http://radar.oreilly.com/archives/2007/09/long_now_the_ar.html		yes	tim	by/2007--radar-legacy-long-now-the-arguments-for-nuclear-power.md
2007	09		Open Minds Conference:  Open Source in K-12 Education	http://radar.oreilly.com/archives/2007/09/open_minds_conf_1.html		yes	tim	by/2007--radar-legacy-open-minds-conference-open-source-in-k-12-education.md
2007	09		Parrot and Multi-threading	http://radar.oreilly.com/archives/2007/09/parrot_and_mult.html		yes	tim	by/2007--radar-legacy-parrot-and-multi-threading.md
2007	09		Patents and Scientific Peer Review	http://radar.oreilly.com/archives/2007/09/patents_and_the.html		yes	tim	by/2007--radar-legacy-patents-and-scientific-peer-review.md
2007	09		Penn and Teller on the FCC	http://radar.oreilly.com/archives/2007/09/penn_and_teller.html		yes	tim	by/2007--radar-legacy-penn-and-teller-on-the-fcc.md
2007	09		Saul Griffith	http://radar.oreilly.com/archives/2007/09/radar-profile-saul-griffith-ma.html		yes	tim	by/2007--radar-legacy-radar-profile-saul-griffith-maker-extraordinaire.md
2007	09		Radar Profile: Saul Griffith, Maker Extraordinaire	http://radar.oreilly.com/archives/2007/09/saul_griffith_macarthur.html		duplicate	tim	
2007	09		Arnold Schwarzenegger and California as Nation State	http://radar.oreilly.com/archives/2007/09/schwarzenegger_usa_fractured_saffo.html		yes	tim	by/2007--radar-legacy-arnold-schwarzenegger-and-california-as-nation-state.md
2007	09		Social Networking Invitation Etiquette	http://radar.oreilly.com/archives/2007/09/social_networking_invitation_etiquette.html		yes	tim	by/2007--radar-legacy-social-networking-invitation-etiquette.md
2007	10		Compete.com Analyzes How Facebook Users Spend Their Time	http://radar.oreilly.com/archives/2007/10/competecom_anal.html		yes	tim	by/2007--radar-legacy-compete-com-analyzes-how-facebook-users-spend-their-time.md
2007	10		Web2Summit: Backstage with Rob Currie of Dash	http://radar.oreilly.com/archives/2007/10/dash_web2summit_openmoko.html		yes	tim	by/2007--radar-legacy-web2summit-backstage-with-rob-currie-of-dash.md
2007	10		David Pogue on the OLPC	http://radar.oreilly.com/archives/2007/10/david_pogue_olpc_xo.html		yes	tim	by/2007--radar-legacy-david-pogue-on-the-olpc.md
2007	10		Good News, Bad News about Facebook Application Market:  Long Tail Rules	http://radar.oreilly.com/archives/2007/10/facebook_long_tail_report.html		yes	tim	by/2007--radar-legacy-good-news-bad-news-about-facebook-application-market-long-tail-rules.md
2007	10		"Facebook has very much of a ""short head"" when it comes to applications"	http://radar.oreilly.com/archives/2007/10/good-news-bad-news-about-faceb.html		duplicate	tim	
2007	10		Why the iPhone Will Beat the Blackberry	http://radar.oreilly.com/archives/2007/10/iphone_blackberry_excel.html		yes	tim	by/2007--radar-legacy-why-the-iphone-will-beat-the-blackberry.md
2007	10		Maker Faire Austin in Full Swing	http://radar.oreilly.com/archives/2007/10/maker_faire_aus.html		yes	tim	by/2007--radar-legacy-maker-faire-austin-in-full-swing.md
2007	10		Web2Summit:  Radar Networks Unwinds twine.com	http://radar.oreilly.com/archives/2007/10/radar_networks_twine.html		yes	tim	by/2007--radar-legacy-web2summit-radar-networks-unwinds-twine-com.md
2007	10		Reading the Next Book	http://radar.oreilly.com/archives/2007/10/reading_the_nex.html		other-author	peter	
2007	10		SAP as a Web 2.0 Company?	http://radar.oreilly.com/archives/2007/10/sap_web_20.html		yes	tim	by/2007--radar-legacy-sap-as-a-web-2-0-company.md
2007	10		social network operating system	http://radar.oreilly.com/archives/2007/10/social_network_operating_system.html		yes	tim	by/2007--radar-legacy-the-social-network-operating-system.md
2007	10		Web 2.0 Expo Berlin Early Registration Ending	http://radar.oreilly.com/archives/2007/10/web_20_expo_ber_1.html		other-author	brady	
2007	10		Web2Summit: Backstage with Meg Whitman	http://radar.oreilly.com/archives/2007/10/web2summit_back.html		yes	tim	by/2007--radar-legacy-web2summit-backstage-with-meg-whitman.md
2007	10		Today's Web 3.0 Nonsense Blogstorm	http://radar.oreilly.com/archives/2007/10/web_30_semantic_web_web_20.html		yes	tim	by/2007--radar-legacy-today-s-web-3-0-nonsense-blogstorm.md
2007	10		the differentiating power of hardware design	http://radar.oreilly.com/archives/2007/10/why-the-iphone-will-beat-the-b.html		duplicate	tim	
2007	10		Yahoo's Revival Meeting	http://radar.oreilly.com/archives/2007/10/yahoos_mission.html		yes	tim	by/2007--radar-legacy-yahoo-s-revival-meeting.md
2007	11		Steven Levy on Amazon's Kindle	http://radar.oreilly.com/archives/2007/11/amazon_kindle_newsweek.html		yes	tim	by/2007--radar-legacy-steven-levy-on-amazon-s-kindle.md
2007	11		Best of the Blogs in Berlin	http://radar.oreilly.com/archives/2007/11/best_of_the_blogs.html		yes	tim	by/2007--radar-legacy-best-of-the-blogs-in-berlin.md
2007	11		Thankful I'm Not Bill O'Reilly	http://radar.oreilly.com/archives/2007/11/bill_oreilly_not_tim_oreilly.html		yes	tim	by/2007--radar-legacy-thankful-i-m-not-bill-o-reilly.md
2007	11		China Foo Camp:  On the Outside, Looking In	http://radar.oreilly.com/archives/2007/11/china_foo_camp.html		yes	tim	by/2007--radar-legacy-china-foo-camp-on-the-outside-looking-in.md
2007	11		The Other Side of China	http://radar.oreilly.com/archives/2007/11/china_other_side.html		yes	tim	by/2007--radar-legacy-the-other-side-of-china.md
2007	11		Condescending Customer Service	http://radar.oreilly.com/archives/2007/11/condescending_c.html		other-author	jimmy	
2007	11		Different Patterns of Electricity Usage in Italy	http://radar.oreilly.com/archives/2007/11/electricity_italy_us.html		yes	tim	by/2007--radar-legacy-different-patterns-of-electricity-usage-in-italy.md
2007	11		mild skepticism I expressed the other day	http://radar.oreilly.com/archives/2007/11/facebook_google_opensocial_mark_cuban.html		yes	tim	by/2007--radar-legacy-mark-cuban-facebook-and-opensocial.md
2007	11		Flickr Places Shows Chicken Around the World	http://radar.oreilly.com/archives/2007/11/flickr_places_s.html		other-author	brady	
2007	11		Fortune interview with Saul Griffith	http://radar.oreilly.com/archives/2007/11/fortune_saul_griffith.html		yes	tim	by/2007--radar-legacy-fortune-interview-with-saul-griffith.md
2007	11		"""Free is more complicated than you think"""	http://radar.oreilly.com/archives/2007/11/free_is_more_co.html		yes	tim	by/2007--radar-legacy-free-is-more-complicated-than-you-think.md
2007	11		More on Google's Energy Initiative	http://radar.oreilly.com/archives/2007/11/google_energy_strategy.html		yes	tim	by/2007--radar-legacy-more-on-google-s-energy-initiative.md
2007	11		Google's Energy Initiative	http://radar.oreilly.com/archives/2007/11/googles_energy_initiative.html		yes	tim	by/2007--radar-legacy-google-s-energy-initiative.md
2007	11		Bulk Access to Government Printing Office Data	http://radar.oreilly.com/archives/2007/11/gpo_bulk_access.html		yes	tim	by/2007--radar-legacy-bulk-access-to-government-printing-office-data.md
2007	11		In search of micro-elites: how to get user-generated content	http://radar.oreilly.com/archives/2007/11/in_search_of_mi.html		other-author	andyo	
2007	11		Microsoft, Google and Yahoo Acquisitions Compared	http://radar.oreilly.com/archives/2007/11/microsoft_google_yahoo_acquisitions.html		yes	tim	by/2007--radar-legacy-microsoft-google-and-yahoo-acquisitions-compared.md
2007	11		OpenSocial on Facebook (Sort-of)	http://radar.oreilly.com/archives/2007/11/opensocial_on_f.html		other-author	jimmy	
2007	11		OpenSocial:  It's the data, stupid	http://radar.oreilly.com/archives/2007/11/opensocial_social_mashups.html		yes	tim	by/2007--radar-legacy-opensocial-it-s-the-data-stupid.md
2007	11		O'Reilly launches Velocity Web Performance and Operations Conference	http://radar.oreilly.com/archives/2007/11/oreilly_launche_1.html		other-author	jesse	
2007	11		Awesome Move by Red Hat and Amazon	http://radar.oreilly.com/archives/2007/11/redhat_amazon_ec2.html		yes	tim	by/2007--radar-legacy-awesome-move-by-red-hat-and-amazon.md
2007	11		Rogers Chocolates, Ajax, and Customer Service	http://radar.oreilly.com/archives/2007/11/rogers_chocolates.html		yes	tim	by/2007--radar-legacy-rogers-chocolates-ajax-and-customer-service.md
2007	11		Shelfari and the New Social Contract	http://radar.oreilly.com/archives/2007/11/shelfari_and_th.html		other-author	andrew	
2007	11		It's not exponential, it's sigmoidal	http://radar.oreilly.com/archives/2007/11/sigmoidal_not_exponential.html		yes	tim	by/2007--radar-legacy-it-s-not-exponential-it-s-sigmoidal.md
2007	11		The Six Degrees Hypothesis Experienced	http://radar.oreilly.com/archives/2007/11/six_degrees_sicily.html		yes	tim	by/2007--radar-legacy-the-six-degrees-hypothesis-experienced.md
2007	11		Software Above the Level of a Single Device	http://radar.oreilly.com/archives/2007/11/software_above_single_device.html		yes	tim	by/2007--radar-legacy-software-above-the-level-of-a-single-device.md
2007	12		Advertising Homage to the DIY Spirit	http://radar.oreilly.com/archives/2007/12/advertising_hom.html		yes	tim	by/2007--radar-legacy-advertising-homage-to-the-diy-spirit.md
2007	12		A Passion for Reading	http://radar.oreilly.com/archives/2007/12/a_passion_for_r.html		other-author	dale	
2007	12		Bad Math Among eBook Enthusiasts	http://radar.oreilly.com/archives/2007/12/bad_math_ebooks_kindle.html		yes	tim	by/2007--radar-legacy-bad-math-among-ebook-enthusiasts.md
2007	12		Chumby in the Sydney Morning Herald	http://radar.oreilly.com/archives/2007/12/chumby_sydney_morning_herald.html		yes	tim	by/2007--radar-legacy-chumby-in-the-sydney-morning-herald.md
2007	12		When is a phone not a phone?	http://radar.oreilly.com/archives/2007/12/kindle_dash_phone.html		yes	tim	by/2007--radar-legacy-when-is-a-phone-not-a-phone.md
2007	12		Release 2.0 issue on the subject	http://radar.oreilly.com/archives/2007/12/new_release_20_3.html		other-author	jimmy	
2007	12		Nick Carr discovers Software Above the Level of a Single Device	http://radar.oreilly.com/archives/2007/12/nick_carr_disco.html		other-author	nat	
2007	12		O'Reilly Media group on Facebook	http://radar.oreilly.com/archives/2007/12/oreilly_facebook_group.html		yes	tim	by/2007--radar-legacy-o-reilly-media-group-on-facebook.md
2007	12		More on the Virtual Reality Audio Headset	http://radar.oreilly.com/archives/2007/12/peter_drescher_mobile_audio.html		yes	tim	by/2007--radar-legacy-more-on-the-virtual-reality-audio-headset.md
2007	12		open mobile is Google's most strategic initiative	http://radar.oreilly.com/2007/12/static-on-the-dream-phone.html		duplicate	tim	
2007	12		Tab bankruptcy	http://radar.oreilly.com/archives/2007/12/tab_bankruptcy.html		other-author	marc	
2007	12		The Seattle Start-Up Index	http://radar.oreilly.com/archives/2007/12/the_seattle_sta.html		other-author	brady	
2007	12		an increasing tendency to favor Google's own content sites rather than distributing attention to others	http://radar.oreilly.com/2007/12/trading-for-their-own-account.html		yes	tim	by/2007--radar-legacy-trading-for-their-own-account.md
2007	12		Visualizing CO2 Emissions	http://radar.oreilly.com/archives/2007/12/visualizing_co2.html		yes	tim	by/2007--radar-legacy-visualizing-co2-emissions.md
2007	12		The Future of Cell Phone Headsets	http://radar.oreilly.com/archives/2007/12/wearable_computing_phone_audio.html		yes	tim	by/2007--radar-legacy-the-future-of-cell-phone-headsets.md
2008	01		an O'Reilly-managed site recently appeared to have been hacked	http://radar.oreilly.com/archives/2008/01/dangers_of_remo.html		other-author	nat	
2008	01		Human vs. Machine:  The Great Challenge of Our Time	http://radar.oreilly.com/archives/2008/01/human_vs_machine_google_wallstreet.html		yes	tim	by/2008--radar-legacy-human-vs-machine-the-great-challenge-of-our-time.md
2008	01		Good quote from Learned Hand	http://radar.oreilly.com/archives/2008/01/learned_hand_barack_obama.html		yes	tim	by/2008--radar-legacy-good-quote-from-learned-hand.md
2008	01		MarkMail Provides Amazing Search Capabilities	http://radar.oreilly.com/archives/2008/01/markmail_opensource_search.html		duplicate	tim	
2008	01		markmail search and trend graphing interface is really slick	http://radar.oreilly.com/archives/2008/01/markmail-provides-amazing-sear.html		yes	tim	by/2008--radar-legacy-markmail-provides-amazing-search-capabilities.md
2008	01		Predicting Financial Market Performance with Real Time Web Data	http://radar.oreilly.com/archives/2008/01/predicting_real_estate_prices.html		yes	tim	by/2008--radar-legacy-predicting-financial-market-performance-with-real-time-web-data.md
2008	01		Sandy, remind me about that New Year's resolution @sms	http://radar.oreilly.com/archives/2008/01/sandy_personal_assistant.html		yes	tim	by/2008--radar-legacy-sandy-remind-me-about-that-new-year-s-resolution-sms.md
2008	01		Google is better at spidering that network than their competitors	http://radar.oreilly.com/2008/01/stuffing-six-million-pages-dow.html		duplicate	tim	
2008	01		MySQL's acquisition by Sun	http://radar.oreilly.com/archives/2008/01/sun-to-acquire-mysql.html		yes	tim	by/2008--radar-legacy-sun-to-acquire-mysql.md
2008	01		The Rest of the Rest of Us	http://radar.oreilly.com/archives/2008/01/the_rest_of_the.html		other-author	dale	
2008	01		the internet's share of global ad dollars vs. share of viewing time	http://radar.oreilly.com/archives/2008/01/tomorrows-ads-session-at-world.html		yes	tim	by/2008--radar-legacy-tomorrow-s-ads-session-at-world-economic-forum.md
2008	01		What Have You Changed Your Mind About?	http://radar.oreilly.com/archives/2008/01/what_have_you_changed_your_mind_about.html		yes	tim	by/2008--radar-legacy-what-have-you-changed-your-mind-about.md
2008	01		Wikipedia:  A community of editors or a community of authors?	http://radar.oreilly.com/archives/2008/01/wikipedia_community_publishing.html		yes	tim	by/2008--radar-legacy-wikipedia-a-community-of-editors-or-a-community-of-authors.md
2008	02		Amazon Using Computer Bestseller List to Push Kindle Content?	http://radar.oreilly.com/archives/2008/02/amazon-using-computer-bestsell.html		yes	tim	by/2008--radar-legacy-amazon-using-computer-bestseller-list-to-push-kindle-content.md
2008	02		Community Pricing for Books	http://radar.oreilly.com/archives/2008/02/community-pricing-for-books.html		yes	tim	by/2008--radar-legacy-community-pricing-for-books.md
2008	02		Court Decisions Online	http://radar.oreilly.com/archives/2008/02/court-decisions-online.html		yes	tim	by/2008--radar-legacy-court-decisions-online.md
2008	02		Educating computer users: the need for community/author collaboration (Part 1 of 2)	http://radar.oreilly.com/archives/2008/02/educating_compu.html		other-author	andyo	
2008	02		Take the Money and Run?  I think not.	http://radar.oreilly.com/archives/2008/02/forbes-on-mysql-sun-open-source.html		yes	tim	by/2008--radar-legacy-take-the-money-and-run-i-think-not.md
2008	02		Google Plays to Microsoft's Weaknesses	http://radar.oreilly.com/archives/2008/02/google_plays_to.html		other-author	nat	
2008	02		GPS Determines Car's Speed Limit	http://radar.oreilly.com/archives/2008/02/gps_determines.html		other-author	brady	
2008	02		Kathy Sierra:  Creating Passionate Users at TOC	http://radar.oreilly.com/archives/2008/02/kathy-sierra-creating-passiona.html		yes	tim	by/2008--radar-legacy-kathy-sierra-creating-passionate-users-at-toc.md
2008	02		LinkedIn Announces New Research Platform	http://radar.oreilly.com/archives/2008/02/linkedin-announces-new-researc.html		yes	tim	by/2008--radar-legacy-linkedin-announces-new-research-platform.md
2008	02		LinkedIn Announces New Research Platform	http://radar.oreilly.com/archives/2008/02/linkedin_research_network.html		duplicate	tim	
2008	02		Microsoft plus Yahoo! Strategic Assets in Email	http://radar.oreilly.com/archives/2008/02/microsoft_yahoo_email_not_search.html		yes	tim	by/2008--radar-legacy-microsoft-plus-yahoo-strategic-assets-in-email.md
2008	02		Money:Tech Day 2: Best Lines of the Day [MoneyTech]	http://radar.oreilly.com/archives/2008/02/moneytech_day_2.html		other-author	jimmy	
2008	02		Morning Links	http://radar.oreilly.com/archives/2008/02/morning-links.html		yes	tim	by/2008--radar-legacy-morning-links.md
2008	02		Online Advertising Undervalued?	http://radar.oreilly.com/archives/2008/02/online-advertising-undervalued.html		yes	tim	by/2008--radar-legacy-online-advertising-undervalued.md
2008	02		O'Reilly FYI Blog Great Supplement to Radar	http://radar.oreilly.com/archives/2008/02/oreilly-fyi-blog-great-supplem.html		yes	tim	by/2008--radar-legacy-o-reilly-fyi-blog-great-supplement-to-radar.md
2008	02		PMOG as a kind of Augmented Reality	http://radar.oreilly.com/archives/2008/02/pmog_gamelayers_augmented_reality.html		yes	tim	by/2008--radar-legacy-pmog-as-a-kind-of-augmented-reality.md
2008	02		Publishing as a social medium	http://radar.oreilly.com/archives/2008/02/publishing-as-a-social-medium.html		yes	tim	by/2008--radar-legacy-publishing-as-a-social-medium.md
2008	02		Rating the ratings, and the end of neutrality	http://radar.oreilly.com/archives/2008/02/rating_the_rati.html		other-author	andyo	
2008	02		"Reuters CEO sees ""semantic web"" in its future"	http://radar.oreilly.com/archives/2008/02/reuters-ceo-sees-semantic-web.html		yes	tim	by/2008--radar-legacy-reuters-ceo-sees-semantic-web-in-its-future.md
2008	02		Saving Extinct Languages	http://radar.oreilly.com/archives/2008/02/saving-extinct-languages.html		yes	tim	by/2008--radar-legacy-saving-extinct-languages.md
2008	02		Science Bar Camp in Toronto	http://radar.oreilly.com/archives/2008/02/science-bar-camp-in-toronto.html		yes	tim	by/2008--radar-legacy-science-bar-camp-in-toronto.md
2008	02		Social Graph visibility akin to pain reflex	http://radar.oreilly.com/archives/2008/02/social_graph_pain_reflex.html		yes	tim	by/2008--radar-legacy-social-graph-visibility-akin-to-pain-reflex.md
2008	02		The iPhone wins friends and influences people	http://radar.oreilly.com/archives/2008/02/the_iphone_wins.html		other-author	sara	
2008	02		The LiveScribe Pulse Smartpen	http://radar.oreilly.com/archives/2008/02/the-livescribe-pulse-smartpen.html		yes	tim	by/2008--radar-legacy-the-livescribe-pulse-smartpen.md
2008	02		Thomas Jefferson as Inventor and Maker	http://radar.oreilly.com/archives/2008/02/thomas-jefferson-as-inventor-a.html		yes	tim	by/2008--radar-legacy-thomas-jefferson-as-inventor-and-maker.md
2008	02		Which Neil Gaiman Title Would You Like to See Online?	http://radar.oreilly.com/archives/2008/02/which-neil-gaiman-title-would.html		yes	tim	by/2008--radar-legacy-which-neil-gaiman-title-would-you-like-to-see-online.md
2008	03		A big spike for The Big Switch	http://radar.oreilly.com/archives/2008/03/big-spike-for-the-big-switch.html		yes	tim	by/2008--radar-legacy-a-big-spike-for-the-big-switch.md
2008	03		ETech 2008 Coverage Roundup	http://radar.oreilly.com/archives/2008/03/etech-2008-coverage-roundup.html		yes	tim	by/2008--radar-legacy-etech-2008-coverage-roundup.md
2008	03		Fabulous Eulogy for Gary Gygax	http://radar.oreilly.com/archives/2008/03/eulogy-for-gary-gygax.html		yes	tim	by/2008--radar-legacy-fabulous-eulogy-for-gary-gygax.md
2008	03		Laptop penetration in Brazil, rising developer count in China	http://radar.oreilly.com/archives/2008/03/laptop-penetration-in-brazil-r.html		yes	tim	by/2008--radar-legacy-laptop-penetration-in-brazil-rising-developer-count-in-china.md
2008	03		MySQL User Conference Registration Up 32%	http://radar.oreilly.com/archives/2008/03/mysql-user-conference-registration.html		yes	tim	by/2008--radar-legacy-mysql-user-conference-registration-up-32.md
2008	03		Neuroscience and Epistemology at ETech	http://radar.oreilly.com/archives/2008/03/neuroscience-and-epistemology.html		yes	tim	by/2008--radar-legacy-neuroscience-and-epistemology-at-etech.md
2008	03		Nice Visualization of Candidates' Speeches	http://radar.oreilly.com/archives/2008/03/nice-visualization-of-candidat.html		yes	tim	by/2008--radar-legacy-nice-visualization-of-candidates-speeches.md
2008	03		Perl mailing lists added to Markmail archive	http://radar.oreilly.com/archives/2008/03/perl-mailing-lists-added-to-ma.html		yes	tim	by/2008--radar-legacy-perl-mailing-lists-added-to-markmail-archive.md
2008	03		Shelly Farnham on What Makes Facebook Apps Work	http://radar.oreilly.com/archives/2008/03/shelly-farnham-on-what-makes-f.html		yes	tim	by/2008--radar-legacy-shelly-farnham-on-what-makes-facebook-apps-work.md
2008	03		Wattzon.org - How much energy we consume and what to do about it	http://radar.oreilly.com/archives/2008/03/wattzonorg-how-much-energy-we-use.html		yes	tim	by/2008--radar-legacy-wattzon-org-how-much-energy-we-consume-and-what-to-do-about-it.md
2008	03		Why I Love Hackers	http://radar.oreilly.com/archives/2008/03/why-i-love-hackers.html		yes	tim	by/2008--radar-legacy-why-i-love-hackers.md
2008	04		Getting the iPhone Open Source Tool Chain Up and Running	http://radar.oreilly.com/archives/2008/04/getting-the-iphone-open-source.html		yes	tim	by/2008--radar-legacy-getting-the-iphone-open-source-tool-chain-up-and-running.md
2008	04		Is Google App Engine a Lock-in Play?	http://radar.oreilly.com/archives/2008/04/is-google-app-engine-a-lockin.html		yes	tim	by/2008--radar-legacy-is-google-app-engine-a-lock-in-play.md
2008	04		Publishers Beware:  Amazon has you in their sights	http://radar.oreilly.com/archives/2008/04/publishers-beware-amazon-has-you-in-their-sights.html		yes	tim	by/2008--radar-legacy-publishers-beware-amazon-has-you-in-their-sights.md
2008	04		Worldwide Social Network Market Share	http://radar.oreilly.com/archives/2008/04/worldwide-social-network-market-share.html		yes	tim	by/2008--radar-legacy-worldwide-social-network-market-share.md
2008	05		"Profile of Hay House: ""An Attitude is Not a Business Plan"""	http://radar.oreilly.com/2008/05/profile-of-hay-house-an-attitude-is-not-a-business-plan.html		other-author	andrew	
2008	07		House trying to ban twitter and qik?	http://radar.oreilly.com/2008/07/house-trying-to-ban-twitter-an.html		yes	tim	by/2008--radar-legacy-house-trying-to-ban-twitter-and-qik.md
2008	07		iPhone rants and raves	http://radar.oreilly.com/2008/07/iphone-rants-and-raves.html		yes	tim	by/2008--radar-legacy-iphone-rants-and-raves.md
2008	07		Open Source and Cloud Computing	http://radar.oreilly.com/2008/07/open-source-and-cloud-computing.html		yes	tim	by/2008--radar-legacy-open-source-and-cloud-computing.md
2008	07		Segway CTO Leaves for Apple as Product Design VP	http://radar.oreilly.com/2008/07/segway-cto-leaves-for-apple-as.html		yes	tim	by/2008--radar-legacy-segway-cto-leaves-for-apple-as-product-design-vp.md
2008	07		Should Personal Genomics Be Regulated?	http://radar.oreilly.com/2008/07/should-personal-genomics-be-regulated.html		yes	tim	by/2008--radar-legacy-should-personal-genomics-be-regulated.md
2008	07		Suggestions for Web 2.0 Summit Charity Auction?	http://radar.oreilly.com/2008/07/suggestions-for-web-20-summit.html		yes	tim	by/2008--radar-legacy-suggestions-for-web-2-0-summit-charity-auction.md
2008	07		What good is collective intelligence if it doesn't make us smarter?	http://radar.oreilly.com/2008/07/what-good-is-collective-intelligence.html		yes	tim	by/2008--radar-legacy-what-good-is-collective-intelligence-if-it-doesn-t-make-us-smarter.md
2008	08		A Graphic Designer Puts Print on Demand Through Its Paces	http://radar.oreilly.com/2008/08/a-graphic-designer-puts-print.html		yes	tim	by/2008--radar-legacy-a-graphic-designer-puts-print-on-demand-through-its-paces.md
2008	08		Al Gore Joins Web 2.0 Summit Lineup	http://radar.oreilly.com/2008/08/al-gore-joins-web-20-summit.html		yes	tim	by/2008--radar-legacy-al-gore-joins-web-2-0-summit-lineup.md
2008	08		Is Linking to Yourself the Future of the Web?	http://radar.oreilly.com/2008/08/is-linking-to-yourself-the-future-of-the-web.html		yes	tim	by/2008--radar-legacy-is-linking-to-yourself-the-future-of-the-web.md
2008	08		Lessons on Blogging from Jon Stewart	http://radar.oreilly.com/2008/08/lessons-on-blogging-from-jon-stewart.html		yes	tim	by/2008--radar-legacy-lessons-on-blogging-from-jon-stewart.md
2008	08		Social Networking for Books: One Ring, or Loosely Joined?	http://radar.oreilly.com/2008/08/social-networking-for-books.html		yes	tim	by/2008--radar-legacy-social-networking-for-books-one-ring-or-loosely-joined.md
2008	08		Why We're Failing in Math and Science	http://radar.oreilly.com/2008/08/why-were-failing-in-math-and-science.html		yes	tim	by/2008--radar-legacy-why-we-re-failing-in-math-and-science.md
2008	09		Is Google Spreading Itself Too Thin?	http://radar.oreilly.com/2008/09/is-google-spreading-itself-too.html		yes	tim	by/2008--radar-legacy-is-google-spreading-itself-too-thin.md
2008	09		Maintaining a Web Community is as Hard as Building One	http://radar.oreilly.com/2008/09/maintaining-a-web-community-is.html		other-author	mslocum	
2008	09		Microsoft Missing the Boat on Mobile?	http://radar.oreilly.com/2008/09/microsoft-missing-the-boat-on.html		yes	tim	by/2008--radar-legacy-microsoft-missing-the-boat-on-mobile.md
2008	09		Twitter Aphorisms, Epigrams and Repartee	http://radar.oreilly.com/2008/09/twitter-epigrams-and-repartee.html		yes	tim	by/2008--radar-legacy-twitter-epigrams-and-repartee.md
2008	09		keynote last week at Web 2.0 Expo New York	http://radar.oreilly.com/2008/09/web-meets-world.html		yes	tim	by/2008--radar-legacy-web-meets-world.md
2008	09		Why Dell.com (was) More Enterprise 2.0 Than Dell IdeaStorm	http://radar.oreilly.com/2008/09/why-dell-dot-com-is-more-enterprise.html		yes	tim	by/2008--radar-legacy-why-dell-com-was-more-enterprise-2-0-than-dell-ideastorm.md
2008	10		Network Effects in Data	http://radar.oreilly.com/2008/10/network-effects-in-data.html		yes	tim	by/2008--radar-legacy-network-effects-in-data.md
2008	10		the Radar interview with Blue State co-founder and CTO Jascha Franklin-Hodge	http://radar.oreilly.com/2008/10/technology-politics-and-democracy.html		other-author	josh	
2008	10		I do believe we face great challenges	http://radar.oreilly.com/2008/10/thoughts-on-financial-crisis.html		yes	tim	by/2008--radar-legacy-thoughts-on-the-financial-crisis.md
2008	10		cloud computing is likely to end up a low-margin business	http://radar.oreilly.com/2008/10/web-20-and-cloud-computing.html		yes	tim	by/2008--radar-legacy-web-2-0-and-cloud-computing.md
2008	10		arguing out the merits of the candidates	http://radar.oreilly.com/2008/10/why-i-support-barack-obama.html		yes	tim	by/2008--radar-legacy-why-i-support-barack-obama.md
2008	11		A Critical Choice Regarding Innovation	http://radar.oreilly.com/2008/11/a-critical-choice-regarding-innovation.html		yes	tim	by/2008--radar-legacy-a-critical-choice-regarding-innovation.md
2008	11		Put change.gov Under Revision Control!	http://radar.oreilly.com/2008/11/change-gov-revision-control.html		yes	tim	by/2008--radar-legacy-put-change-gov-under-revision-control.md
2008	11		Daddy, Where's Your Phone?	http://radar.oreilly.com/2008/11/daddy-wheres-your-phone.html		yes	tim	by/2008--radar-legacy-daddy-where-s-your-phone.md
2008	11		"It's Not Over: We are ""the change we need."""	http://radar.oreilly.com/2008/11/its-not-over-getting-involved-politics.html		yes	tim	by/2008--radar-legacy-it-s-not-over-we-are-the-change-we-need.md
2008	11		My mind is buzzing right now...	http://radar.oreilly.com/2008/11/my-mind-is-buzzing-right-now.html		yes	tim	by/2008--radar-legacy-my-mind-is-buzzing-right-now.md
2008	11		Is a Political Endorsement Appropriate for a Technical Site?	http://radar.oreilly.com/2008/11/political-endorsement-appropriate-tech-sites.html		yes	tim	by/2008--radar-legacy-is-a-political-endorsement-appropriate-for-a-technical-site.md
2008	11		Voice in Google Mobile App: A Tipping Point for the Web?	http://radar.oreilly.com/2008/11/voice-in-google-mobile-app-tipping-point.html		yes	tim	by/2008--radar-legacy-voice-in-google-mobile-app-a-tipping-point-for-the-web.md
2008	11		What Would Depression 2009 Look Like?	http://radar.oreilly.com/2008/11/what-would-depression-2009-loo.html		yes	tim	by/2008--radar-legacy-what-would-depression-2009-look-like.md
2008	11		Why I Love Twitter	http://radar.oreilly.com/2008/11/why-i-like-twitter.html		yes	tim	by/2008--radar-legacy-why-i-love-twitter.md
2008	12		Getting OpenID Into the Browser	http://radar.oreilly.com/2008/12/getting-openid-into-the-browse.html		other-author	davidr	
2008	12		Google, WalMart, and MyBarackObama.com: The Power of the Real Time Enterprise	http://radar.oreilly.com/2008/12/google-walmart-mybarackobama.html		yes	tim	by/2008--radar-legacy-google-walmart-and-mybarackobama-com-the-power-of-the-real-time-enterp.md
2008	12		Hard Work and Practice in Programming	http://radar.oreilly.com/2008/12/hard-work-and-practice-in-programming.html		yes	tim	by/2008--radar-legacy-hard-work-and-practice-in-programming.md
2008	12		O'Reilly AlphaTech Ventures Invests in Amee	http://radar.oreilly.com/2008/12/oreilly-alphatech-ventures-inv.html		yes	tim	by/2008--radar-legacy-o-reilly-alphatech-ventures-invests-in-amee.md
2008	12		O'Reilly Media on Twitter	http://radar.oreilly.com/2008/12/oreilly-media-on-twitter.html		yes	tim	by/2008--radar-legacy-o-reilly-media-on-twitter.md
2008	12		Register's Googlewashing Story Overblown	http://radar.oreilly.com/2008/12/register-googlewashing-story-overblown.html		yes	tim	by/2008--radar-legacy-register-s-googlewashing-story-overblown.md
2008	12		Waking Up from the 'Nightmare on Tech Street'	http://radar.oreilly.com/2008/12/waking-up-from-nightmare-on-tech-street.html		yes	tim	by/2008--radar-legacy-waking-up-from-the-nightmare-on-tech-street.md
2008	12		"Thinking About Wendell Berry's ""In Distrust of Movements"""	http://radar.oreilly.com/2008/12/wendell-berry-distrust-movements.html		yes	tim	by/2008--radar-legacy-thinking-about-wendell-berry-s-in-distrust-of-movements.md
2009	01		change.gov Becomes whitehouse.gov	http://radar.oreilly.com/2009/01/change-gov-becomes-whitehouse-gov.html		yes	tim	by/2009--radar-legacy-change-gov-becomes-whitehouse-gov.md
2009	01		Competition in the eBook Market	http://radar.oreilly.com/2009/01/competition-in-the-ebook-marke.html		yes	tim	by/2009--radar-legacy-competition-in-the-ebook-market.md
2009	01		Free The Facts: Critical Issue, Killer Presentation	http://radar.oreilly.com/2009/01/free-the-facts-open-access.html		yes	tim	by/2009--radar-legacy-free-the-facts-critical-issue-killer-presentation.md
2009	01		Inauguration Moments and Links	http://radar.oreilly.com/2009/01/inauguration-moments-and-links.html		yes	tim	by/2009--radar-legacy-inauguration-moments-and-links.md
2009	01		New York Times Settles Linking Suit	http://radar.oreilly.com/2009/01/new-york-times-settles-linking.html		other-author	peterb	
2009	01		Pascal's Wager and Climate Change	http://radar.oreilly.com/2009/01/pascals-wager-and-climate-change.html		yes	tim	by/2009--radar-legacy-pascal-s-wager-and-climate-change.md
2009	01		Privatizing Success, Socializing Failure: FAIL	http://radar.oreilly.com/2009/01/privatizing-success-socializing-failure.html		yes	tim	by/2009--radar-legacy-privatizing-success-socializing-failure-fail.md
2009	01		Quote of the Day from Twitter: 25 January 2009	http://radar.oreilly.com/2009/01/quote-of-the-day-from-twitter-25-january-2009.html		yes	tim	by/2009--radar-legacy-quote-of-the-day-from-twitter-25-january-2009.md
2009	01		economy has many elements of a ponzi scheme	http://radar.oreilly.com/2009/01/the-biggest-ponzi-scheme-of-all.html		yes	tim	by/2009--radar-legacy-the-biggest-ponzi-scheme-of-them-all.md
2009	01		Twitter Quote of the Day: 26 January 2009	http://radar.oreilly.com/2009/01/twitter-quote-of-the-day-26-january-2009.html		yes	tim	by/2009--radar-legacy-twitter-quote-of-the-day-26-january-2009.md
2009	01		Twitter Quote of the Day: 28 January 2009	http://radar.oreilly.com/2009/01/twitter-quote-of-the-day-28-jan-2009.html		yes	tim	by/2009--radar-legacy-twitter-quote-of-the-day-28-january-2009.md
2009	01		Twitter Quote of the Day: 29 Jan 2009	http://radar.oreilly.com/2009/01/twitter-quote-of-the-day-29-jan-2009.html		yes	tim	by/2009--radar-legacy-twitter-quote-of-the-day-29-jan-2009.md
2009	01		Work on Stuff that Matters: First Principles	http://radar.oreilly.com/2009/01/work-on-stuff-that-matters-fir.html		duplicate	tim	
2009	02		Change Happens	http://radar.oreilly.com/2009/02/change-happens.html		yes	tim	by/2009--radar-legacy-change-happens.md
2009	02		State of the Computer Book Market 2008, part 4 -- The Languages	http://radar.oreilly.com/2009/02/state-of-the-computer-book-mar-22.html		other-author	mikeh	
2009	02		Stuff That Matters: Non-profit to For-profit	http://radar.oreilly.com/2009/02/stuff-that-matters-nonprofit-to-for-profit.html		yes	tim	by/2009--radar-legacy-stuff-that-matters-non-profit-to-for-profit.md
2009	03		It's Always Ada Lovelace Day at O'Reilly	http://radar.oreilly.com/2009/03/ada-lovelace-day-at-oreilly.html		yes	tim	by/2009--radar-legacy-it-s-always-ada-lovelace-day-at-o-reilly.md
2009	03		Bulk Data Downloads: A Breakthrough in Government Transparency	http://radar.oreilly.com/2009/03/bulk-data-downloads-government-transparency-breakthrough.html		yes	tim	by/2009--radar-legacy-bulk-data-downloads-a-breakthrough-in-government-transparency.md
2009	03		"Clay Shirky's ""Newspapers and Thinking the Unthinkable"""	http://radar.oreilly.com/2009/03/clay-shirkys-newspapers-and-thinking-the-unthinkable.html		yes	tim	by/2009--radar-legacy-clay-shirky-s-newspapers-and-thinking-the-unthinkable.md
2009	03		What Publishers Need to Learn from Software Developers	http://radar.oreilly.com/2009/03/publishers-need-to-learn-from.html		yes	tim	by/2009--radar-legacy-what-publishers-need-to-learn-from-software-developers.md
2009	03		The Paradox of Transparency	http://radar.oreilly.com/2009/03/the-paradox-of-transparency.html		yes	tim	by/2009--radar-legacy-the-paradox-of-transparency.md
2009	03		The Social Nervous System Has More Than One Sense	http://radar.oreilly.com/2009/03/the-social-nervous-system-has-more-than-one-sense.html		yes	tim	by/2009--radar-legacy-the-social-nervous-system-has-more-than-one-sense.md
2009	03		Vivek Kundra	http://radar.oreilly.com/2009/03/vivek-kundra-federal-cio-in-hi.html		other-author	timothy	
2009	04		Why Aneesh Chopra is a Great Choice for Federal CTO	http://radar.oreilly.com/2009/04/aneesh-chopra-great-federal-cto.html		yes	tim	by/2009--radar-legacy-why-aneesh-chopra-is-a-great-choice-for-federal-cto.md
2009	04		The Change We Need: DIY on a Civic Scale	http://radar.oreilly.com/2009/04/change-we-need-diy-civic-scale.html		yes	tim	by/2009--radar-legacy-the-change-we-need-diy-on-a-civic-scale.md
2009	04		Legally Speaking:  The Dead Souls of the Google Booksearch Settlement	http://radar.oreilly.com/2009/04/legally-speaking-the-dead-soul.html		other-author	pamelas	
2009	04		Reinventing the Book in the Age of the Web	http://radar.oreilly.com/2009/04/reinventing-the-book-age-of-web.html		yes	tim	by/2009--radar-legacy-reinventing-the-book-in-the-age-of-the-web.md
2009	04		Wordle visualization of my Tweetstream	http://radar.oreilly.com/2009/04/wordle-visualization-timoreilly-tweetstream.html		yes	tim	by/2009--radar-legacy-wordle-visualization-of-my-tweetstream.md
2009	05		Clothing as Conversation (Twitter Tees on Threadless)	http://radar.oreilly.com/2009/05/clothing-as-conversation-twitter-tees-on-threadless.html		yes	tim	by/2009--radar-legacy-clothing-as-conversation-twitter-tees-on-threadless.md
2009	05		Goodreads vs Twitter: The Benefits of Asymmetric Follow	http://radar.oreilly.com/2009/05/goodreads-vs-twitter-asymmetric-follow.html		yes	tim	by/2009--radar-legacy-goodreads-vs-twitter-the-benefits-of-asymmetric-follow.md
2009	05		in writing up this announcement	http://radar.oreilly.com/2009/05/google-announces-support-for-m.html		other-author	timothy	
2009	05		Google Bets Big on HTML 5: News from Google I/O	http://radar.oreilly.com/2009/05/google-bets-big-on-html-5.html		yes	tim	by/2009--radar-legacy-google-bets-big-on-html-5-news-from-google-i-o.md
2009	05		Google I/O in Pictures: Google Culture at Work	http://radar.oreilly.com/2009/05/google-io-in-pictures.html		yes	tim	by/2009--radar-legacy-google-i-o-in-pictures-google-culture-at-work.md
2009	05		Google's Rich Snippets and the Semantic Web	http://radar.oreilly.com/2009/05/google-rich-snippets-semantic-web.html		yes	tim	by/2009--radar-legacy-google-s-rich-snippets-and-the-semantic-web.md
2009	05		Google Wave: the Early Days	http://radar.oreilly.com/2009/05/google-wave-the-early-days.html		yes	tim	by/2009--radar-legacy-google-wave-the-early-days.md
2009	05		Google Wave: What Might Email Look Like If It Were Invented Today?	http://radar.oreilly.com/2009/05/google-wave-what-might-email-l.html		yes	tim	by/2009--radar-legacy-google-wave-what-might-email-look-like-if-it-were-invented-today.md
2009	05		Google Web Elements and Google's Iceberg Strategy (Google I/O)	http://radar.oreilly.com/2009/05/google-web-elements-and-google.html		yes	tim	by/2009--radar-legacy-google-web-elements-and-google-s-iceberg-strategy-google-i-o.md
2009	05		Overheard: @andrewsavikas on DRM	http://radar.oreilly.com/2009/05/overheard-andrewsavikas-drm.html		yes	tim	by/2009--radar-legacy-overheard-andrewsavikas-on-drm.md
2009	05		Overheard: @edjez on innovation in mobile	http://radar.oreilly.com/2009/05/overheard-edjez-on-innovation-in-mobile.html		yes	tim	by/2009--radar-legacy-overheard-edjez-on-innovation-in-mobile.md
2009	05		Twitter Scorecard for Publishers	http://radar.oreilly.com/2009/05/twitter-scorecard-for-publishe.html		other-author	mikeh	
2009	05		Welcoming Eric Ries to the Radar Team	http://radar.oreilly.com/2009/05/welcoming-eric-ries-to-the-rad.html		yes	tim	by/2009--radar-legacy-welcoming-eric-ries-to-the-radar-team.md
2009	05		Who Will Cut The Gordian Knot of Healthcare Billing?	http://radar.oreilly.com/2009/05/who-will-cut-the-gordian-knot.html		yes	tim	by/2009--radar-legacy-who-will-cut-the-gordian-knot-of-healthcare-billing.md
2009	06		Spike Night	http://radar.oreilly.com/2009/06/announcing-spike-night-at-velo.html		other-author	scottr	
2009	06		Ignite	http://radar.oreilly.com/2009/06/ignite-comes-to-san-jose-june.html		other-author	jesse	
2009	06		Twitter is Not a Conversational Platform	http://radar.oreilly.com/2009/06/twitter-is-not-a-conversationa.html		other-author	markd	
2009	07		Four Short Links	http://radar.oreilly.com/2009/07/four-short-links-23-july-2009.html		other-author	nat	
2009	09		Microsoft Press Enters Strategic Alliance with O'Reilly	http://radar.oreilly.com/2009/09/microsoft-press-oreilly.html		yes	tim	by/2009--radar-legacy-microsoft-press-enters-strategic-alliance-with-o-reilly.md
2009	10		My Conversation with Austan Goolsbee at Web 2.0 Summit	http://radar.oreilly.com/2009/10/austan-goolsbee-web20-summit.html		yes	tim	by/2009--radar-legacy-my-conversation-with-austan-goolsbee-at-web-2-0-summit.md
2009	10		Blog Action Day 2009: Climate Change	http://radar.oreilly.com/2009/10/blog-action-day-2009-climate-change.html		yes	tim	by/2009--radar-legacy-blog-action-day-2009-climate-change.md
2009	10		Four short links: 29 October 2009	http://radar.oreilly.com/2009/10/four-short-links-29-october-20.html		other-author	nat	
2009	10		free turn-by-turn directions for Android phones	http://radar.oreilly.com/2009/10/google-shrinks-another-market.html		other-author	brady	
2009	10		"""He not busy being born is busy dying"""	http://radar.oreilly.com/2009/10/he-not-busy-being-born-is-busy.html		yes	tim	by/2009--radar-legacy-he-not-busy-being-born-is-busy-dying.md
2009	10		Safari Books Online 6.0: A Cloud Library as an alternate model for ebooks	http://radar.oreilly.com/2009/10/safari-books-online-60-a-cloud.html		yes	tim	by/2009--radar-legacy-safari-books-online-6-0-a-cloud-library-as-an-alternate-model-for-eboo.md
2009	10		Web 2.0 Summit Starts Today	http://radar.oreilly.com/2009/10/web-20-summit-starts-today.html		yes	tim	by/2009--radar-legacy-web-2-0-summit-starts-today.md
2009	10		Thoughts on the Whitehouse.gov switch to Drupal	http://radar.oreilly.com/2009/10/whitehouse-switch-drupal-opensource.html		yes	tim	by/2009--radar-legacy-thoughts-on-the-whitehouse-gov-switch-to-drupal.md
2009	11		the war for the web	http://radar.oreilly.com/2009/11/the-war-for-the-web.html		yes	tim	by/2009--radar-legacy-the-war-for-the-web.md
2009	12		Why Using ShopSavvy Might Not Be So Savvy	http://radar.oreilly.com/2009/12/why-using-shopsavvy-might-not.html		yes	tim	by/2009--radar-legacy-why-using-shopsavvy-might-not-be-so-savvy.md
2010	01		Haiti: OSM and Sat Imagery for Free iPhone App	http://radar.oreilly.com/2010/01/haiti-osm-and-sat-imagery-for.html		other-author	brady	
2010	01		Novell vs. Microsoft	http://radar.oreilly.com/2010/01/the-google-android-rollout-win.html		other-author	msigal	
2010	02		The Most Efficient iPhone Developers	http://radar.oreilly.com/2010/02/efficient-iphone-developers.html		other-author	ben	
2010	02		Global Ignite Week: Starts Monday with 65 Cities, 6 Continents, 500 Speakers over 5 Days	http://radar.oreilly.com/2010/02/global-ignite-week-starts-mond.html		other-author	brady	
2010	02		Google Buzz: Is it Project, Product or Platform?	http://radar.oreilly.com/2010/02/google-buzz-is-it-project-prod.html		other-author	msigal	
2010	02		International Amateur Scanning League	http://radar.oreilly.com/2010/02/international-amateur-scanning.html		other-author	carlm	
2010	02		One hundred eighty degrees of freedom: signs of how open platforms are spreading	http://radar.oreilly.com/2010/02/one-hundred-eighty-degrees-of.html		other-author	andyo	
2010	02		Web community is messy in all the right ways	http://radar.oreilly.com/2010/02/web-community-is-messy-in-all.html		other-author	mslocum	
2010	04		State of the Internet Operating System Part Two: Handicapping the Internet Platform Wars	http://radar.oreilly.com/2010/04/handicapping-internet-platform-wars.html		yes	tim	by/2010--radar-legacy-state-of-the-internet-operating-system-part-two-handicapping-the-inter.md
2010	04		The iPad and computing's middle ground	http://radar.oreilly.com/2010/04/the-ipad-and-computings-middle.html		other-author	marc	
2010	05		My Contrarian Stance on Facebook and Privacy	http://radar.oreilly.com/2010/05/my-contrarian-stance-on-facebook-privacy.html		yes	tim	by/2010--radar-legacy-my-contrarian-stance-on-facebook-and-privacy.md
2010	05		Putting Online Privacy in Perspective	http://radar.oreilly.com/2010/05/putting-online-privacy-in-perspective.html		yes	tim	by/2010--radar-legacy-putting-online-privacy-in-perspective.md
2010	06		Here come the healthcare apps	http://radar.oreilly.com/2010/06/here-come-healthcare-apps.html		other-author	alexh	
2010	09		Four short links: 29 September 2010	http://radar.oreilly.com/2010/09/four-short-links-29-september-1.html		other-author	nat	
2010	09		iPod program helps school test scores	http://radar.oreilly.com/2010/09/ipod-pilot-program-boosts-thir.html		other-author	jasong	
2010	09		FCC.gov poised for an overdue overhaul	http://radar.oreilly.com/2010/09/rebooting-fccgov-with-open-gov.html		other-author	alexh	
2010	11		Developer Week in Review	http://radar.oreilly.com/2010/11/developer-week-in-review-5.html		other-author	jamest	
2010	11		"Ebooks and the threat from ""internal constituencies"""	http://radar.oreilly.com/2010/11/ebooks-and-the-threat-from-int.html		other-author	rogerm	
2010	11		Open question: Do you trust market research surveys?	http://radar.oreilly.com/2010/11/open-question-do-you-trust-mar.html		other-author	katm	
2010	11		Open question: How much location information are you willing to share?	http://radar.oreilly.com/2010/11/open-question-how-much-locatio.html		other-author	mslocum	
2010	11		Healthcare communication gets an upgrade	http://radar.oreilly.com/2010/11/rebranding-the-health-internet.html		other-author	bahier	
2010	11		TOC 2011 preliminary program announced	http://radar.oreilly.com/2010/11/toc-2011-preliminary-program-a.html		other-author	katm	
2010	11		Update on WEAVE government data visualization software	http://radar.oreilly.com/2010/11/update-on-weave-government-dat.html		other-author	andyo	
2010	12		7 areas beyond gaming where Kinect could play a role	http://radar.oreilly.com/2010/12/dancing-with-kinects-future-in.html		other-author	alexh	
2010	12		Strata Gems: Who needs disks anyway?	http://radar.oreilly.com/2010/12/strata-gems-rethinkdb-ssds.html		other-author	edd	
2010	12		The future of publishing is writable	http://radar.oreilly.com/2010/12/the-future-of-publishing-is-wr-1.html		other-author	terryj	
2011	01		3 types of IT leaders: maverick, innovator, guarantor	http://radar.oreilly.com/2011/01/3-types-of-it-leaders.html		other-author	reichental	
2011	01		Can open source reinvent the music business?	http://radar.oreilly.com/2011/01/open-source-music-business.html		other-author	jonob	
2011	02		Democratic technology and unintended consequences	http://radar.oreilly.com/2011/02/egypt-technology.html		other-author	josh	
2011	03		Four short links: 18 March 2011	http://radar.oreilly.com/2011/03/four-short-links-18-march-2011.html		other-author	nat	
2011	03		HarperCollins' digital lending cap sparks lively discussion	http://radar.oreilly.com/2011/03/harpercollins-digital-cap.html		other-author	jennw	
2011	03		Knowledge management in the age of social media	http://radar.oreilly.com/2011/03/knowledge-management-social-media.html		other-author	reichental	
2011	03		The return of the Personal Area Network	http://radar.oreilly.com/2011/03/personal-area-network.html		other-author	aallan	
2011	03		Social media design should start with human behavior	http://radar.oreilly.com/2011/03/social-media-human-behavior.html		other-author	jennw	
2011	04		Got an iPhone or 3G iPad? Apple is recording your moves	http://radar.oreilly.com/2011/04/apple-location-tracking.html		other-author	aallan	
2011	04		Why the cloud may finally end the reign of the work computer	http://radar.oreilly.com/2011/04/enterprise-personal-computer-byoc.html		other-author	reichental	
2011	04		Developing countries and Open Compute	http://radar.oreilly.com/2011/04/facebook-open-compute-developing-countries.html		other-author	jennw	
2011	04		Open Media Boston forum examines revolution and Internet use in Middle East	http://radar.oreilly.com/2011/04/open-media-boston-forum-examin.html		other-author	andyo	
2011	04		Utility attracts customers but fun creates evangelists	http://radar.oreilly.com/2011/04/utility-attracts-customers-but.html		not-fetched		
2011	05		Process kills developer passion	http://radar.oreilly.com/2011/05/process-kills-developer-passion.html		other-author	jamest	
2011	05		Search Notes: Trying to understand Facebook's whisper campaign	http://radar.oreilly.com/2011/05/search-notes-facebook-google-pr-chromebook.html		other-author	vanessa	
2011	06		Challenges aired at Health Data Initiative Forum	http://radar.oreilly.com/2011/06/challenges-aired-at-health-dat.html		other-author	andyo	
2011	06		Developer Week in Review: The other shoe drops on iOS developers	http://radar.oreilly.com/2011/06/devwir-ios-lawsuits-openoffice-apache-java.html		other-author	jamest	
2011	06		Tinkering with technology education	http://radar.oreilly.com/2011/06/education-maker-technology.html		other-author	marieb	
2011	06		The secrets of Node's success	http://radar.oreilly.com/2011/06/node-javascript-success.html		other-author	troyt	
2011	06		Publishing News: Blogging and the law	http://radar.oreilly.com/2011/06/pubwir-blogs-lawsuits-magazine-apps.html		other-author	jennw	
2011	06		Why a JavaScript hater thinks everyone needs to learn JavaScript in the next year	http://radar.oreilly.com/2011/06/time-to-learn-javascript.html		other-author	mikel	
2011	07		Seven reasons you should use Java again	http://radar.oreilly.com/2011/07/7-reasons-to-use-java.html		other-author	edd	
2011	07		"ePayments Week: Is ""0000"" your passcode?"	http://radar.oreilly.com/2011/07/epayments-passcodes-inapp-mcommerce-isis.html		other-author	daves	
2011	07		Four short links: 26 July 2011	http://radar.oreilly.com/2011/07/four-short-links-26-july-2011.html		other-author	nat	
2011	07		A rough guide to JVM languages	http://radar.oreilly.com/2011/07/jvm-languages.html		other-author	edd	
2011	07		Open source alchemy: Health care and Alembic at OSCON	http://radar.oreilly.com/2011/07/open-source-health-care-aurion.html		other-author	bahier	
2011	07		Sexual Harassment at Technical Conferences: A Big No-No	http://radar.oreilly.com/2011/07/sexual-harassment-at-technical.html		yes	tim	by/2011--radar-legacy-sexual-harassment-at-technical-conferences-a-big-no-no.md
2011	07		What is HTML5?	http://radar.oreilly.com/2011/07/what-is-html5.html		other-author	brett	
2011	07		What is Node.js?	http://radar.oreilly.com/2011/07/what-is-node.html		other-author	brett	
2011	08		Missing maps and the fragility of digital information	http://radar.oreilly.com/2011/08/missing-maps-fragility-digital.html		yes	tim	by/2011--radar-legacy-missing-maps-and-the-fragility-of-digital-information.md
2011	08		When was the last time you mined your site's search data?	http://radar.oreilly.com/2011/08/site-search-analytics-data.html		other-author	mslocum	
2011	09		The problem with deep discount ebook deals	http://radar.oreilly.com/2011/09/deep-discount-ebooks.html		other-author	joew	
2011	09		The future of looking back	http://radar.oreilly.com/2011/09/future-of-looking-back.html		yes	tim	by/2011--radar-legacy-the-future-of-looking-back.md
2011	09		ePayments Week: Google Wallet debuts	http://radar.oreilly.com/2011/09/google-wallet-android-users.html		not-fetched		
2011	09		"Harvard's Berkman Center hosts star-studded forum on media and the ""vast wasteland"""	http://radar.oreilly.com/2011/09/harvards-berkman-center-hosts.html		other-author	andyo	
2011	09		A look at Java 7's new features	http://radar.oreilly.com/2011/09/java7-features.html		other-author	madhusudhank	
2011	09		Fighting the next mobile war	http://radar.oreilly.com/2011/09/next-mobile-war-external-accessory.html		other-author	aallan	
2011	09		Promoting Open Source Software in Government: The Challenges of Motivation and Follow-Through	http://radar.oreilly.com/2011/09/promoting-open-source-software.html		other-author	andyo	
2011	10		Ada Lovelace Day: Revisiting Limor Fried	http://radar.oreilly.com/2011/10/ada-lovelace-day-revisiting-limor-fried.html		yes	tim	by/2011--radar-legacy-ada-lovelace-day-revisiting-limor-fried.md
2011	10		Dennis Ritchie Day	http://radar.oreilly.com/2011/10/dennis-ritchie-day.html		yes	tim	by/2011--radar-legacy-dennis-ritchie-day.md
2011	10		Moneyball for software engineering	http://radar.oreilly.com/2011/10/moneyball-for-software-enginee.html		other-author	jonathana	
2011	10		A focus on the stuff that matters most	http://radar.oreilly.com/2011/10/products-profit-passion-motivation.html		yes	tim	by/2011--radar-legacy-a-focus-on-the-stuff-that-matters-most.md
2011	10		Pseudonymity will increasingly disappear	http://radar.oreilly.com/2011/10/pseudonymity-will-disappear.html		yes	tim	by/2011--radar-legacy-pseudonymity-will-increasingly-disappear.md
2011	10		You share something, you get something back: How the web is redefining privacy	http://radar.oreilly.com/2011/10/you-share-something-you-get-so.html		other-author	reichental	
2011	11		Congress considers anti-piracy bills that could cripple Internet industries	http://radar.oreilly.com/2011/11/sopa-protectip.html		other-author	alexh	
2011	12		2011 Gov 2.0 year in review	http://radar.oreilly.com/2011/12/2011-gov2-year-in-review.html		other-author	alexh	
2011	12		There's a map for that	http://radar.oreilly.com/2011/12/redistricting-software-open-source-government.html		other-author	alexh	
2011	12		USENIX's LISA still for system administrators	http://radar.oreilly.com/2011/12/usenixs-lisa-still-for-system.html		other-author	andyo	
2012	01		"Can Maryland's other ""CIO"" cultivate innovation in government?"	http://radar.oreilly.com/2012/01/bryan-sivak-maryland-innovation-government.html		other-author	alexh	
2012	01		Moneyball for software engineering, part 2	http://radar.oreilly.com/2012/01/moneyball-software-engineers-teams-data.html		other-author	jonathana	
2012	01		"The hidden language and ""wonderful experience"" of product reviews"	http://radar.oreilly.com/2012/01/product-reviews-hidden-language.html		other-author	ciarab	
2012	01		Social is an integral part of tomorrow's reading experience	http://radar.oreilly.com/2012/01/social-reading-mobnotate-toc-podcast.html		other-author	joew	
2012	01		The Transportation Security Administration's QR code flub	http://radar.oreilly.com/2012/01/tsa-qr-code-flub.html		other-author	fredt	
2012	02		Data for the public good	http://radar.oreilly.com/2012/02/data-public-good.html		other-author	alexh	
2012	02		O'Reilly ebooks now optimized for Kindle Fire	http://radar.oreilly.com/2012/02/kindle-fire-mobi-kf8-oreilly-ebook.html		other-author	adamw	
2012	03		Direct sales uncover hidden trends for publishers	http://radar.oreilly.com/2012/03/publishers-data-direct-sales-customers.html		other-author	joew	
2012	03		The state of ebook pricing	http://radar.oreilly.com/2012/03/the-state-of-ebook-pricing.html		other-author	joew	
2012	04		Four short links: 20 April 2012	http://radar.oreilly.com/2012/04/four-short-links-20-april-2012.html		other-author	nat	
2012	05		I'm joining O'Reilly	http://radar.oreilly.com/2012/05/im-joining-oreilly.html		other-author	jims	
2012	06		William Gibson got some of it right	http://radar.oreilly.com/2012/06/william-gibson-neuromancer.html		other-author	jamest	
2012	07		Have a healthy conference	http://radar.oreilly.com/2012/07/have-a-healthy-conference.html		other-author	andyo	
2012	08		Big data is our generation’s civil rights issue, and we don’t know it	http://radar.oreilly.com/2012/08/big-data-is-our-generations-civil-rights-issue-and-we-dont-know-it.html		other-author	alistairc	
2012	08		Solving the Wanamaker problem for health care	http://radar.oreilly.com/2012/08/data-health-care.html		other-author	oreillyradar	
2012	08		Mining the astronomical literature	http://radar.oreilly.com/2012/08/data-mining-the-literature.html		other-author	aallan	
2012	10		Open health data in practice: Increase your access to lab results	http://radar.oreilly.com/2012/10/open-health-data-in-practice-increase-your-access-to-lab-results.html		yes	tim	by/2012--radar-legacy-open-health-data-in-practice-increase-your-access-to-lab-results.md
2012	11		Square Wallet, the Apple Store, and Uber: Software Above the Level of a Single Device	http://radar.oreilly.com/2012/11/square-wallet-the-apple-store-and-uber-software-above-the-level-of-a-single-device.html		yes	tim	by/2012--radar-legacy-square-wallet-the-apple-store-and-uber-software-above-the-level-of-a-s.md
2013	01		RFP-EZ: Making it easier for small companies to bid on government contracts	http://radar.oreilly.com/2013/01/rfp-ez-making-it-easier-for-small-companies-to-bid-on-government-contracts.html		yes	tim	by/2013--radar-legacy-rfp-ez-making-it-easier-for-small-companies-to-bid-on-government-contr.md
2013	01		Why we spun out Maker Media	http://radar.oreilly.com/2013/01/why-we-spun-out-maker-media.html		yes	tim	by/2013--radar-legacy-why-we-spun-out-maker-media.md
2013	01		Yelp partners with NYC and SF on restaurant inspection data	http://radar.oreilly.com/2013/01/yelp-partners-with-nyc-and-sf-on-restaurant-inspection-data.html		yes	tim	by/2013--radar-legacy-yelp-partners-with-nyc-and-sf-on-restaurant-inspection-data.md
2013	02		Crowdfunding science	http://radar.oreilly.com/2013/02/crowdfunding-science.html		other-author	reneed	
2013	05		Burning the silos	http://radar.oreilly.com/2013/05/burning-the-silos.html		other-author	mikel	
2013	05		Four short links: 28 May 2013	http://radar.oreilly.com/2013/05/four-short-links-28-may-2013.html		other-author	nat	
2013	05		Talking about in-memory	http://radar.oreilly.com/2013/05/talking-about-in-memory.html		other-author	jims	
2013	05		These are the top 20 investors to follow on Twitter? Really?	http://radar.oreilly.com/2013/05/these-are-the-top-20-investors-to-follow-on-twitter-really.html		yes	tim	by/2013--radar-legacy-these-are-the-top-20-investors-to-follow-on-twitter-really.md
2013	05		Where will software and hardware meet?	http://radar.oreilly.com/2013/05/where-will-software-and-hardware-meet.html		other-author	jbruner	
2013	06		Four short links: 7 June 2013	http://radar.oreilly.com/2013/06/four-short-links-7-june-2013.html		other-author	nat	
2013	06		Networked Things?	http://radar.oreilly.com/2013/06/network-enabled-internet-of-things.html		other-author	mikel	
2013	06		Phishing in Facebook’s Pond	http://radar.oreilly.com/2013/06/phishing-in-facebooks-pond.html		other-author	mikel	
2013	06		Radar podcast: anthropology, big data, and the importance of context	http://radar.oreilly.com/2013/06/radar-podcast-anthropology-big-data-and-the-importance-of-context.html		other-author	jbruner	
2013	06		Why We Started the Velocity Conference	http://radar.oreilly.com/2013/06/why-we-started-the-velocity-conference.html		yes	tim	by/2013--radar-legacy-why-we-started-the-velocity-conference.md
2013	07		Context Aware Programming	http://radar.oreilly.com/2013/07/context-aware-programming.html		yes	tim	by/2013--radar-legacy-context-aware-programming.md
2013	07		Four short links: 26 July 2013	http://radar.oreilly.com/2013/07/four-short-links-26-july-2013.html		other-author	nat	
2013	07		Podcast: quantum computing with Pete Worden and Bob Lee	http://radar.oreilly.com/2013/07/podcast-quantum-computing-with-pete-worden-and-bob-lee.html		other-author	jbruner	
2013	07		The Stories I Enjoyed Most in Last Week’s Sunday New York Times	http://radar.oreilly.com/2013/07/the-stories-i-enjoyed-most-in-last-weeks-sunday-new-york-times.html		yes	tim	by/2013--radar-legacy-the-stories-i-enjoyed-most-in-last-weeks-sunday-new-york-times.md
2013	07		Where Innovation Lives	http://radar.oreilly.com/2013/07/where-innovation-lives.html		other-author	jims	
2013	08		Four short links: 9 August 2013	http://radar.oreilly.com/2013/08/four-short-links-9-august-2013.html		other-author	nat	
2013	08		Podcast: ratings, rankings, and the advantage of being born lucky	http://radar.oreilly.com/2013/08/podcast-ratings-rankings-and-being-born-lucky.html		other-author	jbruner	
2013	08		Investigating the state of UX and UI design in tech	http://radar.oreilly.com/2013/08/ux-ui-innovation-future-of-design.html		other-author	jennw	
2013	08		The web performance I want	http://radar.oreilly.com/2013/08/web-performance-velocity-page-load-speed-cruftifying.html		other-author	mikel	
2013	09		Big data and the “Big Lie”: the challenges facing big brand marketers	http://radar.oreilly.com/2013/09/big-data-and-the-big-lie-the-challenges-facing-big-brand-marketers.html		other-author	reneed	
2013	09		Demographics are dead: the new, technical face of marketing	http://radar.oreilly.com/2013/09/demographics-are-dead-the-new-technical-face-of-marketing.html		other-author	reneed	
2013	09		Four short links: 20 September 2013	http://radar.oreilly.com/2013/09/four-short-links-20-september-2013.html		other-author	nat	
2013	09		Genetically modified foods: asking the right questions	http://radar.oreilly.com/2013/09/genetically-modified-foods-asking-the-right-questions.html		other-author	mikel	
2013	09		republished it here	http://radar.oreilly.com/2013/09/how-i-failed.html		duplicate	tim	
2013	09		Progressive reduction, Bret Victor rants, and Elon Musk is Tony Stark	http://radar.oreilly.com/2013/09/progressive-reduction-bret-victor-elon-musk-rmit-ui-design.html		other-author	jennw	
2013	09		Resharing Differences Between LinkedIn and Radar	http://radar.oreilly.com/2013/09/resharing-differences-between-linkedin-and-radar.html		yes	tim	by/2013--radar-legacy-resharing-differences-between-linkedin-and-radar.md
2013	10		Announcing BioCoder	http://radar.oreilly.com/2013/10/announcing-biocoder.html		other-author	mikel	
2013	10		Four short links: 18 October 2013	http://radar.oreilly.com/2013/10/four-short-links-18-october-2013.html		other-author	nat	
2013	10		More Lessons Learned from Failure	http://radar.oreilly.com/2013/10/more-lessons-learned-from-failure.html		yes	tim	by/2013--radar-legacy-more-lessons-learned-from-failure.md
2013	10		Podcast: expanding our experience of interfaces and interaction	http://radar.oreilly.com/2013/10/podcast-expanding-our-experience-of-interfaces-and-interaction.html		other-author	jennw	
2013	11		Patents, they’re not what they used to be	http://radar.oreilly.com/2013/11/patents-theyre-not-what-they-used-to-be.html		other-author	jims	
2013	12		Democratizing technology and the road to empowerment	http://radar.oreilly.com/2013/12/democratizing-technology-and-the-road-to-empowerment.html		other-author	jennw	
2013	12		Four short links: 27 December 2013	http://radar.oreilly.com/2013/12/four-short-links-27-december-2013.html		other-author	nat	
2013	12		Robots will remain forever in the future	http://radar.oreilly.com/2013/12/robots-will-remain-forever-in-the-future.html		other-author	mikel	
2013	12		Tweets loud and quiet	http://radar.oreilly.com/2013/12/tweets-loud-and-quiet.html		other-author	jbruner	
2014	02		Academic biology and its discontents	http://radar.oreilly.com/2014/02/academic-biology-and-its-discontents.html		other-author	mikel	
2014	02		Four short links: 19 February 2014	http://radar.oreilly.com/2014/02/four-short-links-19-february-2014.html		other-author	nat	
2014	02		Self-directed learning, and O’Reilly’s role in the ConnectED program	http://radar.oreilly.com/2014/02/self-directed-learning-and-oreillys-role-in-the-connected-program.html		yes	tim	by/2014--radar-legacy-self-directed-learning-and-oreillys-role-in-the-connected-program.md
2014	02		The technology and jobs debate raises complex questions	http://radar.oreilly.com/2014/02/the-technology-and-jobs-debate-raises-complex-questions.html		other-author	jims	
2014	02		Why Solid, why now	http://radar.oreilly.com/2014/02/why-solid-why-now.html		other-author	jims	
2014	03		Building a Solid World	http://radar.oreilly.com/2014/03/building-a-solid-world.html		other-author	jbruner	
2014	03		Four short links: 14 March 2014	http://radar.oreilly.com/2014/03/four-short-links-14-march-2014.html		other-author	nat	
2014	03		Reflections on Eric Raymond’s “Myth of the Fall”	http://radar.oreilly.com/2014/03/reflections-on-eric-raymonds-myth-of-the-fall.html		yes	tim	by/2014--radar-legacy-reflections-on-eric-raymonds-myth-of-the-fall.md
2014	03		Thinking with things	http://radar.oreilly.com/2014/03/thinking-with-things.html		other-author	jennw	
2014	04		Biology as I/O	http://radar.oreilly.com/2014/04/biology-as-io.html		other-author	jbruner	
2014	04		Disposable architecture?	http://radar.oreilly.com/2014/04/disposable-architecture.html		other-author	jennw	
2014	04		Four short links: 24 April 2014	http://radar.oreilly.com/2014/04/four-short-links-24-april-2014.html		other-author	nat	
2014	04		Robots in the lab	http://radar.oreilly.com/2014/04/robots-in-the-lab.html		other-author	mikel	
2014	05		Four short links: 26 May 2014	http://radar.oreilly.com/2014/05/four-short-links-26-may-2014.html		other-author	nat	
2014	05		Life, death, and autonomous vehicles	http://radar.oreilly.com/2014/05/life-death-and-autonomous-vehicles.html		other-author	mikel	
2014	05		Why PayPal jumped the software-hardware gap	http://radar.oreilly.com/2014/05/why-paypal-jumped-the-software-hardware-gap.html		other-author	jbruner	
2014	06		Four short links: 12 June 2014	http://radar.oreilly.com/2014/06/four-short-links-12-june-2014.html		other-author	nat	
2014	06		From the network interface to the database	http://radar.oreilly.com/2014/06/from-the-network-interface-to-the-database.html		other-author	mikel	
2015	09		Improving Uber’s surge pricing	http://radar.oreilly.com/2015/09/improving-ubers-surge-pricing.html		duplicate	tim	
