date	title	duration	audio_url	tags	description
2021-10-08	The People Powering AI Decisions	50:23	https://www.podtrac.com/pts/redirect.mp3/dovetail.prxu.org/106/99eee745-ef0b-40c6-a11e-cb12d9b67efd/Gray_Podcast_Part1.mp3	AI; Algorithms; Artificial intelligence; Digital; Facebook; GBH; Ghost work; Innovation Hub; Internet; Kara Miller; Mary Gray; PRX; Segment; Technology; Uber; gig work; social media	"The 1964 Supreme Court Case Jacobellis v. Ohio presented a highly subjective question to the justices: what is obscenity or pornography? How do you define it? Where do you draw the line? In response, Justice Potter Stewart gave us the iconic line, ""I know it when I see it."" His ambiguous answer works fine for humans who can make judgement calls on the fly, but the algorithms that rule our lives need rules that are much more concrete. Say you flag something as inappropriate on social media. How is artificial intelligence meant to answer a question that even the Supreme Court could not definitively pin down? That’s where humans come in. Mary Gray, an anthropologist and co-author of the book,“Ghost Work: How to Stop Silicon Valley From Building a New Global Underclass,” explores the work and lives of the real people behind online processes that internet users may assume are purely algorithmic. From analyzing medical tests, to flagging questionable social media posts, to identifying your rideshare driver, Gray argues that the human touch of “ghost work” is not only essential, but this hidden workforce will continue to keep growing."
2021-10-01	The Lost Art of Listening	31:55	https://www.podtrac.com/pts/redirect.mp3/dovetail.prxu.org/106/64d12fbe-c34c-411b-b6e1-925d25ea86a7/1002_IHub_Podcast_A_Seg.mp3	Conversation; Culture; GBH; Human connection; Innovation Hub; Kara Miller; Kate Murphy; Listening; PRX; Segment; Technology	We have become accustomed to politicians shouting at each other, and confrontational TV talk show hosts who do anything but listen to their guests, but how good are any of us at truly focusing on the words of others in our conversations? Listening is a lost art, according to Kate Murphy the author of “You're Not Listening: What You're Missing and Why It Matters,” and the cost to our health, our relationships, and our society is steep, she says. Murphy explains how the modern world has shaken our capacity for deep listening and what we can do about it.
2021-10-01	The Evolution of Play	17:48	https://www.podtrac.com/pts/redirect.mp3/dovetail.prxu.org/106/6dd7e524-abe8-4ace-a330-d0638d357105/1002_IHub_Podcast_C_Seg.mp3	Dorsa Amir; GBH; Innovation Hub; Kara Miller; PRX; anthropology; childhood; children; kids; learning; play; segment	Childhood today is radically different than it was just a few generations ago. Before the coronavirus pandemic, kids’ busy schedules included school, homework, chores, sports, music lessons and other activities. Those packed schedules often left out one key element that is crucial to growth and learning — play. That’s according to Dorsa Amir, a postdoctoral researcher and evolutionary anthropologist at Boston College. Amir has studied the Shuar people of Ecuador, a non-industrialized society, and observed startling differences in how Shuar children and American children spend their time. She tells us how childhood has changed drastically, and how that affects kids today.
2021-09-24	When Romance Meets Ratios	50:25	https://www.podtrac.com/pts/redirect.mp3/dovetail.prxu.org/106/d2c3ac00-ece8-4411-9af0-3ae3e6d0956d/0925_IHub_PODCAST_A_Seg.mp3	Andrew Cherline; College; Culture; Dating; GBH; Higher education; Innovation Hub; Jon Birger; Kara Miller; Marriage; Math; PRX; Romance; Segment	In 2019, women hit a milestone in gender parity when they became the majority of the college-educated workforce. While it may be easy to see how this ​achievement will impact the economy, earnings, and job opportunities, it is probably a little bit harder to predict how it will shape, of all things, the dating market. Jon Birger, a business journalist and former senior writer at Fortune, has authored two books on the connection between ratios and relationships. Birger acknowledges that not everyone has a desire to engage in a heterosexual relationship or get married. But of those who do, college-educated women may have a particularly hard time finding a partner, he notes. Birger says this is because there are many fewer men enrolled in college - about 60% of college freshmen are now women. Men also drop out of college at higher rates, resulting in a dating market with a shortage of college-educated men. When this gender asymmetry is extended into broader society, Birger explains it can have significant consequences for people’s happiness, fertility rates, and the economy. And Andrew Cherlin, a professor of public policy at Johns Hopkins University, talks with us about his - related - new research on changing marriage rates for college and non-college educated Americans.
2021-09-17	 Why Exercise? 	49:51	https://www.podtrac.com/pts/redirect.mp3/dovetail.prxu.org/106/8fd460ba-e62d-4c4f-9d21-93a6bcbcdab7/0918_IHub_PODCAST_A_Seg.mp3	Daniel Lieberman; Exercise; Fitness; GBH; Gym; Health; Innovation Hub; Jogging; Kara Miller; PRX; Running; Segment; Standing desks	Exercise is a relatively recent phenomenon. After all, it’s difficult to imagine a caveman on a treadmill. And it’s safe to say that paleolithic humans never pumped iron. But something changed as we moved from the plow to the Peloton. Exercise - physical exertion for the purpose of improving health or fitness - became a huge part of modern life, and a nearly $100 billion global industry. But why do we spend so much time and money at the gym or on the track and does it actually help our well-being? And why is exercise, at least for some of us, such a miserable experience? Daniel Lieberman, professor of human evolutionary biology at Harvard University and author of the book “Exercised: Why Something We Never Evolved to Do Is Healthy and Rewarding,” has some fascinating answers.
2021-09-10	How Gay Marriage Won	50:23	https://www.podtrac.com/pts/redirect.mp3/dovetail.prxu.org/106/9ac2ef2a-8c2e-4eaa-a5b3-5eaa95140fbb/09_11_21_Podcast_Part1_Innovation_Hub.mp3	GBH; Gay Marriage; History; Innovation Hub; Kara Miller; LGBTQ; PRX; Queer history; Sasha Issenberg; Segment	In the decades since Roe v. Wade, public sentiment about abortion has remained fairly steady. By contrast, in the mid-1990s, only around a quarter of the country supported gay marriage, and then, somehow, just 15 years later, those numbers had nearly doubled. Sasha Issenberg, author of “The Engagement: America’s Quarter-Century Struggle Over Same-Sex Marriage,” tracks the twists and turns that the fight for same-sex marriage in America took, from a power struggle over a parade in Hawaii, to shifts in elite opinion, which all brought gay marriage from a “quirky,” niche issue in the 90s to being federally accepted by 2015.
2021-09-03	Will The Future of Work Leave Workers Behind?	50:23	https://www.podtrac.com/pts/redirect.mp3/dovetail.prxu.org/106/cf0e45cb-e8ca-464b-8125-865e36fef15a/09_04_21_Podcast_Work_Seg1.mp3	Betsey Stevenson; David Autor; Economy; Innovation Hub; Kara Miller; WGBH; Work	The U.S. economy has come a long way since the darkest days of the pandemic, but the future remains uncertain for many, especially those hit the hardest: low-wage workers. Last April, David Autor, an MIT economist, predicted that a pandemic-induced recession would be an “automation forcing event,” with executives rapidly deploying non-human labor to replace workers, particularly in the service sector - and he was right. Autor and Betsey Stevenson, who served as chief economist at the U.S. Department of Labor and is currently a professor of economics and public policy at the University of Michigan, discuss COVID-19’s long-lasting impact on the ways employees will work, consume and manage family dynamics, for years to come.
2021-08-27	How the West Dominated Our Brains	50:25	https://www.podtrac.com/pts/redirect.mp3/dovetail.prxu.org/106/4be9bcb6-44cd-4b80-b0b7-269f1f3c4348/0828_IHub_PODCAST_A_Seg.mp3	Brain science; Catholicism; History; Incest; Innovation Hub; Joseph Henrich; Kara Miller; PRX; Psychology; Segment; Tribalism; WGBH	About 1500 years ago, the world was a very different place; Pope Gregory was spreading Catholicism far and wide, a plague was running rampant, and some dominoes were about to start falling. The end of that cascade would end up in a world where a certain group of people started to think quite differently from those who had come before them. Their brains began to change, the societies they built thrived and they grew so influential and culturally dominant that their way of thinking permeated our entire psychology. In other words, it created W.E.I.R.D. people — a Western, educated, industrialized, rich, and Democratic population that grew into a global powerhouse. That’s according to Joseph Henrich, chair of the department of human evolutionary biology at Harvard University, and author of “The WEIRDest People in the World: How the West Became Psychologically Peculiar and Particularly Prosperous.” He writes that people who learn to read, who are educated in a Western way – no matter where they live in the world – have brains that look and think unlike more traditional human brains.
2021-08-24	FIXED: Walter Isaacson on How Gene Editing Will Change Life	49:49	https://www.podtrac.com/pts/redirect.mp3/dovetail.prxu.org/106/5090f736-1a9a-4788-926c-2e05c37b2016/0821_IHub_Rerun_Podcast_A_Seg.mp3	DNA; GBH; Innovation Hub; Jennifer Doudna; Kara Miller; PRX; Science; Segment; Walter Isaacson	Walter Isaacson has made a habit of profiling world-changers: innovators who, through their discoveries, upend the way we live. Recently, he’s been preoccupied with individuals who have unlocked what he calls “fundamental kernels of our existence” - first Albert Einstein and the atom, then Steve Jobs and the bit, and now, in his latest work, Jennifer Doudna and the gene. In The Code Breaker, Isaacson dives into the CRISPR revolution and how the booming field of gene editing is altering how we treat disease and think about what it means to be human. Jennifer Doudna, who shared the 2020 Nobel Prize in Chemistry for her role in developing CRISPR, is Isaacson’s centerpiece as he guides readers through this new frontier, and the pressing moral questions that sophisticated, cutting-edge biological tools now pose. ** This episode has been reuploaded with the correct audio.
2021-08-13	Sal Khan on Leveling the Playing Field, In and Out of the Classroom	30:00	https://www.podtrac.com/pts/redirect.mp3/dovetail.prxu.org/106/30fe2453-8027-486e-8ba9-00c53279128b/08_14_21_Khan_Seg1.mp3	Education; Innovation Hub; Khan Academy; Sal Khan	Educators around the country were plunged into a massive experiment with virtual learning last year, when more than 50 million K-12 students were sent home at the start of the pandemic. Many were soon knocking on the door of the father of online education, Sal Khan, looking for help. The founder and CEO of the nonprofit Khan Academy, which provides free educational resources to anyone who wants them, says he was impressed with the “heroic efforts” of numerous school districts to close the digital divide, by providing device and internet access for all who needed it. Now Khan hopes school leaders “are going to be thinking long-term” and will seize the moment to create what he considers much needed system-wide change.
2021-08-13	Pandemic Politics Hit the Classroom	20:12	https://www.podtrac.com/pts/redirect.mp3/dovetail.prxu.org/106/a78133fb-4a39-4328-bc62-0f1c7c2ee0dd/08_14_21_Dovere.mp3	Education; Edward-Isaac Dovere; Innovation Hub	All over the country, school districts are grappling with how to safely reopen classrooms in the midst of a resurgent pandemic. While many have already made decisions about in-person learning, state and local governments are clashing over mask mandates and vaccination requirements. Edward-Isaac Dovere, a staff writer for The Atlantic and author of “Battle for the Soul: Inside the Democrats' Campaigns to Defeat Trump,” discusses the political and practical implications of such divergent reopening policies.
2021-08-06	Has Cleaning Gone Too Far?	25:39	https://www.podtrac.com/pts/redirect.mp3/dovetail.prxu.org/106/181fc308-24cf-4667-b8a1-a24a270fb65f/0807_IHub_PODCAST_A_Seg.mp3	Bacteria; Cleaning; GBH; Germs; Hygiene; Innovation Hub; Kara Miller; Microbes; Microorganisms; PRX; Rob Dunn; Science; Segment; Viruses	It has been said that cleanliness is next to godliness, but the constant disinfecting and scrubbing of our homes, offices and public spaces during the coronavirus pandemic has taken these seemingly virtuous efforts to a whole new level. COVID-19 is now understood to spread primarily through close contact with infected people, rather than contaminated surfaces, but that hasn’t stopped consumers from snapping up cleaning products that promise to kill 99% of germs. Trying to eliminate all bacteria, including those that are beneficial to us, can lead to autoimmune disorders, warns Rob Dunn. The professor of Applied Ecology at North Carolina State University and author of: “Never Home Alone: From Microbes to Millipedes, Camel Crickets, and Honeybees, the Natural History of Where We Live,” explains how we can be more intentional about our interactions with the living world (indoors and outdoors) and better understand its influence on our well-being.
2021-08-06	America's Sherlock	24:18	https://www.podtrac.com/pts/redirect.mp3/dovetail.prxu.org/106/92a96f62-b74b-4227-ab79-96fc37561251/0807_IHub_PODCAST_C_Seg.mp3	Crime scene investigation; Edward Oscar Heinrich; Forensics; GBH; Innovation Hub; Kara Miller; Kate Winkler Dawson; PRX; Police work; Segment; Sherlock Holmes; True crime	Imagine a crime scene, and what it might take to solve the case. Do you think about dusting for fingerprints? DNA collection? According to Kate Winkler Dawson, author of “American Sherlock: Murder, Forensics, and the Birth of American CSI” and associate professor of journalism at the University of Texas at Austin, the man we can thank for that approach is Edward Oscar Heinrich. In the early 20th century, Heinrich took the world of forensics from guesswork, confession, and coercion to a place of science and nuanced evidence. While some of his experiments have been discredited in recent years as “junk science,” Heinrich’s impact can still be seen in the way many crime scenes are evaluated today.
2021-07-30	Can Capitalism Save Us from Capitalism?	49:52	https://www.podtrac.com/pts/redirect.mp3/dovetail.prxu.org/106/69554799-22fb-4419-88b5-acdd29195dcb/0724_IHub_PODCAST_A_Seg.mp3	Capitalism; Climate change; GBH; Innovation Hub; Kara Miller; PRX; Rebecca Henderson; Segment; Socialism; WGBH; Walmart	Business won’t save the world, but — according to Harvard economist Rebecca Henderson — it can help fix it. Henderson, author of Reimagining Capitalism in a World on Fire, became preoccupied with economics after working for the consulting firm McKinsey & Company where her job was “shutting plants” down if they proved unable to adapt to market changes. Since then, Henderson has been animated by the question of how to build a more just and sustainable system.
2021-07-23	How to Beat Burnout	50:02	https://www.podtrac.com/pts/redirect.mp3/dovetail.prxu.org/106/037e629d-5828-46ca-8f4d-91d0f3b333bb/07_24_Podcast_Part1.mp3	Burnout; GBH; Innovation Hub; Jennifer Moss; Kara Miller; PRX; Segment; jobs; stress; work	In Japanese, the word “karoshi” translates to “death by overwork.” As reports of workplace burnout have skyrocketed since the pandemic, it’s a phrase that aptly encapsulates a feeling that thousands of workers have experienced over the past year. But the issue is neither temporary nor solely catalyzed by the pandemic; instead, we face a long-term health risk with rippling impacts. This is the argument put forth by Jennifer Moss, a journalist and author of the forthcoming book “The Burnout Epidemic: The Rise of Chronic Stress and How We Can Fix It.” Moss notes that while burnout has been experienced “since building the pyramids,” there is something distinct about the current wave of workplace stress plaguing our offices. Technology, a pandemic, and a productivity-oriented work culture have combined to create the perfect storm, she says. “Crisis exacerbates an existing problem. Then what happens is it explodes,” Moss explains. What’s more, she says, it is not something that can be addressed simply by “downstream” efforts like office yoga sessions or even a paid week off. Rather, Moss argues, it requires fundamental, institutional change that prioritizes stress prevention over management.
2021-07-16	Climate Migration Is Already Here And It's Going To Get Worse	50:06	https://www.podtrac.com/pts/redirect.mp3/dovetail.prxu.org/106/da7a086d-7d9e-429e-9f81-67d61569e96d/07_17_21_Podcast_Part1.mp3	Climate change; GBH; Innovation Hub; Kara Miller; Michael Oppenheimer; PRX; Segment; global warming; human migration	A migration crisis is already underway, and it's caused, at least in large part, by climate change, according to modeling by ProPublica and the New York Times Magazine. Their expert analysis shows that without the proper preparation and political will, it will worsen as soon as 2050. Michael Oppenheimer, a professor of Geosciences and International Affairs at Princeton University, explains how the increasingly deadly combination of heat and humidity is driving people from their homelands. He predicts greater migratory build-ups along the US-Mexico border, in Southeast Asia, and on North Africa’s Mediterranean coast. Even if we develop a strong response now, a “lack of foresight,” he argues, has brought us to our current reality: a certain level of climate change is already baked into the system for the next 30 years. Oppenheimer says governments must restructure their thinking around climate change to focus not just on emissions, but also extreme weather response. Plus, we hear from three local reporters at our affiliate stations about the environmental challenges facing their cities. Houston Public Media’s Katie Watkins, WJCT’s Brendan Rivers in Jacksonville and KJZZ’s Ron Dungan in Phoenix, join us to discuss droughts, flooding, land use, and more.
2021-07-09	The Amazon Effect	50:10	https://www.podtrac.com/pts/redirect.mp3/dovetail.prxu.org/106/294eae0e-2cfb-4e93-bf6c-2b8023c8bacc/0709_IHub_PODCAST_A_Seg.mp3	Alexa; Amazon; Amazon Echo; Blue Origin; Brad Stone; Dot com bubble; GBH; Innovation Hub; Jeff Bezos; Kara Miller; Monopolies; Netflix; PRX; Segment; Trump; Washington Post; Whole Foods	July 2021 is a big month for Amazon’s Founder and former CEO, Jeff Bezos. Not only did he step down as CEO of the company he built into a $1.63 trillion empire, he will also fly into space on the first crewed flight of his New Shepard rocket ship. And yet, the space trip is just the most recent of Bezos’ boundary-breaking endeavors. Bezos and his company have revolutionized American business, extending their reach into nearly every industry— from retail, to media, to healthcare, and cloud computing. Brad Stone—the author, most recently, of Amazon Unbound: Jeff Bezos and the Invention of a Global Empire—explains that the e-commerce giant has often seemed “unbound from the laws of corporate gravity.” While most companies eventually plateau, Stone says that Amazon has defied these business norms by continuing to grow rapidly. Stone, a Senior Executive Editor at Bloomberg News with years of experience reporting on the company, examines Amazon’s various successes and Bezos’ sweeping influence. Specifically, he traces Bezos’ transformation from a frugal tech nerd to a buff billionaire whose high-profile divorce made headlines. But what exactly accounts for Amazon’s extraordinary rise? If there is one thing that drives Bezos, Stone points out, it’s his deep fear of stasis.
2021-07-02	To Rethink the Constitution	49:57	https://www.podtrac.com/pts/redirect.mp3/dovetail.prxu.org/106/70620f87-3ac3-46d6-9fed-a4690fe1cbc8/07_03_Rerun_PODCAST_A_Seg.mp3	Abigail Adams; Christianity; Evangelism; First Amendment; Founding Fathers; Free Speech; Fundamentalism; GBH; Government; Gun rights; Innovation Hub; Kara Miller; Law; Mary Anne Franks; NRA; Originalism; PRX; Religion; Second Amendment; Segment; Slavery; UCLA; US Constitution	The Constitution, first drafted in 1787, stands as the supreme law of the land in the U.S. But Mary Anne Franks — a law professor at the University of Miami who grew up attending a fundamentalist church in Arkansas — says that often “we read it not as a text but as Scripture,” much in the same way she was taught to read the Bible as a child. Franks, author of The Cult of the Constitution, argues that originalism — the judicial view that the Constitution should only be interpreted as its writers meant it to be when it became law — has been used to justify ahistorically broad interpretations of both the First and Second Amendments. Rather than claiming “transcendental access” to the founders’ legal intentions, she proposes we honor the Constitution communally by extending its rights and values to all, including the most vulnerable members of our society.
2021-06-25	A Learning Revolution for a Post-Pandemic World	50:09	https://www.podtrac.com/pts/redirect.mp3/dovetail.prxu.org/106/c1eb8c15-2f66-49d3-9a68-fcd014282c73/06_26_Education_Podcast_Part_1.mp3	GBH; Innovation Hub; Kara Miller; Margaret Spellings; PRX; Paul Reville; Pedro Noguera; Sal Khan; Segment; covid; education; home schooling; k-12; microschools; online learning; school; standardized testing	School is out for the summer, but many students, educators and parents are still reeling from an earthquake in K-12 education. It will take time to recover from learning loss, fractured relationships, stress and other problems caused or exacerbated by the coronavirus pandemic. Nevertheless, as we emerge from crisis mode, some see a chance to transform American education for the better. Paul Reville, a professor at the Harvard Graduate School of Education, Pedro Noguera, dean of the University of Southern California Rossier School of Education, and Margaret Spellings, former U.S. Secretary of Education for President George W. Bush, dive into the challenges and opportunities that lie ahead. While Sal Khan, founder and CEO of the online learning platform Khan Academy, and a handful of parents consider the possibilities that come with an educational landscape no longer bound by time and space.
2021-06-18	The Death Grip of Email	49:49	https://www.podtrac.com/pts/redirect.mp3/dovetail.prxu.org/106/80a53803-c9d2-49ca-90a9-5809d4d64f49/06_19_Newport_Podcast_Part1.mp3	Attention; Brains; Cal Newport; Communication; Distraction; Email; GBH; Innovation Hub; Internet; Kara Miller; Neuroscience; PRX; Productivity; Psychology; Segment; Technology; Work	Constantly checking your email might feel like textbook responsible work behavior but, according to Cal Newport — a professor of computer science at Georgetown University and author of A World Without Email — it can actually wreak havoc on productivity. Newport argues that our out-of-control inboxes are keeping us from being the thinkers, workers, and problem solvers we could be if email ran our lives less.
2021-06-11	Inventing Latinos	50:04	https://www.podtrac.com/pts/redirect.mp3/dovetail.prxu.org/106/939a6db1-1e03-4521-8101-e624a484d1cf/0612_IHub_PODCAST_A_Seg.mp3	Ana Navarro-Cárdenas; Black; Census; Ethnicity; Hispanic; Interracial Marriage; Kara Miller; Latino; Latinx; Laura Gómez; Linguistics; Mexican-American; Miscegenation; Race; White	On the 2020 U.S. census, Americans faced five options: White, Black or African American, American Indian or Alaska Native, Asian, and Native Hawaiian or Other Pacific Islander. These might have reflected a broad swath of the population, but for citizens from any of the dozens of countries south of the United States, there was a pretty obvious choice missing: Latino. Laura Gómez, a law professor at UCLA and the author of “Inventing Latinos: A New Story of American Racism,” argues that Latinos – both the word and the ethnic category – are pretty recent inventions. The government only officially recognized it in the 1980s, and acknowledging people from Central and South America as a distinct ethnic group was a paradigm shift with real social and political impact. The question of Latinos’ race has affected issues from marriage laws, to access to education, and beyond. Plus, Ana Navarro-Cárdenas, a political strategist and commentator, says that Latinos are not only changing as an identity, but also as a voting bloc. Latino is a term used to describe as many as 60 million people from dozens of places and a multitude of ways of becoming American. Some have been on U.S. soil for generations, some crossed the border, and some had the border cross them. Just as in any other large, diverse group, there is a full spectrum of political identities, so to court the so-called “Latino vote” is a big ask, she says.
2021-06-04	 What’s The Point of Exercise? 	49:51	https://www.podtrac.com/pts/redirect.mp3/dovetail.prxu.org/106/7045937f-7503-40a4-92c7-1a0ebfc96598/0605_IHub_PODCAST_A_Seg.mp3	Daniel Lieberman; Dieting; Exercise; Fitness; GBH; Health; Innovation Hub; Kara Miller; PRX; Running; Segment; Standing Desks	Exercise is a relatively recent phenomenon. After all, it’s difficult to imagine a caveman on a treadmill. And it’s safe to say that paleolithic humans never pumped iron. But something changed as we moved from the plow to the Peloton. Exercise - physical exertion for the purpose of improving health or fitness - became a huge part of modern life, and a nearly $100 billion global industry. But why do we spend so much time and money at the gym or on the track and does it actually help our well-being? And why is exercise, at least for some of us, such a miserable experience? Daniel Lieberman, professor of human evolutionary biology at Harvard University and author of the book “Exercised: Why Something We Never Evolved to Do Is Healthy and Rewarding,” has some fascinating answers.
2021-05-28	To Crack the Code of Wall Street	29:03	https://www.podtrac.com/pts/redirect.mp3/dovetail.prxu.org/106/326e058d-ef9f-4127-b120-cb68f5a3d83a/0529_IHub_PODCAST_A_Seg.mp3	AI; GBH; Gregory Zuckerman; Innovation Hub; Kara Miller; PRX; Wall Street; algorithms; artificial intelligence; big data; hedge funds; investing; jim simons; quants; renaissance technologies; segment; stocks; trading	Have you ever wanted to be rich? Really rich? Gregory Zuckerman, a special writer at The Wall Street Journal and author of “The Man Who Solved the Market: How Jim Simons Launched the Quant Revolution,” shares the story of the mathematicians who cracked Wall Street’s code. Starting from humble beginnings in a strip mall on Long Island, NY, the hedge fund company that Simons started (where about 300 people work today) now pulls in more money in a year than companies like Hasbro and Hyatt Hotels, which have tens of thousands of employees.
2021-05-28	A Goodbye To Language As You Know It	20:21	https://www.podtrac.com/pts/redirect.mp3/dovetail.prxu.org/106/74d23258-6747-4602-8634-70dedcc4b700/0529_IHub_PODCAST_C_Seg.mp3	dictionary; english; etymology; innovation hub; kara miller; katherine connor martin; language; linguistics; pri; prx; segment; slang; wgbh; words	It seems like every time a dictionary publishes a new update, people flock to social media to talk about it. Whether they’re responding to the addition of the word “fam” or the dad joke, They always return to the question of what consequences these additions will have. Do they really spell disaster for the English language? Turns out, the “updation” (new to the Oxford English Dictionary as of last year) of language isn’t necessarily a bad thing. And it’s been going on for as long as language has existed. Katherine Connor Martin, head of U.S. dictionaries at Oxford University Press, explains why the creation of new words is actually natural, and tells us how the ways we communicate have been speeding up the evolution of language.
2021-05-21	The Watch Named Arnold	11:24	https://www.podtrac.com/pts/redirect.mp3/dovetail.prxu.org/106/07f5e1fc-f82b-4d02-b84e-dc28d23ec5fd/05_22_21_Podcast_Ramirez.mp3	Ainissa Ramirez; Clocks; GBH; Innovation Hub; Kara Miller; Material Sciences; PRX; Segment; Time; timezones; watches	It might be hard to believe, but there was a time when time wasn’t as exact as it is now. When people would come over on “Tuesday” rather than “Tuesday at exactly 2:30.” Ainissa Ramirez is a scientist and author of The Alchemy of Us How Humans and Matter Transformed One Another, and she tells the story of how Materials Science made time so important. Strangely enough, it involves a woman who sold time, using a watch named Arnold.
2021-05-21	The Man Behind 24-Hour News	37:56	https://www.podtrac.com/pts/redirect.mp3/dovetail.prxu.org/106/010a8d89-acd9-4160-8229-7c95d458c5c3/05_22_21_Podcast_Napoli_Seg1.mp3	24/7 News Cycle; CNN; GBH; Innovation Hub; Journalism; Kara Miller; Lisa Napoli; Local news; National news; News; PRX; Segment; Ted Turner; Televisions	It might be difficult to remember now, but there was a time when the news wasn’t 24/7. There were morning and evening editions of the paper; the nightly news was, well, nightly; radio offered updates from time to time. But there’s a whole lot of difference between that world and today’s never-stop cavalcade of heartbreak, tragedy, excitement, and despair. And one of the biggest dividing lines between those two realities was the creation of CNN. Journalist Lisa Napoli is the author of “Up All Night: Ted Turner, CNN, and the Birth of 24-Hour News,” and she argues that CNN didn’t just change television, or cable, or even news… it changed our entire world.
2021-05-14	Why We Can’t Quit Cities	33:29	https://www.podtrac.com/pts/redirect.mp3/dovetail.prxu.org/106/4f9fa659-2e09-4fec-b9b2-3cdfd4b8f1fa/05_15_21_Podcast_Wilson_Seg1.mp3	Ben Wilson; Cities	Many cities fell out of favor during the coronavirus pandemic, as those with means abandoned them for safer pastures – often to the annoyance of both the people left behind and residents of the places they fled to. However, British historian and writer Ben Wilson says our love-hate relationship with cities is an age-old story that has been repeated again and again for over 6,000 years. In his latest book, “Metropolis: A History of the City, Humankind’s Greatest Invention,” Wilson celebrates the good, the bad and the ugly of all things urban. His hope is that cities of the future will become more affordable, sociable and livable and also fun-filled places, brimming with culture. We need cities that, “we really, really want to be in,” he says, “not just for work but for all the good things that life brings us.”
2021-05-14	The Future of Traffic	15:54	https://www.podtrac.com/pts/redirect.mp3/dovetail.prxu.org/106/2e2593de-9bf3-4795-a350-01ae702c3764/05_15_21_Podcast_Manville.mp3	Congestion; Michael Manville; Traffic	With the pandemic creating a wave of employees who have decided to work from home part-time, it might be reasonable to assume that traffic will get a lot better. After all, how can there be traffic when a big slice of workers are sitting in their home offices? Not so fast, says Michael Manville, a professor of urban planning at UCLA, who has spent his career studying traffic. Manville argues that our new lifestyles and rhythms won’t fix congested highways, but there is one way to help regulate traffic flow — a solution which will not only reduce our commute times; it will also improve the health of our communities.
2021-05-07	Why It’s Hard to See that Less Is More	27:17	https://www.podtrac.com/pts/redirect.mp3/dovetail.prxu.org/106/17b00b3a-d1d6-4b94-bfcd-8fea4890d722/0508_IHub_PODCAST_A_Seg.mp3	GBH; Innovation Hub; Kara Miller; Leidy Klotz; Less is more; Marie Kondo; Minimalism; PRX; Pandemic; Segment; Subtraction	When figuring out how to tackle a problem, our instincts are almost always to add: we make to-do, not to-don’t lists after all. But just because humans have a harder time seeing subtraction — which can come in the form of tearing down buildings, dismantling barriers, and pruning old ideas — as a viable solution doesn’t make it any less useful of an approach. Leidy Klotz is a professor of architecture, engineering, and business at the University of Virginia and the author of “Subtract: The Untapped Science of Less.” The idea of studying subtraction crystalized for Klotz when he and his son were trying to level a Lego bridge. By the time Klotz grabbed an extra Lego to even things out, his son had already solved the problem by removing one. Klotz now studies why we overlook subtracting as a way to improve things, including the various biological and cultural forces that push us towards more even when less would serve us better.
2021-05-07	How COVID Has Crushed Working Women	22:31	https://www.podtrac.com/pts/redirect.mp3/dovetail.prxu.org/106/2be5bdd6-bbfa-4f9a-87c2-5cf757cfab69/0508_IHub_PODCAST_C_Seg.mp3	Betsy Stevenson; Caregiving; Childcare; Economics; GBH; Innovation Hub; Jobs; Kara Miller; PRX; Segment; Working women	In 2019, women were doing exceptionally well in the workplace — hitting record-setting workforce participation numbers, holding more non-farm payroll jobs than men for only the second time in history (in 2009, they had also briefly outpaced men, as men lost jobs more quickly during the Great Recession). Then came COVID-19, which disproportionately affected women and particularly women with children. Over many months, the issue of child care has “slowly come to a boil” as working parents, and especially working mothers, have found themselves forced to simultaneously manage their careers and care for children stuck at home due to pandemic-driven school closures. Betsey Stevenson, the chief economist in the Labor Department under President Obama and a professor at the University of Michigan, has spent the past year monitoring how the pandemic has pulled the progress of women in the workforce back decades. Stevenson argues that the “insanity” of the U.S.’s lack of infrastructure, to support working parents, has forced women out of the labor force and will require bold political solutions post-pandemic.
2021-04-30	Take a Look at This Photograph	14:27	https://www.podtrac.com/pts/redirect.mp3/dovetail.prxu.org/106/a2c45792-2037-46eb-9b1b-fd203b087ddd/032101_Ramirez_Seg.mp3	Ainissa Ramirez; Animation; Apartheid; Art; Bias; GBH; Horses; Innovation Hub; Kara Miller; Kodak; Material Science; PRX; Photography; Pictures; Polaroid; Race; Segment	From Mathew Brady’s Civil War photographs, to some of the first images of Earth in space, photography has shaped the way we see ourselves. Which means that when photographic technology changes and progresses, it can really shift our self-image. Ainissa Ramirez is a scientist and the author of The Alchemy of Us: How Humans and Matter Transformed One Another, and she was previously on Innovation Hub to talk about how materials science altered the way we think about time. Now, she tells the fascinating story of how people shaped photographs and how those photographs then shaped us. And that story begins with an incredibly rich man betting on horses.
2021-04-30	An Invisible Future for American Jobs	34:49	https://www.podtrac.com/pts/redirect.mp3/dovetail.prxu.org/106/8f0e4272-c713-4a1c-83ce-fddc4aad74ff/050121_Winant_Seg1.mp3	Deindustrialization; Economy; GBH; Gabriel Winant; Health Care; Health care workers; Health insurance; Hospitals; Innovation Hub; Jobs; Kara Miller; Manufacturing; Nurses; PRX; Pittsburgh; Rust Belt; Segment; Unions	Over the last several decades, manufacturing jobs in the U.S. have withered. Meanwhile, health care has become the fastest growing job sector in the country, and it’s been on top for years. According to Gabriel Winant, a historian at the University of Chicago, and author of “The Next Shift: The Fall of Industry and the Rise of Health Care in Rust Belt America,” not only are those two opposing trends related, but there are also some serious consequences to the connection.
2021-04-23	The Made Up World of Money	49:50	https://www.podtrac.com/pts/redirect.mp3/dovetail.prxu.org/106/a94a3aa0-95df-4447-9c80-7da457cd0d9f/0424_IHub_Podcast_A_Seg.mp3	Bitcoin; Currency; Finances; Fred Kaufman; GBH; GME; Innovation Hub; Kara Miller; Money; Mythos; PRX; Segment; Social constructs; Stocks; Wall Street	Money is “a social agreement,” according to Frederick Kaufman, a journalism professor at the City University of New York. You and the cashier both agree that a $20 bill — a green piece of paper that any baby or dog wouldn’t hesitate to tear to shreds — is worth something, and this consensus imbues the bill with value. Eventually, babies get on board, as they’re taught the value humans have long ascribed to different types of currency; a value that’s socially constructed, but so deeply ingrained in our society that it feels silly to question. This consensus has led Kaufman to crown money “the most powerful metaphor.” In his new book, The Money Plot, Kaufman unravels the myth-making that has underpinned financial transactions from bartering to bitcoin.
2021-04-16	The Internet Never Forgets	27:34	https://www.podtrac.com/pts/redirect.mp3/dovetail.prxu.org/106/ec44b71f-90f8-4ddc-aea4-ca14f75de723/04_17_21_Eichhorn_Seg1.mp3	Adolescence; Cancel culture; Coming out; GBH; Innovation Hub; Internet; Kara Miller; Kate Eichhorn; PRX; Personal history; Segment; Social Media; Teen Vogue; Youth	Do you have memories from adolescence you’d rather forget? Previously, that choice — whether to open up that embarrassing high school yearbook or keep it firmly closed — generally rested in your hands. But for kids growing up in today’s social media landscape, the digital footprint they (or their parents) create can immortalize childhood and its growing pains forever. Kate Eichhorn, a professor of culture and media at The New School and author of The End of Forgetting, has researched how the permanence of social media chips away at our “agency over traces of the past.” What happens when a digital record won’t allow you to forget? Or when the digital breadcrumbs we create as minors are interpreted as an unshakable portrait of who we are in adulthood? According to Eichhorn, there can sometimes be painful consequences when young people grow up.
2021-04-16	International Espionage With a Side of Corn	21:54	https://www.podtrac.com/pts/redirect.mp3/dovetail.prxu.org/106/32bdd7c1-d89e-4bbe-ac47-e83d93b0f302/04_17_21_Mara_Seg.mp3	China; FBI; GBH; IP; Innovation Hub; Intellectual property; Kara Miller; Mara Hvistendahl; Monsanto; PRX; Segment; corn; espionage; trade secrets	When you have a really good idea, copycats may try to steal it for themselves — and that’s what investigators assumed was happening when an unfamiliar man was spotted in a cornfield in Iowa in 2011. They knew that companies like Monsanto were using those fields to grow new types of corn seeds, and that the company was notoriously tight-lipped about the trade secrets behind its crops; farmers didn’t even necessarily know what was being grown on their land. That secretiveness was not without good reason, though. The man in the cornfield, Robert Mo, was indeed trying to smuggle corn seed to China, as a form of intellectual property theft. Mara Hvistendahl, investigative reporter for The Intercept, and author of The Scientist and the Spy: A True Story of China, the FBI, and Industrial Espionage unpacks the story and explores the wide world of international idea-pilfering: from corn seeds to look-alike cars. According to Hvistendahl, in this war of confidential information, countries like China are notorious for creating knockoffs and bootlegs, while countries like the United States are deeply invested in keeping the secrets behind the originals just that — secret.
2021-04-09	Should We Dial Back Democracy?	29:25	https://www.podtrac.com/pts/redirect.mp3/dovetail.prxu.org/106/6d164226-7614-48b5-905d-6a9ccbb45763/0409_IHub_PODCAST_A_Seg.mp3	Democracy; Elections; GBH; Garret Jones; Innovation Hub; Kara Miller; PRX; Politicians; Segment; Voting	How much democracy is too much? Societies have been toying with different democratic models — from how often to hold elections, to who gets to vote and what the public can vote on — for centuries. Garett Jones, an economist and former Senate staffer, argues the current setup in the U.S. desperately needs some tinkering. Jones says the ancient Greeks, who granted brief political mandates and gave some citizens direct input on law, would be shocked by our modern American politics: “you’re letting people have power for six years?” But he believes our retreat from direct democracy has been positive, and that there’s still further to go. In his latest book, 10% Less Democracy: Why You Should Trust Elites A Little More and The Masses a Little Less, Jones argues that embracing expertise and lengthening congressional terms would make for better politics and more “courageous” politicians.
2021-04-09	Designing a More Just City	20:44	https://www.podtrac.com/pts/redirect.mp3/dovetail.prxu.org/106/73ce2412-2229-4582-804b-cddae56923a7/0409_IHub_PODCAST_C_Seg.mp3	Architecture; Chicago; Design; GBH; History; Innovation Hub; Kara Miller; PRX; Racism; Redlining; Segment; Toni Griffin; Urban planning	Last year, many American cities were shut down for long periods during the coronavirus pandemic. They were also the backdrop for widespread demonstrations against racial injustice, in response to the death of George Floyd. As the Biden administration now plots out a road to recovery, with a massive infrastructure plan, Toni Griffin’s work designing cities and spaces focused on equity and inclusion could be more relevant than ever. Griffin, the founder of Urban American City, professor in Practice of Urban Planning and the director of the Just City Lab at Harvard Graduate School of Design, explains the long and painful legacy of discrimination in urban planning and architecture in America and what it will take to overcome it.
2021-04-02	Secret Life of the Supermarket	49:15	https://www.podtrac.com/pts/redirect.mp3/dovetail.prxu.org/106/0a880da0-e4c4-4616-8462-251337f3deb4/04_03_21_Lorr_Part1.mp3	Benjamin Lorr; GBH; Grocery stores; Innovation Hub; John Mackey; Kara Miller; PRX; Piggly Wiggly; Segment; Supermarkets; Whole Foods; agriculture; fair trade; food; food distribution; organic; trucking	"There was a moment in early 2020 when life narrowed and the grocery store became a lifeline — in more ways than one. It was the source of breakfast, lunch and dinner, of course. But those lines emerging from sliding glass doors and wrapping around the block? For a while, they were as close to a social life as we could get, one of our last connections to the outside world. And, when certain items were in short supply in the early days of the pandemic, we were forced to think a lot more about where our food comes from. The importance of the supermarket is no mystery to Benjamin Lorr, author of “The Secret Life of Groceries: The Dark Miracle of the American Supermarket,” and John Mackey, CEO and co-founder of Whole Foods and author of ""Conscious Leadership: Elevating Humanity Through Business."" From their general store origins in the 19th century to the vast supply chains we see today, grocery stores have played a hugely influential role in our society — becoming “as American as jazz or the t-shirt,” Lorr says. But, as he explains, there is also a dark side to our brightly-lit food aisles and a cost to our endless options and two-for-one deals."
2021-03-26	Your State’s Politics Might Be The Death of You	23:19	https://www.podtrac.com/pts/redirect.mp3/dovetail.prxu.org/106/80d3572d-f8d2-4fa8-86e9-b9552e57b2af/03_27_21_Montez.mp3	Comorbidities; GBH; Health care; Innovation Hub; Jennifer Karas Montez; Kara Miller; Marijuana; PRX; Segment; United States; death; life expectancies; mortality	Policymakers have a thumb on the scale when it comes to how long we live. Jennifer Karas Montez, a sociologist and demographer at Syracuse University, has spent her career studying the social causes of death and disease in the United States - how differing state policies have contributed to a 7 year gap between the state with the highest (Hawaii) and the lowest (West Virginia) life expectancy in the U.S. Though COVID-19 has shined a light on how different state approaches to health affect day-to-day life, even in non-pandemic times, longevity and health are deeply impacted by what’s going on at the state level. From how generous paid leave is where you live, to how easy marijuiana is to access, the patchwork of policies across the U.S affect health outcomes.
2021-03-26	Can You Rethink How You Think?	26:23	https://www.podtrac.com/pts/redirect.mp3/dovetail.prxu.org/106/9d2d1ba3-a6fb-48bf-85c8-951176f469cf/03_27_21_Eagleman_Pt1.mp3	Brains; David Eagleman; GBH; Gene; Identiy; Innovation Hub; Kara Miller; Nature nurture; Neuroscience; PRX; Psychology; Science; Segment; Talents	Our brains are incredibly nimble pieces of machinery, and are actively being rewired and rewritten in response to experience. According to David Eagleman, a neuroscientist at Stanford University, the physical impact of this rewiring is so drastic that imaging is capable of distinguishing the motor cortex of a violinist from that of a pianist. Eagleman is the author of the book Livewired: The Inside Story of the Ever-Changing Brain, and he walks us through how our daily habits – and forces including social feedback, shifting relevance, and curiosity – can reshape our phenomenally flexible and hardy brains.
2021-03-19	Can Capitalism Save Us?	49:47	https://www.podtrac.com/pts/redirect.mp3/dovetail.prxu.org/106/223cb1ff-9e67-490a-aa32-7d84588a7908/0320_IHub_PODCAST_A_Seg.mp3	Business; Capitalism; Climate Change; Economics; Environmentalism; GBH; Global Warming; Innovation Hub; Kara Miller; PRX; Rebecca Henderson; Segment; Walmart	Business won’t save the world, but — according to Harvard economist Rebecca Henderson — it can help fix it. Henderson, author of Reimagining Capitalism in a World on Fire, became preoccupied with economics after working for the consulting firm McKinsey & Company where her job was “shutting plants” down if they proved unable to adapt to market changes. Since then, Henderson has been animated by the question of how to build a more just and sustainable system.
2021-03-12	Walter Isaacson On How Gene Editing Will Change Your Life	49:28	https://www.podtrac.com/pts/redirect.mp3/dovetail.prxu.org/106/3bd5a32b-7a67-4c01-bb03-b0a011666858/0313_IHub_PODCAST_A_Seg.mp3	Biology; CRISPR; DNA; GBH; Gene editing; Innovation Hub; Kara Miller; Microchips; Molecules; PRX; RNA; Science; Segment; Walter Isaacson	Walter Isaacson has made a habit of profiling world-changers: innovators who, through their discoveries, upend the way we live. Recently, he’s been preoccupied with individuals who have unlocked what he calls “fundamental kernels of our existence” - first Albert Einstein and the atom, then Steve Jobs and the bit, and now, in his latest work, Jennifer Doudna and the gene. In The Code Breaker, Isaacson dives into the CRISPR revolution and how the booming field of gene editing is altering how we treat disease and think about what it means to be human. Jennifer Doudna, who shared the 2020 Nobel Prize in Chemistry for her role in developing CRISPR, is Isaacson’s centerpiece as he guides readers through this new frontier, and the pressing moral questions that sophisticated, cutting-edge biological tools now pose.
2021-03-05	Email’s Death Grip	49:38	https://www.podtrac.com/pts/redirect.mp3/dovetail.prxu.org/106/c897fda5-ec24-4439-861b-286de98c39c9/03_06_21_Podcast_Seg1.mp3	Attention; Brains; Cal Newport; Email; GBH; Innovation Hub; Internet; Kara Miller; Neuroscience; PRX; Productivity; Psychology; Segment; Technology; Work	Constantly checking your email might feel like textbook responsible work behavior but, according to Cal Newport — a professor of computer science at Georgetown University and author of A World Without Email — it can actually wreak havoc on productivity. Newport argues that our out-of-control inboxes are keeping us from being the thinkers, workers, and problem solvers we could be if email ran our lives less.
2021-02-26	Has Coronavirus Cleaning Gone Too Far?	25:11	https://www.podtrac.com/pts/redirect.mp3/dovetail.prxu.org/106/116963e8-4e01-42eb-9896-c5a716041cdc/02_27_iHub_Dunn_Seg1.mp3	Bacteria; COVID; Cleanliness; Coronavirus; Disinfection; GBH; Germs; Innovation Hub; Kara Miller; PRX; Rob Dunn	It has been said that cleanliness is next to godliness, but the constant disinfecting and scrubbing of our homes, offices and public spaces during the coronavirus pandemic has taken these seemingly virtuous efforts to a whole new level. COVID-19 is now understood to spread primarily through close contact with infected people, rather than contaminated surfaces, but that hasn’t stopped consumers from snapping up cleaning products that promise to kill 99% of germs. Trying to eliminate all bacteria, including those that are beneficial to us, can lead to autoimmune disorders, warns Rob Dunn. The professor of Applied Ecology at North Carolina State University and author of: “Never Home Alone: From Microbes to Millipedes, Camel Crickets, and Honeybees, the Natural History of Where We Live,” explains how we can be more intentional about our interactions with the living world (indoors and outdoors) and better understand its influence on our well-being.
2021-02-26	America's Sherlock Holmes	24:28	https://www.podtrac.com/pts/redirect.mp3/dovetail.prxu.org/106/af723d7d-9b72-4244-b466-ac8dd5e43891/02_27_iHub_KWD.mp3	Crime; DNA Evidence; Forensics; GBH; Innovation Hub; Junk Science; Kara Miller; Kate Winkler Dawson; Mobsters; Oscar Heinrich; PRX; Science; Sherlock Holmes; Speakeasies; Train heists; True Crime	Imagine a crime scene, and what it might take to solve the case. Do you think about dusting for fingerprints? DNA collection? According to Kate Winkler Dawson, author of “American Sherlock: Murder, Forensics, and the Birth of American CSI” and associate professor of journalism at the University of Texas at Austin, the man we can thank for that approach is Edward Oscar Heinrich. In the early 20th century, Heinrich took the world of forensics from guesswork, confession, and coercion to a place of science and nuanced evidence. While some of his experiments have been discredited in recent years as “junk science,” Heinrich’s impact can still be seen in the way many crime scenes are evaluated today.
2021-02-19	Rethinking the Constitution	50:01	https://www.podtrac.com/pts/redirect.mp3/dovetail.prxu.org/106/2e473886-b98b-47e6-b777-3d5dfd7681d6/02_20_IHub_PODCAST_A_Seg.mp3	Abigail Adams; Christianity; Constitution of the United States; First Amendment; Founding Fathers; Free Speech; Fundamentalism; GBH; Government; Gun Rights; Gun Violence; Hate speech; Human Rights; Innovation Hub; Internet; Kara Miller; Law; Mary Anne Franks; NRA; Originalism; PRX; Religion; Second Amendment; Slavery; UCLA	The Constitution, first drafted in 1787, stands as the supreme law of the land in the U.S. But Mary Anne Franks — a law professor at the University of Miami who grew up attending a fundamentalist church in Arkansas — says that often “we read it not as a text but as Scripture,” much in the same way she was taught to read the Bible as a child. Franks, author of The Cult of the Constitution, argues that originalism — the judicial view that the Constitution should only be interpreted as its writers meant it to be when it became law — has been used to justify ahistorically broad interpretations of both the First and Second Amendments. Rather than claiming “transcendental access” to the founders’ legal intentions, she proposes we honor the Constitution communally by extending its rights and values to all, including the most vulnerable members of our society.
2021-02-12	From the Plow to Birth Control: How Tech Reshapes Relationships	49:44	https://www.podtrac.com/pts/redirect.mp3/dovetail.prxu.org/106/8d9d82c6-c401-49c0-8f24-723ccf287a15/02_12_21_Rerun_Valentines_Podcast_Part1.mp3	Birth Control; Debora Spar; Feminism; GBH; Housework; Industrial Revolution; Innovation Hub; Kara Miller; Love; Marriage; Relationships; Segment; Technology	During this pandemic, we may be acutely aware that our love lives and family lives are entwined with the technology that’s all around us. But in fact, machines have been re-inventing our relationships since the days of the ancient plow, which likely led to the birth of marriage itself. That’s according to Debora Spar, a professor at Harvard Business School and former president of Barnard College. Spar, the author of “Work Mate Marry Love: How Machines Shape Our Human Destiny,” takes us on a journey through the technologies - from the steam engine to the refrigerator - that have affected when, how, and with whom we partner up. And we get a glimpse into a future with no masterplan for how the technologies we have built will further evolve and change us.
2021-02-05	The True Toll of Loneliness	26:34	https://www.podtrac.com/pts/redirect.mp3/dovetail.prxu.org/106/69132b49-ae98-4252-a802-13eee3d8e353/0206_IHub_Podcast_B_Seg.mp3	Christina Victor; GBH; Innovation Hub; Isolation; Julianne Holt-Lunstad; Kara Miller; Loneliness; Mental Health; PRX; Physical Health; Psychology; Segment; Separation	It’s been nearly a year since increased isolation has become the norm: since workplaces and schools shut down, hospitals and nursing homes stopped allowing visitors, and all of our social circles narrowed. The loneliness felt by so many people during the pandemic can affect our moods and our feelings, but it can also have a physical impact on our bodies, according to Julianne Holt-Lunstad, a professor of psychology and neuroscience at Brigham Young University. Holt-Lunstad and Christina Victor, a professor of Gerontology and Public Health at Brunel University in London, dive into the science behind loneliness’s physiological toll, including its influence on life expectancy and surprising research that challenges some common misconceptions about which groups suffer with loneliness the most.
2021-02-05	How to End Child Poverty with Social Security	23:29	https://www.podtrac.com/pts/redirect.mp3/dovetail.prxu.org/106/c4325e50-7690-4599-9692-3e07ed52c43d/0206_IHub_Podcast_A_Seg.mp3	Childhood poverty; GBH; Innovation Hub; Kara Miller; Melissa Kearney; PRX; Poverty; Segment; Social Security; Social safety nets	More than 10 million American children lived below the poverty line before the COVID-19 crisis and now, with months of school closures, rising food insecurity and increasing unemployment, the situation has become even more dire for low-income families. Federal spending on children in the U.S. has lagged well behind other wealthy nations for years, and the country has not done nearly enough to fight child poverty, according to Melissa Kearney, a professor of economics at the University of Maryland and a nonresident senior fellow at the Brookings Institution. Kearney has a bold idea about how to turn the tide, though. If every needy youngster was given the average Social Security benefit (normally distributed to just those 65 and older), we could eradicate child poverty in America – all it would require is the political will, she says.
2021-01-29	Society in the Time of Plague	49:45	https://www.podtrac.com/pts/redirect.mp3/dovetail.prxu.org/106/4a170162-0a69-4f15-bf43-06589a87a6f9/01_30_21_Aseg_PODCAST.mp3	Ancient Greece; Bubonic Plague; COVID-19; Coronavirus; Epidemiology; GBH; Greek Mythology; Helen of Troy; History; Innovation Hub; Kara Miller; Nicholas Christakis; PRX; Pandemic; Plague; Segment; Small Pox	It may feel as though we are living in unusual times, with all the strange precautions we have been forced to adopt to try and contain COVID-19, but plagues have afflicted humans for thousands of years. The novel coronavirus is a threat “both wholly new and deeply ancient,” according to Nicholas Christakis, professor of social and natural science at Yale University, and the author of “Apollo’s Arrow: The Profound and Enduring Impact of Coronavirus on the Way We Live.” Tapping into his experience as a hospice doctor in the early days of his career and his expertise in social networks, Christakis explains what it will take for citizens, leaders, and societies to work together to get through the current crisis and what we might expect when it is finally over.
2021-01-22	The Invisible Future of American Jobs	35:46	https://www.podtrac.com/pts/redirect.mp3/dovetail.prxu.org/106/596dddf1-1c9e-4f93-8353-bfbd12258d78/0123_IHub_PODCAST_A_Seg.mp3	Deindustrialization; Economy; GBH; Gabriel Winant; Health care workers; Health insurance; Hospitals; Industry; Innovation Hub; Jobs; Kara Miller; Manufacturing; Nurses; PRX; Pittsburgh; Rust Belt; Segment; Unions	Over the last several decades, manufacturing jobs in the U.S. have withered. Meanwhile, health care has become the fastest growing job sector in the country, and it’s been on top for years. According to Gabriel Winant, a historian at the University of Chicago, and author of “The Next Shift: The Fall of Industry and the Rise of Health Care in Rust Belt America,” not only are those two opposing trends related, but there are also some serious consequences to the connection.
2021-01-22	Look At This Photograph	14:08	https://www.podtrac.com/pts/redirect.mp3/dovetail.prxu.org/106/ebdb850b-b087-49e5-baf1-af3307512bfa/0123_IHub_PODCAST_C_Seg.mp3	Ainissa Ramirez; Animation; Apartheid; Art; Bias; GBH; Horses; Innovation Hub; Kara Miller; Leland Stanford; Material Science; PRX; Photography; Pictures; Race; Segment	From Mathew Brady’s Civil War photographs, to some of the first images of Earth in space, photography has shaped the way we see ourselves. Which means that when photographic technology changes and progresses, it can really shift our self-image. Ainissa Ramirez is a scientist and the author of The Alchemy of Us: How Humans and Matter Transformed One Another, and she was previously on Innovation Hub to talk about how materials science altered the way we think about time. Now, she tells the fascinating story of how people shaped photographs and how those photographs then shaped us. And that story begins with an incredibly rich man betting on horses.
2021-01-15	The Man Who Invented 24-Hour News	37:56	https://www.podtrac.com/pts/redirect.mp3/dovetail.prxu.org/106/f4e0ed8f-fee1-4433-b193-4ab57eb26033/01_16_21_Podcast_AB_Seg1.mp3	24/7 News Cycle; CNN; Cable News; GBH; Innovation Hub; Kara Miller; Lisa Napoli; Local News; National News; News Coverage; PRX; Segment; Ted Turner	It might be difficult to remember now, but there was a time when the news wasn’t 24/7. There were morning and evening editions of the paper; the nightly news was, well, nightly; radio offered updates from time to time. But there’s a whole lot of difference between that world and today’s never-stop cavalcade of heartbreak, tragedy, excitement, and despair. And one of the biggest dividing lines between those two realities was the creation of CNN. Journalist Lisa Napoli is the author of “Up All Night: Ted Turner, CNN, and the Birth of 24-Hour News,” and she argues that CNN didn’t just change television, or cable, or even news… it changed our entire world.
2021-01-15	A Watch Named Arnold	11:22	https://www.podtrac.com/pts/redirect.mp3/dovetail.prxu.org/106/42b6b9a3-ae3a-406f-95a4-d1a4dffde2cb/01_16_21_Podcast_C_Seg.mp3	24/7; Ainissa Ramirez; Clocks; GBH; Innovation Hub; Kara Miller; Material sciences; PRX; Segment; Time; Watches; timezones	It might be hard to believe, but there was a time when time wasn’t as exact as it is now. When people would come over on “Tuesday” rather than “Tuesday at exactly 2:30.” Ainissa Ramirez is a scientist and author of The Alchemy of Us How Humans and Matter Transformed One Another, and she tells the story of how Materials Science made time so important. Strangely enough, it involves a woman who sold time, using a watch named Arnold.
2021-01-08	The Stories that Drive the Stock Market	14:16	https://www.podtrac.com/pts/redirect.mp3/dovetail.prxu.org/106/ceb9ad5e-ad99-4fb8-8995-38888e2e241a/0109_IHub_PODCAST_C_Seg.mp3	Bob Shiller; Economics; GBH; Housing Market; Innovation Hub; Kara Miller; Money; Nobel Prize; PRX; Segment; Stocks	The way we understand the eras we live through — from world wars, to the rise of the internet in the 2000s, to the pandemic of today — also directly impacts the economy. That’s according to Robert Shiller, a winner of the 2013 Nobel Prize in economics, a professor of economics at Yale, and the author of “Narrative Economics: How Stories Go Viral and Drive Major Economic Events.” He argues that the big events we experience and our perception of them shape the stock market in serious ways, often priming it for a boom or a bust.
2021-01-08	How the 1% Affect You	35:18	https://www.podtrac.com/pts/redirect.mp3/dovetail.prxu.org/106/96216575-1c67-4345-accf-cd15e1279115/0109_IHub_PODCAST_A_Seg.mp3	Austin; Economics; Elite; Facebook; GBH; Google; Innovation Hub; Kara Miller; Miami; Money; Oracle; PRX; Richard Florida; Segment; Tech; The 1%; Wealth; the one percent	Cities and states have lost billions of dollars in combined tax revenues during the economic downturn, caused by the coronavirus pandemic. A change that the Trump administration made to the tax code a few years ago, has also diminished some local coffers, because it has caused a slice of super-wealthy residents in high-tax states such as California and New York to move to places with lower taxes, like Florida and Texas. With rising economic inequality, the exodus of even a fraction of the 1% (and their taxes) can impact everyone who is left behind - especially the most vulnerable, according to Richard Florida. A professor at the University of Toronto’s School of Cities and co-founder of CityLab, Florida explains the long-lasting consequences of wealth flight.
2021-01-01	What You (Don’t) Know About George Washington	25:29	https://www.podtrac.com/pts/redirect.mp3/dovetail.prxu.org/106/5f05dfd0-35b0-4de1-af3f-b16f12cdcbe8/010221_IHub_Rerun_PODCAST_A_Seg.mp3	Alexis Coe; America; GBH; George Washington; Innovation Hub; Kara Miller; POTUS; PRX; Segment; founding fathers; history; presidents	He’s on our money, our capital is named after him and he’s even in our extremely weird car ads. But how much do you really know about statesman, general, farmer, slave master, husband, stepfather, and first President of the United States George Washington? According to Alexis Coe, author of You Never Forget Your First: A Biography of George Washington, probably not as much as you might think. Coe walks us through the surprising life of the man on the one dollar bill.
2021-01-01	Makings of Modern Conservatism	24:30	https://www.podtrac.com/pts/redirect.mp3/dovetail.prxu.org/106/2bbc059e-2063-4e60-b1fe-8db1be00cb24/010221_IHub_Rerun_PODCAST_C_Seg.mp3	California; FDR; GBH; Innovation HUb; Kara Miller; Katheryn Olmsted; New Deal; PRX; Political parties; Republican Party; Richard Nixon; Ronald Reagan; Segment; Upton SInclair; agriculture; communism; conservatism; history; unions	In the 1930s, America experienced the Great Depression, the New Deal, and leadership from both Herbert Hoover and Franklin Roosevelt. California, meanwhile, witnessed a serious shift in the Republican Party - a shift that would impact the entire country for decades to come. Kathryn Olmsted, professor of history at the University of California Davis and author of Right Out of California: The 1930s and the Big Business Roots of Modern Conservatism, says that all sorts of factors came together to make conservatives see the government “as a force for evil instead of a force for protecting the markets.” From crops to communism, she explains how California paved the way for modern conservatism.
2020-12-25	Public Schools, Education, and The Coronavirus	49:56	https://www.podtrac.com/pts/redirect.mp3/dovetail.prxu.org/106/609cf3dd-55e9-4e2d-9546-d7b7f05e61bd/12_25_Podcast_ASeg_Xmas_Rerun.mp3	COVID-19; Innovation Hub; education; public shools	In the spring, more than 50 million K-12 students were hurriedly sent home as the nation’s public schools shut down because of the coronavirus pandemic. Some of those students have returned to their classrooms now, for full or partial in-person instruction, while others have continued with distance learning or quit public school systems altogether. Paul Reville, a professor at the Harvard Graduate School of Education, and Pedro Noguera, dean of the University of Southern California Rossier School of Education discuss the changes afoot in American education and the consequences for students across the country. Remote learning has placed a heavy burden on many parents, including Courtney Wittenstein, Maria Makarenkova and Jenna Ruiz, who share their experiences and the decisions they have made about their children’s education during the pandemic. And Joseph Connor, the co-founder and chief operating officer of the company, SchoolHouse explains why COVID-19 has led to an increasing interest in microschools and learning pods.
2020-12-18	The Secret Life of the Supermarket	50:09	https://www.podtrac.com/pts/redirect.mp3/dovetail.prxu.org/106/b0762dd8-79d0-4b3b-a8cf-f6dcd97f0bde/12_19_20_PODCAST_Aseg.mp3	Benjamin Lorr; GBH; Innovation Hub; John Mackey; Kara Miller; PRX; Piggly Wiggly; Segment; Supermarkets; Whole Foods; agriculture; fair trade; food; food distribution; grocery stores; markets; organic; trucking	"There was a moment in early 2020 when life narrowed and the grocery store became a lifeline — in more ways than one. It was the source of breakfast, lunch and dinner, of course. But those lines emerging from sliding glass doors and wrapping around the block? For a while, they were as close to a social life as we could get, one of our last connections to the outside world. And, when certain items were in short supply in the early days of the pandemic, we were forced to think a lot more about where our food comes from. The importance of the supermarket is no mystery to Benjamin Lorr, author of “The Secret Life of Groceries: The Dark Miracle of the American Supermarket,” and John Mackey, CEO and co-founder of Whole Foods and author of ""Conscious Leadership: Elevating Humanity Through Business."" From their general store origins in the 19th century to the vast supply chains we see today, grocery stores have played a hugely influential role in our society — becoming “as American as jazz or the t-shirt,” Lorr says. But, as he explains, there is also a dark side to our brightly-lit food aisles and a cost to our endless options and two-for-one deals."
2020-12-11	The Devastating Overlap of Obesity and COVID-19	17:58	https://www.podtrac.com/pts/redirect.mp3/dovetail.prxu.org/106/8d05fc34-89a0-47bf-8da6-0b2ef03d4ded/1212_IHub_PODCAST_C_Seg.mp3	COVID; Dariush Mozaffarian; GBH; Innovation Hub; Kara Miller; Obesity; PRX; food; health; nutrition; pandemic; segment	When we last spoke with Dariush Mozaffarian, dean of the Friedman School of Nutrition Science and Policy at Tufts University, about COVID-19 and obesity back in June, the pandemic was still relatively new. We didn’t know how long it would take to get a vaccine, how many would be affected or who would struggle the most. Mozaffarian was just beginning to sift through some of the early hospitalization data, and he noticed one risk factor that seemed to be particularly risky: obesity. Now, with far more data at our fingertips, it’s clear that America’s slow-moving obesity problem has intensified the coronavirus pandemic. Plus, Mozaffarian says greater attention to our diets could have a huge positive impact on future disease prevention as well as on economic security, racial equity and climate change.
2020-12-11	The Case for Rapid Tests	32:22	https://www.podtrac.com/pts/redirect.mp3/dovetail.prxu.org/106/b6316a15-83d3-4fa8-9b65-0e74940293c4/1212_IHub_PODCAST_AB_Seg_Part_1.mp3	COVID; GBH; Innovation Hub; Joshua Schiffer; Kara Miller; LabCentral; Michael Mina; PRX; Rapid Testing; Sarah Leeson; Segment; WGBH; disease; pandemic; public health	If you have a cough or a fever nowadays, you know exactly what to do: go to the doctor, get a COVID test, and quarantine so you can stop the spread. But we also know that plenty of people contract COVID-19 and transmit it before they know they have it — and some people never even realize that they are contagious at all. So, when it comes to asymptomatic carriers, how do you shut down the line of transmission? According to Dr. Michael Mina, an epidemiologist and immunologist at Harvard Medical School and Brigham and Women’s Hospital in Boston, the answer is wide-scale and frequent rapid testing. The tests are cheap, effective enough to find the superspreaders, and currently exist in large numbers in some countries. However, in the U.S. there is no easy access to at-home, instant-result rapid tests yet.
2020-12-04	Come Fly With Me - Reinventing Travel After COVID	50:00	https://www.podtrac.com/pts/redirect.mp3/dovetail.prxu.org/106/81368731-3f3a-4bd1-875c-c391f4395f92/MIXED_12_05_20_Podcast_Aseg.mp3	Airlines; Elizabeth Becker; GBH; Henry Harteveldt; Hotels; Innovation Hub; Kara Miller; Overtourism; PRX; Pandemic; Segment; Tourism; Travel; Vacations; WGBH	The pandemic has been a catastrophe for tourism and travel, upending an almost $9 trillion industry that once accounted for approximately 330 million jobs around the world. And there continues to be great uncertainty about what the future holds. When will everyone feel safe to fly again? When we do, where will we want to go, and will we be able to afford it? The road to recovery for American leisure and business travel will be long and complicated, according to Henry Harteveldt, an industry analyst and president of Atmosphere Research Group. Elizabeth Becker, the author of “Overbooked: The Exploding Business of Travel and Tourism,” believes the pandemic has a silver lining though. She says it has created an opportunity for U.S. policy makers to tackle tourism’s impact on the environment and its contribution to climate change. The industry can build back in a more sustainable way, she argues.
2020-11-27	Strike While the Hand is Hot	32:36	https://www.podtrac.com/pts/redirect.mp3/dovetail.prxu.org/106/71d1b5af-18d4-4b87-87e3-60890ac6963c/11_28_20_IHub_PODCAST_AB_Seg_Part_1.mp3	Ben Cohen; GBH; Innovation Hub; Kara Miller; PRI; PRX; Princess Bride; Segment; Steph Curry; WGBH; basketball; chance; luck; risk; sports; winning streaks	You might not think that a simulation meant for kids could change how something plays out in real life, but in the 1990s, the arcade game NBA Jam did exactly that. One feature of the game allowed players to be “on fire.” The more a player scored, the higher chance he or she had of scoring again. Fast forward to today and you can’t escape the concept of a hot streak, or a “hot hand”' as it’s called in basketball. Athletes swear by it, even refusing to touch another player’s “hot” hand. But is a hot streak as real as some people believe it to be? Ben Cohen, a sports writer for The Wall Street Journal and author of “The Hot Hand: The Mystery and Science of Streaks,” argues that the idea of a hot hand is very real — and it isn’t exclusive to basketball either.
2020-11-27	Designing for Humans	17:18	https://www.podtrac.com/pts/redirect.mp3/dovetail.prxu.org/106/3ab026fc-b9de-41ec-b566-21b5f7112e0f/11_28_20_IHub_PODCAST_C_Seg.mp3	Cliff Kuang; Design; GBH; Innovation Hub; Kara Miller; PRX; Segment; UI; User Experience; WGBH; consumerism; planned obsolescence; technology	From our smartphones to our bicycles, the user experience provided by manufactured products has an enormous impact on our lives. Down to the smallest details, designers often puzzle over how to best align a product with the demands of the customer. But that wasn’t always the approach, and Cliff Kuang, author of User Friendly: How the Hidden Rules of Design Are Changing the Way We Live, Work, and Play, explains how this revolution of design has taken hold and dramatically changed our patterns of consumption and use.
2020-11-20	Fighting a Mental Health Pandemic 	19:55	https://www.podtrac.com/pts/redirect.mp3/dovetail.prxu.org/106/bd16ec15-913f-45cd-bfaa-e2b4c534fad0/11_21_20_Cseg_PODCAST.mp3	GBH; Innovation Hub; Kara Miller; PRI; PRX; Peter Yellowlees; Segment; WGBH; anxiety; depression; mental health; mental illness; psychiatry; psychology; therapy; virtual counseling	In the past few months, a pandemic of mental health has shadowed COVID-19. Across the country, cases of depression, anxiety, alcoholism and domestic violence have been on the rise — intensifying an existing shortage of mental health care providers. With shutdowns and social distancing guidelines, access to therapy has also changed dramatically, with a forced transition to online sessions. This switch to telepsychiatry is a big move but, according to Dr. Peter Yellowlees, a psychiatry professor at the University of California Davis, there might be a silver lining. Yellowlees, the former president of the American Telemedicine Association, began practicing teletherapy nearly 30 years ago to help meet rural psychiatry needs in the Australian outback. Technology advances steadily opened new avenues to online psychiatry, but conventional attitudes and inflexible licensing processes have held the field back for years, Yellowlees says. COVID-19, though, has thrust therapy into a new, virtual world, and Yellowlees believes we are now getting a glimpse of the future.
2020-11-20	Does the Office Have a Future?	29:46	https://www.podtrac.com/pts/redirect.mp3/dovetail.prxu.org/106/70d1e758-c48b-4459-adf7-45147272d7dc/11_21_20_Aseg_PODCAST.mp3	GBH; Innovation Hub; Liz Fosslein; Nicholas Bloom; PRI; PRX; WGBH; kara Miller; office spaces; remote working; segment; work	In offices around the country, mail has piled up. Plants have died. Coffee cups sit unwashed, with a ring of old espresso cemented to the bottom. In some buildings, the lights have been left on since March — and who knows when someone will be back to turn them off. According to Stanford economist Nicholas Bloom, we’re in the middle of “a structural, seismic shift” in the workplace. The majority of employees booted out of the office earlier this year don’t want to come back, says Liz Fosslein, head of content at human resources company Humu. So have we seen the end of the “out of office” email, water cooler talk and cubicle-sharing? When people finally return to the office, what will it look like? And where will it be?
2020-11-13	How the West Came to Dominate Our Brains	50:23	https://www.podtrac.com/pts/redirect.mp3/dovetail.prxu.org/106/23bdcf92-bc50-4c77-979e-b697752a4175/4MIXED_11_14_20_Podcast_Part1.mp3	GBH; Innovation Hub; Joe Henrich; Kara Miller; Psychology	About 1500 years ago, the world was a very different place; Pope Gregory was spreading Catholicism far and wide, a plague was running rampant, and some dominoes were about to start falling. The end of that cascade would end up in a world where a certain group of people started to think quite differently from those who had come before them. Their brains began to change, the societies they built thrived and they grew so influential and culturally dominant that their way of thinking permeated our entire psychology. In other words, it created W.E.I.R.D. people — a Western, educated, industrialized, rich, and Democratic population that grew into a global powerhouse. That’s according to Joseph Henrich, chair of the department of human evolutionary biology at Harvard University, and author of “The WEIRDest People in the World: How the West Became Psychologically Peculiar and Particularly Prosperous.” He writes that people who learn to read, who are educated in a Western way – no matter where they live in the world – have brains that look and think unlike more traditional human brains.
2020-11-06	Public Education in the Age of COVID and Beyond	50:25	https://www.podtrac.com/pts/redirect.mp3/dovetail.prxu.org/106/d18acbec-6494-4562-a48e-56a7072e1a35/110720_IHub_PODCAST_A_Seg.mp3	COVID; Education; GBH; Inequality; Innovation Hub; Kara Miller; Learning pods; PRI; PRX; Paul Reville; Pedro Noguera; Public Schools; Russian Math; Segment; WGBH; homeschooling; remote education	In the spring, more than 50 million K-12 students were hurriedly sent home as the nation’s public schools shut down because of the coronavirus pandemic. Some of those students have returned to their classrooms now, for full or partial in-person instruction, while others have continued with distance learning or quit public school systems altogether. Paul Reville, a professor at the Harvard Graduate School of Education, and Pedro Noguera, dean of the University of Southern California Rossier School of Education discuss the changes afoot in American education and the consequences for students across the country. Remote learning has placed a heavy burden on many parents, including Courtney Wittenstein, Maria Makarenkova and Jenna Ruiz, who share their experiences and the decisions they have made about their children’s education during the pandemic. And Joseph Connor, the co-founder and chief operating officer of the company, SchoolHouse explains why COVID-19 has led to an increasing interest in microschools and learning pods.
2020-10-30	The Crap We Keep Around	26:38	https://www.podtrac.com/pts/redirect.mp3/dovetail.prxu.org/106/b67f4fca-54a0-49c8-8dcf-3fde4602690a/10_31_20_Woloson_Podcast.mp3	GBH; Innovation Hub; Kara Miller; PRI; PRX; Segment; WGBH; Walmart; Wendy Woloson; capitalism; consumerism; goods; international trade; junk; knickknacks; toys	Years of good marketing may have convinced us that life isn’t complete without a junk drawer, overflowing closet or unusable garage. Now, according to historian Wendy Woloson, Americans are suffering from the outright “crapification” of their lives. So where do we go from here? And how do we clear out that closet? Woloson, an associate professor of history at Rutgers University Camden and author of “Crap: A History of Cheap Stuff in America,” says our relationship with junk goes way back. We’re naturally drawn to possessions for “our comfort, for our safety, for our sense of identity,” she explains. But Americans’ modern courtship with cheap goods began in the late 19th century as manufacturing geared up and trade networks went global. Enter plastic toys, collectible spoons, old erasers and gift store knickknacks. They’re all souvenirs from a long journey of capitalism and consumption.
2020-10-30	How Big Tech is Pushing Artists Out of Work	22:51	https://www.podtrac.com/pts/redirect.mp3/dovetail.prxu.org/106/196a37c3-2c84-4462-9630-04578d647ed1/10_31_20_Deresiewicz_Pt_1_Podcast.mp3	GBH; Innovation Hub; Kara Miller; PRI; PRX; Segment; WGBH; William Deresiewicz; art; artists; copyright; digital age; musicians	The pandemic has made life as an artist hard — real hard. Museums and studios have closed, live shows have been canceled and concerts have been pushed online. But according to William Deresiewicz, this is just the most recent act in a long, profound shift in the arts. Deresiewicz, a former English professor at Yale University and author of “The Death of the Artist: How Creators Are Struggling to Survive in the Age of Billionaires and Big Tech,” says the digital age has devastated and demonetized the arts — whether that’s music, videos, visual art or the written word. We’re facing the loss of the moderately successful artist and “you can’t have even the stars without an ecosystem that supports them,” he says. So where does that leave us?
2020-10-23	Fareed Zakaria’s Guide to a Post-Pandemic Age 	33:56	https://www.podtrac.com/pts/redirect.mp3/dovetail.prxu.org/106/3d64b78a-b214-4a41-a9a5-a86996fff010/10_24_IHub_Show_PODCAST_AB_Seg_part_1.mp3	COVID-19; City life; Fareed Zakaria; GBH; Globalization; History; Innovation Hub; Kara Miller; Lessons; PRI; PRX; Pandemic; Plague; Segment; WGBH	Some scientists and environmentalists believe that the novel coronavirus is nature’s warning to us about the unsustainable ways we have been living. The rate of human development and the encroachment into the natural habitats of wild animals have left us dangerously susceptible to the spread of deadly infectious diseases, they say. CNN host and Washington Post columnist, Fareed Zakaria, also fears the current crisis could be a “dress rehearsal” for an even more deadly threat, because disruptive human behaviors have made future pandemics even more likely. Zakaria, the author of the new book: “Ten Lessons for a Post-Pandemic World,” argues this is a moment when global cooperation and positive change are not just necessary, but achievable.
2020-10-23	Can You Reinvent the Supreme Court?	16:18	https://www.podtrac.com/pts/redirect.mp3/dovetail.prxu.org/106/9b800305-8ce3-4198-b341-042a2fa40b2f/10_24_IHub_Show_PODCAST_C_Seg.mp3	David Orentlicher; GBH; Innovation Hub; Kara Miller; PRI; PRX; Partisanship; Politics; SCOTUS; Segment; Supreme Court; US Constitution; WGBH; elections; judges	Over the past month, the Senate has rushed to fill Justice Ruth Bader Ginsburg’s seat on the Supreme Court. Both Republicans and Democrats have claimed that the other is inappropriately reshaping, or considering reshaping, the Court. But how did the Supreme Court get so caught up in politics? And is there a way out? David Orentlicher, professor of law at the University of Nevada, Las Vegas and author of “Two Presidents Are Better Than One: The Case for a Bipartisan Executive Branch,” studies high courts around the world. He says part of the problem is that the U.S. Constitution sets few rules in stone — and that paves the way for partisanship and controversy. But could we do things differently? Absolutely. Indeed, he says there are lots of ideas we could borrow from abroad.
2020-10-16	An Imperfect Toolkit for COVID-19	50:18	https://www.podtrac.com/pts/redirect.mp3/dovetail.prxu.org/106/5ccced6e-2da3-4708-8808-9d8ac62e3f27/101720_IHub_PODCAST_A_Seg.mp3	COVID-19; Coronavirus; Epidemiology; GBH; Innovation Hub; Joshua Schiffer; Kara Miller; PRI; PRX; Pandemic; SARS-COVI-2; Segment; Virality; WGBH	While some of us may be tempted to put our hopes in the development of a miracle vaccine or magical cure for the new coronavirus, holding out for a perfect solution could be unwise. The rapid and extensive use of a number of imperfect prevention and treatment methods, is the key to turning the tide, according to Dr. Joshua Schiffer. Schiffer, an associate professor in the Vaccine and Infectious Disease Division at the Fred Hutchinson Cancer Research Center, discusses the benefits of some effective, although far from flawless, tools in the battle against COVID-19. It’s an approach that reminds him of swiss cheese, he says, because “each of these strategies has holes but, if you apply all of them, fewer infections break through.”
2020-10-09	Why Social Media Is So Captivating 	29:19	https://www.podtrac.com/pts/redirect.mp3/dovetail.prxu.org/106/2cfc80ae-46e9-412f-b17a-62618c1507fb/10_10_Podcast_Aral_Pt1.mp3	COVID-19; Election; Facebook; Fake news; GBH; Innovation Hub; Kara Miller; Misinformation; PRI; PRX; Pandemic; Russia; Segment; Sinan Aral; Slack; Social Media; WGBH	Last April, states began to sporadically reopen after weeks of being shut down. South Carolina was among the first to begin the process and some others would soon follow, while some states wouldn’t start until June. The uncoordinated reopening caused chaos, according to Sinan Aral, director of MIT’s Initiative on the Digital Economy. As people watched their social feeds fill with images of people heading back outside, they stepped out too — even if their state wasn’t at the same phase. Aral, author of “The Hype Machine: How Social Media Disrupts Our Elections, Our Economy, and Our Health — and How We Must Adapt,” has used social media as a tool to gain insight into everything from COVID-19 reopenings to protests and politics.
2020-10-09	The Cost of Unemployment	20:49	https://www.podtrac.com/pts/redirect.mp3/dovetail.prxu.org/106/a99b6cab-1995-4ab9-85f5-5be8193743cb/10_10_Podcast_Tcherneva.mp3	GBH; Innovation Hub; Kara Miller; PRI; PRX; Pavlina Tcherneva; Segment; Unemployment; WGBH; job guarantee	In the past six months, tens of millions of Americans have lost their jobs and the federal government has provided more than $400 billion in unemployment benefits. With states pressed to pay for the epic costs of coronavirus, what if there was a more efficient way to get support to those out of work? What if we could save money while guaranteeing jobs? According to Pavlina Tcherneva, associate professor of economics at Bard College and author of “The Case for a Job Guarantee,” there’s a way to do exactly that. It would be cheaper — and better all-around for job seekers — to ensure across-the-board access to employment rather than unemployment checks, she says. But does the math really add up?
2020-10-02	Keeping America Number 1	34:05	https://www.podtrac.com/pts/redirect.mp3/dovetail.prxu.org/106/45de7d25-9d8f-4eb1-bcc2-307a243c5e7c/10_03_Yglesias_Part_1.mp3	America; Development; Future; GBH; Growth; Innovation Hub; Kara Miller; Matt Yglesias; Overcrowding; PRI; PRX; Population; Segment; USA; WGBH; birth rates; immigration	The pandemic has caused a steep economic decline in the U.S. But many experts worried we were already in trouble before the coronavirus because of the rise of economic powerhouses with huge populations, such as China and India. That has also been a concern of Matthew Yglesias who has a radical solution for our economic woes: take the current U.S. population and triple it in the decades to come. Yglesias, the co-founder of Vox and the author of “One Billion Americans: The Case for Thinking Bigger,” walks us through his progressive proposals, which he argues are far from fantastical.
2020-10-02	How Covid Could Launch a New Health Era	16:01	https://www.podtrac.com/pts/redirect.mp3/dovetail.prxu.org/106/1e2ef40d-1bce-44e7-a6ae-83bfe7a6315e/10_03_Dugan.mp3	DARPA; GBH; Innovation Hub; Kara Miller; PRI; PRX; Regina Dugan; Segment; WGBH; health; medical testing; science; space race; vaccines	On Oct. 4, 1957, Russia shocked the U.S. by launching the world’s first artificial satellite into orbit. Sputnik’s launch ignited a 20-year Space Race that would put men on the moon and push science and technology forward leaps and bounds. Now, as COVID-19 shocks the world again, Regina Dugan says we could be entering a new era marked by big breakthroughs in medical science. Dugan, former director of the Defense Advanced Research Projects Agency (DARPA) and CEO of Wellcome Leap, says this Health Age could lower research costs, speed up clinical trials and improve mental health treatments — and bring us a coronavirus vaccine along the way. The first step in all of this? Capturing the nation’s imagination to go beyond what we think possible.
2020-09-25	How We'll Live with COVID-19	50:12	https://www.podtrac.com/pts/redirect.mp3/dovetail.prxu.org/106/c2a0cfec-6aa6-437b-8d1d-57fd65ba7fc9/09_26_Podcast_Part1.mp3	Anthony Fauci; COVID-19; Economics; Epidemiology; GBH; Ian Bremmer; Immunity; Innovation Hub; International; Kara Miller; Megan Scudellari; PRI; PRX; Pandemic; Poverty; Segment; Virology; WGBH	As COVID-19 began to sweep through the U.S. in early March, New York Governor Andrew Cuomo, among others, declared it the “great equalizer” — an experience uniquely universal. But six months and 200,000 deaths later, it’s clear that the pandemic has made an unequal society, well, more unequal. According to political scientist and international risk consultant Ian Bremmer, economic disparity and political polarization are on the rise globally too. When we finally reach a long-sought post-pandemic world, steady access to education, testing and travel will give the wealthy a headstart to recovery, says Bremmer, president of Eurasia Group and GZERO Media. Plus, according to Megan Scudellari, a health and science journalist, that recovery is still a long way off.
2020-09-18	The Plow to Birth Control: How Tech Reshapes Relationships	50:13	https://www.podtrac.com/pts/redirect.mp3/dovetail.prxu.org/106/71fa1100-0e87-4c5c-91b2-957228b93e2f/09_19_IHub_PODCAST_A_Seg.mp3	Birth conttrol; Debora Spar; Feminism; GBH; Housework; Industrial Revolution; Innovation Hub; Kara Miller; Love; Marriage; PRI; PRX; Segment; Technology; WGBH	During this pandemic, we may be acutely aware that our love lives and family lives are entwined with the technology that’s all around us. But in fact, machines have been re-inventing our relationships since the days of the ancient plow, which likely led to the birth of marriage itself. That’s according to Debora Spar, a professor at Harvard Business School and former president of Barnard College. Spar, the author of “Work Mate Marry Love: How Machines Shape Our Human Destiny,” takes us on a journey through the technologies - from the steam engine to the refrigerator - that have affected when, how, and with whom we partner up. And we get a glimpse into a future with no masterplan for how the technologies we have built will further evolve and change us.
2020-09-11	The Potency of Sleep	30:08	https://www.podtrac.com/pts/redirect.mp3/dovetail.prxu.org/106/a246e3d6-72b0-4fd9-b419-425041c7a5a2/09_12_20_BC_SEG1_PODCAST.mp3	Amita Sehgal; Kara Miller; PRX; Rebecca Spencer; Sleep; WGBH; neuroscience	People have been reporting all kinds of strange sleep habits during the pandemic, and, according to sleep experts, it makes sense. Dr. Rebecca Spencer, a professor of brain sciences at the University of Massachusetts Amherst, and Dr. Amita Sehgal, a molecular biologist at the University of Pennsylvania, know that the sleep we get can be a reflection of the lives we lead. We dive into how the stresses and strains of these unpredictable times - not to mention greatly increased screen use - have disrupted our natural biological rhythms, and find out what it takes to get a good night’s rest.
2020-09-11	Powers of Persuasion	19:29	https://www.podtrac.com/pts/redirect.mp3/dovetail.prxu.org/106/a0b12612-26f3-4265-b267-de55f9fb10c3/09_12_20_ASEG_PODCAST.mp3	Amita Sehgal; COVID-19; Innovation Hub; Jonah Berger; Kara Miller; PRX; Persuasion; WGBH; Wharton; voting	Election season is upon us and everywhere you look someone is trying to coax you to vote for their candidate or issue. As we all know, old habits die hard and getting a person to shift their deeply-held opinions, political or otherwise, isn’t easy. Jonah Berger, a marketing professor at the Wharton School at the University of Pennsylvania, and the author of, “The Catalyst - How To Change Anyone’s Mind,” explains why reaching a tipping point isn’t about pushing for more but asking for less -- at least initially.
2020-09-04	Will Corona Change College Forever?	30:18	https://www.podtrac.com/pts/redirect.mp3/dovetail.prxu.org/106/d7847e0a-73ec-45c0-858d-e2a8269bd8cb/090520_IHub_Higher_Ed_Special_PODCAST_AB_SEG_Part_1.mp3	Back to school; COVID-19; College; Coronavirus; Education; GBH; Higher education; Innovation Hub; Jeff Selingo; Kara Miller; Online classes; PRI; PRX; Pandemic; School; Segment; Students; Universities; WGBH	Colleges and universities nationwide were already facing a challenging landscape before the pandemic, but the fall of 2020 is testing them in ways they never could have anticipated. Some are doing remote-only learning, some are hybrid, and some are fully in-person. And this academic year could be the tipping point that potentially upends the entire higher education sector. According to Jeff Selingo, the former editor of the Chronicle of Higher Education and author of “Who Gets In and Why: A Year Inside College Admissions,” institutions may need to rethink the way they serve their students, if they want to survive.
2020-09-04	Reopening Colleges, Reopening Society	20:06	https://www.podtrac.com/pts/redirect.mp3/dovetail.prxu.org/106/ae9fe649-661b-4e5e-97f2-5c9934116ad5/090520_IHub_Higher_Ed_Special_PODCAST_C_SEG.mp3	AIDS; Back to school special; COVID-19; College; Coronavirus; Epidemiologist; GBH; HIV; Innovation Hub; Julia Marcus; Kara Miller; Pandemic; Public Health; Segment; Stigma; Students; WGBH	Young adults have often been criticized during the coronavirus pandemic. Now, as some colleges and universities open up their campuses for in-person and online classes, complaints and warnings to students are ratcheting up. But Julia Marcus, an infectious disease epidemiologist and assistant professor at Harvard Medical School, doesn’t believe that a punitive approach is the best way to reopen schools. She discusses a holistic public health strategy that she says will support students, instead of shaming them, and enlist their help in the fight against the spread of COVID-19.
2020-08-28	The Story of Leland Stanford: an American Disruptor	27:14	https://www.podtrac.com/pts/redirect.mp3/dovetail.prxu.org/106/92798042-c94a-466e-b7ca-c66ed85be681/08_29_PODCAST_BSEG1.mp3	California; Gold rush; Innovation Hub; Kara Miller; Leland Stanford; PRI; PRX; Roland De Wolk; Silicon Valley; Stanford University; WGBH; railroads; segment	When you hear the name “Stanford,” chances are a certain university in Palo Alto, CA will come to mind. But you may be less familiar with the story of Leland Stanford, the university’s founder. As a railway entrepreneur and key player in West Coast politics, Stanford lived a controversial life that changed the history of California, strengthened a divided nation, and planted the seeds for the rise of Silicon Valley.
2020-08-28	The Myth of a Gendered Brain	22:11	https://www.podtrac.com/pts/redirect.mp3/dovetail.prxu.org/106/01668797-02fe-4ed2-9d8c-b8e67e1edcf1/08_29_PODCAST_ASEG.mp3	brains; femininity; gender; gina rippon; innovation hub; kara miller; masculinity; pri; prx; psychology; science; segment; sex; wgbh	It’s no secret that men and women are different — it’s the punchline of a hundred jokes. But does our sex really show in our brains, or is there something else at play? Gina Rippon, a neuroscientist at Aston University in the U.K. and author of “Gender and Our Brains,” argues that sex doesn’t play nearly as big a role in influencing our brains as we might think. Rather, she says, social cues likely start to influence children at very, very young ages - and it is those cues that account for many of the differences we see.
2020-08-21	The Rise of the Comedians	30:38	https://www.podtrac.com/pts/redirect.mp3/dovetail.prxu.org/106/59eaf647-7bff-41ab-a094-bff94b1ee8e5/082220_Podcast_ABSeg1.mp3	Dave Chapelle; Ed Sullivan; Ellen Degeneres; Innovation Hub; Joan Rivers; Johnny Carson; Kara Miller; Lenny Bruce; Netflix; PRI; PRX; Richard Pryor; Stephen Colbert; WGBH; Wayne Federman; comedy; humor; segment	Humans have always enjoyed a good laugh, but the concept of stand-up comedy is relatively new. Wayne Federman, a comedian who teaches at the University of Southern California, and hosts the podcast The History of Stand Up, talks about the origin of the modern comedian. From the earliest vaudeville circuits, to the rise of the comedy record, to the role of late-night television in break-out comedy moments, we pay tribute to the power of the comedian.
2020-08-21	Fast Fashion Might Need To Slow Down	18:40	https://www.podtrac.com/pts/redirect.mp3/dovetail.prxu.org/106/ad988de1-2789-468c-8f68-b7e349139958/082220_PODCAST_CSEG.mp3	H&M; Innovation Hub; Kara Miller; Levis; PRI; PRX; WGBH; Zara; blue jeans; consumerism; dana thomas; denim; environment; fabric; fashion; fast fashion; jeans; pollution; segment; sweatshops; textiles	Americans buy, on average, almost 70 items of clothing a year. And many of those garments are worn just seven to ten times before being thrown away. This breakneck consumption of clothes is only possible because of fast fashion, a system in which clothing is made quickly, sold cheaply, and seen as pretty disposable. Dana Thomas, author of “Fashionopolis: The Price of Fast Fashion and the Future of Clothes,” walks us through the origins and effects of fast fashion.
2020-08-14	Hacking our Democracy	28:55	https://www.podtrac.com/pts/redirect.mp3/dovetail.prxu.org/106/7bc79d56-b053-47f7-9d85-3641d8821ac3/0815_IHub_PODCAST_AB_SEG_Part_1_REV.mp3	Alex Halderman; Elections; Innovation Hub; Kara Miller; PRI; PRX; Russia; University of Michigan; WGBH; hacking; internet security; segment; voting machines	As the 2020 presidential election approaches, fears about the security of our democracy are heightening, particularly as COVID-19 forces us to adapt our voting practices. Many states are expanding access to mail-in voting, prompting cries of fraud from the Trump administration. But maybe it’s traditional voting machines that we should really be worried about, instead of mailed-in paper ballots, says J. Alex Halderman. Halderman is a professor of Computer Science and Engineering at the University of Michigan whose research focuses on computer security and privacy, and throughout his career, he’s examined the intersection of politics and technology. That’s included extensive work on the security of voting technology used in the United States, and its susceptibility to cyberattacks.
2020-08-14	Can You Hear Me?	20:56	https://www.podtrac.com/pts/redirect.mp3/dovetail.prxu.org/106/91f0ffe9-f381-49eb-a922-253b351e8ea5/0815_IHub_PODCAST_C_SEG_REV.mp3	David Owen; PRI; PRX; WGBH; army; ears; health; hearing; hearing aids; hearing loss; innovation hub; kara miller; military life; music; musicians; noise; segment; tinnitus	Since the beginning of the pandemic, the world has seemed a little quieter. But that doesn’t mean you’re not being inundated with noise. Whether the sound is something you chose, like music or our podcast, or something outside of your control, like traffic outside or planes overhead, it’s likely that you rarely experience true silence. According to David Owen, a staff writer at The New Yorker and the author of “Volume Control: Hearing in a Deafening World,” all that noise is permanently changing humanity’s ability to hear.
2020-08-07	Is Race Science Coming Back?	27:36	https://www.podtrac.com/pts/redirect.mp3/dovetail.prxu.org/106/e6e4abce-b525-4b19-b62e-c98b03c4a7b8/08_08_20_ASEG1_PODCAST.mp3	angela saini; ethnicity; genetics; humanity; innovation hub; kara miller; nationalism; pri; prx; race; racism; science; segment; wgbh	With the European intellectual movement, there was a heightened interest to interpret the world around us. Scientists of the 18th century sought a way to categorize and objectively understand the multitude of species inhabiting earth. Unfortunately, humans were not spared in this scientific venture and the idea of superior and inferior human races were born, which went on to influence our social understanding of one another. Angela Saini, a science journalist and the author of “Superior: The Return of Race Science”, looks at how racial prejudice in the past was justified through science, and why she fears this ‘rationality’ is making a comeback with the current, global nationalist rhetoric.
2020-08-07	 Is Meritocracy Damaging Our Economy?	22:07	https://www.podtrac.com/pts/redirect.mp3/dovetail.prxu.org/106/0d3cd354-1c4e-4acb-9f44-32c604cc1ee2/08_08_20_CSEG_PODCAST.mp3	American dream; Daniel Markovitz; Income inequality; Innovation Hub; Kara Miller; Meritocracy; PRI; PRX; Segment; WGBH	Those in the highest paying jobs are working longer hours than ever before. Meanwhile, the middle class is falling behind, as employers demand more qualifications from employees. America is supposed to be a meritocracy, but perhaps meritocracies - which aim for fairness - aren’t all they’re cracked up to be.
2020-07-31	To Understand Risk - Play Poker	26:51	https://www.podtrac.com/pts/redirect.mp3/dovetail.prxu.org/106/979f3811-3bef-47d5-8746-38090449f5e4/080120_ASEG_KONNIKOVA_PODCAST.mp3	Innovation Hub; Kara Miller; Maria Konnikova; PRI; PRX; WGBH; chance; gambling; poker; probability; risk; segment; statistics	These days, it feels like everyone is thinking about risk. Is it a good idea to travel by airplane? Is it OK to visit parents? Is it safe to go to a park? But if you want to truly understand risk, it might be a good idea to turn to an unlikely source… poker. That’s according to Maria Konnikova, a journalist and author of the book The Biggest Bluff: How I Learned To Pay Attention, Master Myself, and Win. In writing the book, Konnikova set out to discover what poker can teach us about psychology, probability, and, yes, risk. She certainly didn’t set out to win over $300,000 playing professional poker... but sometimes a bet really pays off.
2020-07-31	Tipping the Scales: When America Started Moralizing Food	22:41	https://www.podtrac.com/pts/redirect.mp3/dovetail.prxu.org/106/e652e2f0-7333-4726-898b-bc6b3fa584ac/080120_BSEG_PART1_FOOD.mp3	diets; eating; food; food science; helen zoe veit; innovation hub; junk food; kara miller; milk; nutrition; parenting; picky eaters; pri; prx; rationing; segment; weightloss; wgbh	It was once a virtue to have some excess weight, kids weren’t considered picky eaters, and the term “overweight” didn’t even exist. What changed? Helen Zoe Veit, an associate professor of history at Michigan State University, and author of “Modern Food, Moral Food: Self-Control, Science, and the Rise of Modern American Eating in the Early Twentieth Century,” joined us to talk about how America began to moralize the food that we eat — or don’t eat.
2020-07-24	The World Behind Wikipedia	17:44	https://www.podtrac.com/pts/redirect.mp3/dovetail.prxu.org/106/fb31cf19-1a2e-4d9d-8cfe-9bf7e35ecc56/07_25_Show_PODCAST_C_SEG.mp3	Andrew Lih; Encyclopedia; Innovation Hub; Internet; Kara Miller; PRI; PRX; Segment; WGBH; Wikimedia; Wikipedia; women	“Don’t believe everything you read on the internet.” The urgency behind this sentiment is stronger than ever at a time when misinformation is everywhere. So how has Wikipedia, famous for allowing anyone to edit, become a paragon for truth? Andrew Lih, author of “The Wikipedia Revolution: How a Bunch of Nobodies Created the World’s Greatest Encyclopedia” and the Wikimedia Strategist for the Metropolitan Museum of Art in New York, breaks down where Wikipedia came from, how it works, and where it could be headed.
2020-07-24	COVID-19’s Crisis of Care Costs Working Mothers	31:57	https://www.podtrac.com/pts/redirect.mp3/dovetail.prxu.org/106/e3985e13-b384-4e77-90ff-cbc356e54c28/07_25_Show_PODCAST_AB_SEG_REV.mp3	Betsey Stevenson; Covid-19; Economics; Innovation Hub; Kara Miller; University of Michigan; WGBH; caregiving; childcare; coronavirus; elder care; gender equality; pandemic; segment; women; women in the workplace	COVID-19 has dramatically changed the lives of millions of families, with some parents losing their jobs while others struggle to keep them. For working parents, careers are competing now, more than ever, with another pressing responsibility—caring for their children. Betsey Stevenson, a professor of economics and public policy at the University of Michigan, explains how the burden of childcare during COVID-19 has had a disproportionate impact on women and why the pandemic could have a lasting effect on gender equality in the workplace for years to come.
2020-07-17	The Future of Our Pandemic	49:55	https://www.podtrac.com/pts/redirect.mp3/dovetail.prxu.org/106/1dc4d2af-0ddc-4fed-a9e0-80ae361808a5/07_18_ABC_Podcast.mp3	COVID-19; Coronavirus; Innovation Hub; Kara Miller; Michael Osterholm; PRI; PRX; WGBH; pandemics; segment	The U.S. loosened its lockdown measures far too early, even as cases of COVID-19 were on the rise, and now we are paying the price. That’s the verdict of Dr. Michael Osterholm, director of the Center for Infectious Disease Research and Policy at the University of Minnesota, who back in May called the rush to reopen a “hodgepodge” because several states ignored important health and safety guidelines. As the pandemic rages on, Osterholm discusses the steps that are needed to control the spread of the virus, advances in testing and treatment, and what the future could hold.
2020-07-10	The Culture of COVID-19	30:58	https://www.podtrac.com/pts/redirect.mp3/dovetail.prxu.org/106/20b3c0fd-2eb0-4ad0-8110-8adacfa60155/071120_IHUB_Podcast_AB_Seg.mp3	Innovation Hub; Kara Miller; Michele Gelfand; PRI; PRX; WGBH; coronavirus; covid19; culture; international; pandemic; peer pressure; psychology; public health; rules; segment; society; threats	The United States’ disjointed and detrimental response to the COVID-19 pandemic stands in stark contrast to the actions we’ve seen in other countries. While some people elsewhere seem more than willing to wear masks and avoid close contact with others, many Americans have balked at measures that they see as encroaching on personal freedoms, even as COVID-19 cases begin to spiral out of control once more. There are several factors at play, including what some have described as a failure of leadership at the national level. But, according to Michele Gelfand, a psychology professor at the University of Maryland and author of “Rule Makers, Rule Breakers: How Tight and Loose Cultures Wire Our World,” we can also look to cultural and social norms.
2020-07-10	A Surprising, Gross, and Utterly Fascinating Look at the Birth of Science	18:49	https://www.podtrac.com/pts/redirect.mp3/dovetail.prxu.org/106/87cf1641-fb28-4fa8-ac9f-54eab6fe488c/071120_IHUB_Podcast_C_Seg.mp3	Adrian Tinniswood; Albert Einstein; Copernicus; England; Galileo; Innovation Hub; Isaac Newton; Kara Miller; PRI; PRX; Segment; The Royal Society; WGBH; astronomy; history; magic; medicine; natural world; science	Science in the 1600s wasn’t an especially safe endeavor. People were burned at the stake for saying that the Earth revolved around the Sun. Galileo Galilei narrowly avoided that particular fate, but was placed under house arrest. That’s… pretty different from our modern world, where we’re all relying on scientists to understand the nature of the COVID-19 pandemic, and, hopefully, come up with a vaccine. How did we get to this point? Well, part of the reason is that, in 1660, a group of natural philosophers and thinkers came together to found what would become known as The Royal Society. That’s according to Adrian Tinniswood, author of The Royal Society: And the Invention of Modern Science. He walks us through the important legacy of the oldest scientific institution in the world, and how it helped shape evidence-based science.
2020-07-03	Saying Goodbye To Language As You Know It	23:02	https://www.podtrac.com/pts/redirect.mp3/dovetail.prxu.org/106/f6eb5c0a-e80f-4ef0-b5cd-0524a1aa3c61/07_04_C_Podcast.mp3	dictionary; etymology; innovation hub; kara miller; katherine connor martin; language; linguistics; pri; pronouns; prx; segment; slang; wgbh; words	It seems like every time a dictionary publishes a new update, people flock to social media to talk about it. Whether they’re responding to the addition of the word “fam” or the dad joke, They always return to the question of what consequences these additions will have. Do they really spell disaster for the English language? Turns out, the “updation” (new to the Oxford English Dictionary as of last year) of language isn’t necessarily a bad thing. And it’s been going on for as long as language has existed. Katherine Connor Martin, head of U.S. dictionaries at Oxford University Press, explains why the creation of new words is actually natural, and tells us how the ways we communicate have been speeding up the evolution of language.
2020-07-03	A Compulsion to Be Good	26:42	https://www.podtrac.com/pts/redirect.mp3/dovetail.prxu.org/106/d1c61d92-37dc-4975-82b6-675d9d5bb197/MIXED_FINAL_0704_AB_SEG_MIXED.mp3	community; evolution; goodness; humanity; innovation hub; kara miller; kindness; nicholas christakis; pri; segment; society; wgbh	There is a famous quote from French existentialist philosopher Jean-Paul Sartre: “Hell is other people.” While some may agree with that sentiment and crave solitude, there’s a lot of evidence that people are drawn to each other. We form friendships, sports teams, knitting circles and complex societies, unlike any other species on Earth. Nicholas Christakis, a doctor, sociologist, and author of “Blueprint: The Evolutionary Origins of a Good Society,” has spent years trying to understand why people often feel compelled to connect to - and help - each other. The answer he arrived at was that, although humans are capable of a lot of bad things, it turns out being good has long been coded into our biology
2020-06-26	Educating Kids in a Pandemic	31:09	https://www.podtrac.com/pts/redirect.mp3/dovetail.prxu.org/106/39ca5ebc-8100-42ac-94b4-8ec145b08cf9/062720_IHub_AB_Podcast.mp3	Dana Goldstein; Innovation Hub; Kara Miller; PRI; Segment; WGBH; education; pandemic; remote learning; rural education; school	Students have lost months and months of learning because of school closures during the COVID-19 crisis. Research shows that remote education efforts haven’t measured up, and the pandemic has only exacerbated economic, racial and rural-urban divides. During the next school year, following the long summer break, many students could find themselves falling even further behind. Dana Goldstein, a national correspondent for The New York Times and the author of The Teacher Wars: A History of America's Most Embattled Profession, discusses the latest data on distance learning for grades K-12 and students and parents share their own experiences.
2020-06-26	Baby Boom or Baby Bust?	19:29	https://www.podtrac.com/pts/redirect.mp3/dovetail.prxu.org/106/5b6f6413-fa80-42cf-8d93-0988237f3f47/062720_IHub_C_Podcast.mp3	Innovation Hub; Kara Miller; Melissa Kearney; PRI; Segment; WGBH; baby boom; baby bust; birth rates; childbirth; economics; fertility; kids; pandemic	These days, we wonder a lot about the long-term impacts of the COVID-19 pandemic. What will this crisis mean for our jobs? Will schools be open in the fall? When will we be able to return to our favorite activities? One topic that you’re probably not thinking about — but that will have a huge national impact — is birth rates. Melissa Kearney, a professor of economics at the University of Maryland and a senior fellow at Brookings, argues in a recent report (co-authored with Wellesley College professor Phillip Levine) that we are headed for a baby bust.
2020-06-19	The Makings of Modern Conservatism	29:11	https://www.podtrac.com/pts/redirect.mp3/dovetail.prxu.org/106/ebbf09ed-b7fc-419c-8949-28df0832cabb/06_20_20_ABSEG_PODCAST_REV.mp3	California; FDR; Innovation Hub; Kara Miller; Kathryn Olmsted; New Deal; PRI; Richard Nixon; Ronald Reagan; Segment; Upton Sinclair; WGBH; agriculture; communism; conservatives; history; republican party; unions	In the 1930s, America experienced the Great Depression, the New Deal, and leadership from both Herbert Hoover and Franklin Roosevelt. California, meanwhile, witnessed a serious shift in the Republican Party - a shift that would impact the entire country for decades to come. Kathryn Olmsted, professor of history at the University of California Davis and author of Right Out of California: The 1930s and the Big Business Roots of Modern Conservatism, says that all sorts of factors came together to make conservatives see the government “as a force for evil instead of a force for protecting the markets.” From crops to communism, she explains how California paved the way for modern conservatism.
2020-06-19	Designing for You	20:15	https://www.podtrac.com/pts/redirect.mp3/dovetail.prxu.org/106/1ce7e085-04d1-4edc-8da9-921ff667a8a2/06_20_20_CSEG_PODCAST.mp3	Cliff Kuang; Innovation Hub; Kara Miller; PRI; Segment; UI; WGBH; design; user experience	From our smartphones to our bicycles, the user experience provided by manufactured products has an enormous impact on our lives. Down to the smallest details, designers often puzzle over how to best align a product with the demands of the customer. But that wasn’t always the approach, and Cliff Kuang, author of User Friendly: How the Hidden Rules of Design Are Changing the Way We Live, Work, and Play, explains how this revolution of design has taken hold and dramatically changed our patterns of consumption and use.
2020-06-12	The Power of Play	18:27	https://www.podtrac.com/pts/redirect.mp3/dovetail.prxu.org/106/c040adcd-432a-47a6-9fca-f46f941c3c5b/0613_Podcast_C_seg.mp3	anthropology; children; chilhood; culture; dorsa amir; innovation hub; kara miller; kids; learning; play; playtime; pri; segment; wgbh	Childhood today is radically different than it was just a few generations ago. Before the coronavirus pandemic, kids’ busy schedules included school, homework, chores, sports, music lessons and other activities. Those packed schedules often left out one key element that is crucial to growth and learning — play. That’s according to Dorsa Amir, a postdoctoral researcher and evolutionary anthropologist at Boston College. Amir has studied the Shuar people of Ecuador, a non-industrialized society, and observed startling differences in how Shuar children and American children spend their time. She tells us how childhood has changed drastically, and how that affects kids today.
2020-06-12	A Tale of Two Pandemics	31:17	https://www.podtrac.com/pts/redirect.mp3/dovetail.prxu.org/106/7e5fec36-454b-48f4-aeab-7658524dadc4/0613_Podcast_AB_seg.mp3	Dariush Mozaffarian; Innovation Hub; Kara Miller; PRI; WGBH; coronavirus; covid-19; diet; food; food insecurity; health; nutrition; segment; weight	There are a lot of possible explanations for why Japan has weathered the COVID-19 pandemic better than the United States. It’s possible that the Japanese are more used to wearing masks, that the government used contact tracing more effectively to contain outbreaks, and that handshakes aren’t a widespread cultural practice. But according to Dariush Mozaffarian, a cardiologist, and the dean of the Tufts Friedman School of Nutrition Science and Policy, one of the main reasons Japan is coping with the coronavirus more successfully than the United States is because of another problem: obesity. America has one of the highest rates of obesity in the developed world, and Japan has one of the lowest. And it’s this major health concern that’s making America’s response to COVID-19, much more difficult. Mozaffarian explains why that is, and the ways we can deal with it.
2020-06-05	Democracy in Decay	34:38	https://www.podtrac.com/pts/redirect.mp3/dovetail.prxu.org/106/8390da3f-31c0-4871-be49-83a1378ecc66/060620_AB_Podcast.mp3	Donald Trump; Innovation Hub; Kara Miller; PRI; Suzanne Mettler; WGBH; authoritarianism; democracy; freedom; government; protests; segment	"The Declaration of Independence states that ""all men are created equal,"" but for much of U.S history that has been an aspirational ideal, according to Suzanne Mettler, a professor of government at Cornell University. Now the pillars of American democracy, including the rule of law, the legitimacy of opposition and free and fair elections, are under attack like never before, she explains. Mettler, the co-author of Four Threats: The Recurring Crises of American Democracy, says that while the challenges aren’t new, their confluence under President Donald Trump has led to the weakening of the very necessary checks and balances built into our political system."
2020-06-05	Climate Change in the Time of Coronavirus	13:15	https://www.podtrac.com/pts/redirect.mp3/dovetail.prxu.org/106/8aa10420-1114-4ad9-ae99-6c6eadfac9f8/060620_C_Podcast.mp3	Innovation Hub; Kara Miller; PRI; Shannon Osaka; WGBH; climate change; coronavirus; covid19; environment; global warming; lockdown; pollution; science; segment; smog	We’re all ready for some good news, so headlines about smog dissipating in China, skies clearing in LA, and jellyfish appearing in canals in Venice were very welcome amidst the pandemic. However, while these paint a rosy picture of a potential silver lining to the global shutdown, the truth is much more complicated. Shannon Osaka, a reporter for Grist focusing on climate change and science, says the way we’ve slowed our lives this year has had a positive impact on our planet but it’s not enough to make a real dent in climate change.
2020-05-29	The Race for a Coronavirus Vaccine	49:25	https://www.podtrac.com/pts/redirect.mp3/dovetail.prxu.org/106/2156c930-2fcf-4a63-a31a-52ff6b8dc6df/053020_IHUB_ABCSEG.mp3	coronavirus; covid-19; health; immunization; innovation hub; kara miller; medical; michael kinch; pandemic; pri; science; segment; vaccines; wgbh	The headlines have been full of the latest “breakthroughs” in efforts to develop a vaccine against COVID-19, and markets have even reacted to all the twists and turns in recent weeks. Although he understands the desire for any positive news in the midst of a deadly pandemic, Michael Kinch, associate vice chancellor and director of the Center for Research Innovation in Biotechnology at Washington University in St. Louis, is keen to temper expectations about a vaccine. He notes that the history of vaccines is filled with arduous trial-and-error, and explains why “layering our defenses” against the new coronavirus may be our best shot.
2020-05-22	Motown: The History Of A Hit Factory	23:50	https://www.podtrac.com/pts/redirect.mp3/dovetail.prxu.org/106/ef4680a5-a236-4ed5-95b7-35346d43330d/05_23_PODCAST_AB.mp3	adam white; barry gordy jr; detroit; diana ross; innovation hub; kara miller; motown; music; pri; segment; smokey robinson; the supremes; wgbh	Shortly after Michael Jackson died in 2009, Helen Brown, a music critic for the Daily Telegraph wrote that the Jackson 5’s 1969 single “I Want You Back,” is “certainly the fastest man-made route to pure joy.” And while Michael, Tito, Jermaine, Marlon, and Jackie may have stolen the spotlight, the group - like so many others - emerged from a hit factory created by a man named Berry Gordy Jr. Gordy founded Motown after stints as a boxer and as a worker in a Lincoln-Mercury plant. And he quickly turned the label into a force to be reckoned with, drawing on a formula of quality control he had learned at the auto factory, taking raw talent like Diana Ross and Smokey Robinson, and refining them into international stars. As a result, Motown became one of the most successful black-owned music companies in American history. We talk to music journalist Adam White, author of “Motown: The Sound of Young America,” about Gordy’s meteoric rise and his lasting legacy.
2020-05-22	Fixing Broken Hearts	24:17	https://www.podtrac.com/pts/redirect.mp3/dovetail.prxu.org/106/30ae2f3e-fbe4-4747-afb6-4adf6a556645/05_23_PODCAST_C_Seg.mp3	Dr. Sandeep Jauhar; cardiovascular health; health; hearts; innovation hub; kara miller; pri; segment; wgbh	From updates about the availability of ventilators in our states to watching each other anxiously for even the hint of a cough, we’ve put a lot of focus on the health of our lungs recently. There’s another factor that we might have been overlooking in all this though: your heart is at stake, too. Dr. Sandeep Jauhar, the director of the Heart Failure Program at Long Island Jewish Medical Center and author of Heart: A History, takes a look at some of the unseen ways that we influence our hearts, and our hearts influence us. And, as it turns out, our perception of the heart and its role in our emotions is a lot deeper than we might have thought
2020-05-15	The Great Reopening	49:45	https://www.podtrac.com/pts/redirect.mp3/dovetail.prxu.org/106/878ceea7-b068-4c86-bc47-30c4f3a20107/0516_PODCAST_ABC.mp3	contagious diseases; coronavirus; covid19; diana hernandez; epidemiology; herd immunity; innovation hub; kara miller; michael osterholm; pandemic; pri; segment; south bronx; wgbh	In the midst of a pandemic, governors around the country have been reopening local economies and causing concern for many health experts, including members of the White House coronavirus task force who testified before a Senate committee this week. Dr. Michael Osterholm, director of the Center for Infectious Disease Research and Policy at the University of Minnesota has long warned about the risk of pandemics. He calls the effort to reopen a “hodgepodge,” though he believes remaining locked down while we wait for a vaccine is not an option. First and foremost, he laments a lack of national leadership, frank talk about the tradeoffs ahead, and a clear direction in the fight against COVID-19.
2020-05-08	The Value of a Human Life	21:33	https://www.podtrac.com/pts/redirect.mp3/dovetail.prxu.org/106/6ea4c573-3a19-4b7e-a7f6-750dc58d17b9/MIXED_05_09_C_Podcast.mp3	ethics; howard friedman; human life; innovation hub; kara miller; law; morality; philosophy; pri; segment; wgbh	Governors in some states have taken steps to begin reopening businesses in the middle of the coronavirus pandemic. Any easing of social distancing measures inevitably leads to uncomfortable conversations about the value of human life versus economic prosperity. Those types of conversations are nothing new, according to Howard Steven Friedman, a statistician and health economist at Columbia University. He says people have long calculated how much human lives are worth, including those working in the courts, the health care industry, and the government.
2020-05-08	The Slow Burn of a Long Term Slowdown	27:56	https://www.podtrac.com/pts/redirect.mp3/dovetail.prxu.org/106/4ac3adfd-d29c-4db7-81b6-a25b52eaf6c5/MIXED_05_09_AB_Podcast.mp3	advancement; charles darwin; climate change; danny dorling; economics; global slowdown; innovation hub; kara miller; overpopulation; pollution; population; pri; segment; technology; wgbh	Our world is fast, and, while it may feel that it’s always getting faster, we’re actually slowing down in a lot of ways. That’s according to Danny Dorling, a professor of geography at Oxford University and author of Slowdown: The End of the Great Acceleration – and Why It’s Good for the Planet, the Economy, and Our Lives. He says that, even before this pandemic, there was a global slowdown in population, in technological advancement, and in the economy.
2020-05-01	Global Risks of a Global Pandemic	48:45	https://www.podtrac.com/pts/redirect.mp3/dovetail.prxu.org/106/79ef13f1-d747-4b1e-a93a-fbd438838fe0/05_02_PODCAST_ABC.mp3	coronavirus; covid19; geopolitics; ian bremmer; innovation hub; international relations; kara miller; pri; segment; wgbh	The coronavirus pandemic has been compared to the Great Depression and the Second World War, in terms of the threat it poses to democracy. Geopolitical risk analyst Ian Bremmer doesn’t think the crisis will usher in a new world order, but he believes it will intensify and speed up trends that many have worried about for years. Bremmer, president of Eurasia Group and GZERO Media, discusses the impact of COVID-19 on global inequality, segregated societies, global leadership, our dependence on China and much more.
2020-04-24	What You Don’t Know About George Washington	26:07	https://www.podtrac.com/pts/redirect.mp3/dovetail.prxu.org/106/9e8530e5-68ae-4a2b-85d1-d0f061067688/042520_PODCAST_BC_Seg.mp3	alexis coe; america; founding fathers; george washington; history; innovation hub; kara miller; potus; pri; segment; wgbh	He’s on our money, our capital is named after him and he’s even in our extremely weird car ads. But how much do you really know about statesman, general, farmer, slave master, husband, stepfather, and first President of the United States George Washington? According to Alexis Coe, author of You Never Forget Your First: A Biography of George Washington, probably not as much as you might think. Coe walks us through the surprising life of the man on the one dollar bill.
2020-04-24	A Path Out Of A Pandemic	23:41	https://www.podtrac.com/pts/redirect.mp3/dovetail.prxu.org/106/0b88f875-8d34-4514-a999-1e6170c76d3f/042520_PODCAST_A_Seg.mp3	coronavirus; covid19; disease; innovation hub; kara miller; pandemic; pri; science; segment; social distancing; vaccines; wgbh; yonatan grad	After weeks and weeks of millions of people sheltering-in-place across the country because of COVID-19, there is talk of possibly reopening parts of the economy. Still, many public health experts insist the right conditions need to be created before we can begin to find a path back to life as we once knew it. Yonatan Grad, assistant professor of Immunology and Infectious Diseases at the Harvard T. H. Chan School of Public Health, is one of a growing chorus of voices calling for a dramatic increase in coronavirus testing. He looks at the ways this pandemic could end, and explains why much more data is urgently needed to control the spread of the disease and limit the threat of uncontrolled outbreaks.
2020-04-17	The Economics of a Global Emergency	49:20	https://www.podtrac.com/pts/redirect.mp3/dovetail.prxu.org/106/3357301f-e692-4de8-a8e4-3b6bd64c3598/04_18_ABCSeg_REV_Podcast.mp3	coronavirus; covid19; david autor; economics; economy; innovation hub; kara miller; lay offs; mit; pandemic; pri; recession; segment; unemployment; wgbh	Everybody, in one way or another, is being impacted by the coronavirus pandemic. From our health to our social lives, so much has changed so quickly. However, the crisis is hitting some Americans harder than others. Estimates are that America's unemployment rate is currently in the teens (and potentially headed higher), and there has been a record number of unemployment benefit claims during the past month. According to David Autor, Ford Professor of Economics at MIT and co-chair of the MIT Work of the Future Task Force, what’s happening will be “transformative” for the country’s economy in the long run — both positively and negatively.
2020-04-10	Science for Sale	37:04	https://www.podtrac.com/pts/redirect.mp3/dovetail.prxu.org/106/b20f4bee-fa6e-4e0e-83c8-9d24a4eb3d43/04112020_PODCAST_AB_SEG.mp3	coronavirus; covid19; david michaels; disease; environment; innovation hub; kara miller; osha; pfas; pfoa; pri; public health; science; segment; teflon; wgbh	Undermining science, by sowing seeds of doubt, has become standard operating procedure for corporations that produce products which may be harmful to our health. That’s according to David Michaels, a professor at the George Washington University School of Public Health. He says tobacco companies developed the playbook on how to question science, in order to fight government regulations. But their tactics have been imitated by plenty of other industries, from alcohol to fossil fuel to the NFL. Michaels, author of “The Triumph of Doubt - Dark Money and the Science of Deception,” explains a strategy used to manipulate government leaders, which, he says, has even influenced our response to the coronavirus pandemic.
2020-04-10	A Modern Mayflower: Autonomous Driving Takes to the Water	12:10	https://www.podtrac.com/pts/redirect.mp3/dovetail.prxu.org/106/6611b89a-89ac-4aeb-b260-921139258d7d/04112020_PODCAST_C_SEG.mp3	artificial intelligence; autonomous vehicles; brett phaneuf; innovation hub; kara miller; mayflower; oceanography; pri; segment; shipping; wgbh	This year marks four centuries since the Mayflower’s historic voyage from Plymouth, England to Plymouth Rock. To commemorate the journey, amid proposals to build a replica, a different sort of idea rose to the surface: sailing an unmanned ship along the same route that the Mayflower took. Brett Phaneuf, director of the Mayflower Autonomous Ship Project, discusses how the project took off, and what it could mean for the future of the shipping industry and our understanding of the oceans.
2020-04-03	Using Less and Getting More	20:49	https://www.podtrac.com/pts/redirect.mp3/dovetail.prxu.org/106/f186bfaf-81d9-4ad5-aba0-b718baefed7e/04_04_CSEG_PODCAST.mp3	andrew mcafee; environment; environmentalism; innovation hub; kara miller; pollution; pri; raw material; resources; science; segment; wgbh	It often feels like trash is piling up all around us, and that our consumption habits have put us on the road to environmental disaster. Just take a look at recycling bins stacked high with Amazon boxes and takeout containers. But research shows that we’re actually using fewer resources than we were 25 years ago, a process called “dematerialization.” That’s according to Andrew McAfee, the Co-Director of the Initiative on the Digital Economy at the MIT Sloan School of Management and the author of “More From Less: The Surprising Story of How We Finally Learned to Prosper Using Fewer Resources - and What Happens Next.” He explains why we’re using less, and whether we can expect that trend to extend into the future.
2020-04-03	Understanding Why Neighborhoods Matter	28:25	https://www.podtrac.com/pts/redirect.mp3/dovetail.prxu.org/106/c146906d-291a-4a37-9b79-6ac17a5b66bd/04_04_ABSEG_PODCAST.mp3	chicago; housing; innovation hub; kara miller; lawrence katz; moving to opportunity; neighborhoods; poverty; pri; public housing; red lining; segment; wgbh	Breaking persistent cycles of poverty may seem an impossible task, but the findings of a landmark government social experiment tell a different story. Back in the mid-1990s, a program called “Moving to Opportunity” gave some families, living in troubled public housing projects in five large cities, vouchers and additional assistance to move away to low-poverty neighborhoods. Lawrence Katz, a professor of economics at Harvard University and the principal investigator of the long-term evaluation of the initiative, explains why the initial results were surprising. He also discusses encouraging new research from an experiment in the Seattle area that helps low-income families move to neighborhoods with better opportunities and outcomes for children.
2020-03-27	Tools To Fight A Pandemic	27:54	https://www.podtrac.com/pts/redirect.mp3/dovetail.prxu.org/106/5ded9cfd-a3de-4840-8c03-7c7544e2b5d2/3_28_ABSEG_PODCAST.mp3	ashish jha; coronavirus; covid19; disease; global health; health; innovation hub; kara miller; pandemics; pri; prx; quarantine; segment; social distancing; wgbh	After the devastating Ebola virus outbreak beginning in 2014, several public health experts predicted that a pandemic of some kind lay ahead – it was not a case of if, but when. Dr. Ashish Jha, director of the Harvard Global Health Institute and professor of Global Health at Harvard T.H. Chan School of Public Health, was one of those people. He even taught a course about what it would take to prevent the next major infectious disease outbreak. Jha says we have the tools at our disposal to confront and eventually combat the novel coronavirus pandemic - we just need to be willing to work together to use them.
2020-03-27	How The Coronavirus Will Shape Our Cities	21:10	https://www.podtrac.com/pts/redirect.mp3/dovetail.prxu.org/106/6729fb80-87cc-4668-a82d-f78351927b7f/3_28_CSEG_PODCAST.mp3	cities; coronavirus; covid19; disease; innovation hub; kara miller; pandemics; pri; prx; richard florida; segment; urban planning; wgbh	City life has, mostly, slowed to a standstill. Madison Square Garden isn’t hosting basketball games. You can’t grab a drink at the bar around the corner. Great public spaces - the Spanish Steps, Times Square, Las Ramblas - are empty. This situation won’t go on forever, of course. But the coronavirus pandemic will leave a permanent mark on our cities. That’s according to Richard Florida, a professor at the University of Toronto’s School of Cities and co-founder of the website CityLab. He explains how cities can adapt to help lessen the impact of the pandemic, and discusses the ways our urban life will change.
2020-03-20	WiFi-Equipped Plants Need No Green Thumb	11:26	https://www.podtrac.com/pts/redirect.mp3/dovetail.prxu.org/106/d576d71f-8527-4b68-a75e-7f406d87c4c2/03_21_SproutsIO_Rev2_Podcast.mp3	agriculture; elizabeth ross; food; gardening; innovation hub; kara miller; pri; prx; segment; sprout.io; wgbh	By 2050, almost 10 billion people are expected to be living on planet Earth, and most of them will reside in urban areas. Some experts say we will need to take advantage of everything in our agricultural arsenal to feed all those mouths. Could a technology-based method of growing veggies and herbs inside the home be part of the solution? Innovation Hub’s senior producer, Elizabeth Ross, reports on a relatively new approach to growing food which has its roots in outer space.
2020-03-20	The Advantage Of Being A Generalist	37:14	https://www.podtrac.com/pts/redirect.mp3/dovetail.prxu.org/106/37313953-d5cc-4ea8-be70-bfd1de4d9660/03_21_Epstein_Podcast.mp3	david epstein; innovation hub; kara miller; pri; prx; psychology; science; segment; sports; tiger woods; wgbh	Should you be the best at one skill, or be pretty good at a bunch of different ones? David Epstein, the author of Range: Why Generalists Triumph in a Specialized World, says that practicing one skill for 10,000 hours (as some have suggested) might not necessarily set you up to be the next Tiger Woods or the next chess grandmaster. But in a world where we’re constantly encountering new experiences, Epstein believes that the ability to take knowledge from one situation and apply it to another, to generalize, is what really pushes us ahead.
2020-03-13	The Real Cost of Expensive Housing	14:38	https://www.podtrac.com/pts/redirect.mp3/dovetail.prxu.org/106/c0bc63a6-8240-4b18-9140-fcd11edd8e48/03_14_C_PODCAST_REV.mp3	Housing; Kara Miller; Moving; PRX; Tamin Bayoumi; WGBH	Picking up and moving to new opportunities has always been a part of the American dream. But, says Tamim Bayoumi, a deputy director at the International Monetary Fund and a co-author of the paper “Stranded! How Rising Inequality Suppressed US Migration and Hurt Those Left Behind,” that narrative has shifted in modern America. As well-paying jobs are increasingly concentrated in cities with high living costs, some Americans find themselves unable to pursue the careers that could most help them and their families.
2020-03-13	Striking While the Hand is Hot	34:01	https://www.podtrac.com/pts/redirect.mp3/dovetail.prxu.org/106/30e2ed09-aabf-4a90-9973-606b6b1a78ef/03_14_AB_PODCAST_REV.mp3	Basketball; Ben Cohen; Kara Miller; PRX; Rob Reiner; Steaks; Steph Curry; The Princess Bride; WGBH	You might not think that a simulation meant for kids could change how something plays out in real life, but in the 1990s, the arcade game NBA Jam did exactly that. One feature of the game allowed players to be “on fire.” The more a player scored, the higher chance he or she had of scoring again. Fast forward to today and you can’t escape the concept of a hot streak, or a “hot hand”' as it’s called in basketball. Athletes swear by it, even refusing to touch another player’s “hot” hand. But is a hot streak as real as some people believe it to be? Ben Cohen, a sports writer for The Wall Street Journal and author of “The Hot Hand: The Mystery and Science of Streaks,” argues that the idea of a hot hand is very real — and it isn’t exclusive to basketball either.
2020-03-06	Out of Focus: Concentrating in a Distracting World	22:16	https://www.podtrac.com/pts/redirect.mp3/dovetail.prxu.org/106/a41fdf55-4416-40d2-a863-fa0fa45a6f6e/030720_IHUB_PODCAST_C_SEG.mp3	attention; chris bailey; digital detox; distraction; focus; innovation hub; kara miller; lifestyle; multitasking; open offices; pri; productivity; prx; segment; social media; wgbh	Are you looking at this article while you’re supposed to be doing something else? Chris Bailey, author of, “Hyperfocus: How to Manage Your Attention in a World of Distraction,” says you’re not alone. From the hits of dopamine we get when we check social media, to the trick our minds play on us when we’re multitasking that makes us think we’re being more productive than we really are, our world is a really distracting place. It is possible to undo the effects of all that stimulation and reset our attention spans though. Bailey weighs in on what it takes to get through a workday without accidentally ending up on your Twitter, Instagram or any other feed.
2020-03-06	Home DNA Tests Reveal More Than We Bargained For	27:07	https://www.podtrac.com/pts/redirect.mp3/dovetail.prxu.org/106/3d1764de-e814-4ed2-8027-db3092c1bca2/030720_IHUB_PODCAST_AB_SEG.mp3	23andme; ancestry; dna; ethics; heritage; innovation hub; kara miller; libby copeland; pri; prx; science; segment; wgbh	More than thirty million people have used at-home DNA testing kits, sold by companies such as 23andMe, Ancestry and others, to flesh out their family tree or to help them discover long-lost relatives. However, mail-in genetic tests can sometimes bring unexpected and unsettling results that challenge long-held assumptions about who we think we are. In her book, “The Lost Family,” journalist Libby Copeland investigates the consequences of the commercialization of our genes and considers the implications for our privacy, our health and our relationships with family members and even law enforcement.
2020-02-28	The Worldwide Web’s Worldwide Reach	12:26	https://www.podtrac.com/pts/redirect.mp3/dovetail.prxu.org/106/e1627b09-b123-4b70-8ae7-c48fb3e66aa3/02_29_CSEG_PODCAST.mp3	digital; innovation hub; internet; kara miller; payal arora; pri; segment; technology; web; wgbh; world wide web	Access to the internet is prized across the world. Payal Arora, author of The Next Billion Users: Digital Life Beyond The West, says that young people, in non-Western countries, will make up the bulk of the next billion online users. Western aid groups often make assumptions about what these new users want from technology, but they are frequently mistaken. How exactly are young people in Africa, the Middle East, Asia, and South America using technology? One example: in countries where dating is discouraged and arranged marriages are common, teenagers are using the internet to create online dating lives. Arora argues that having technology also allows young people to create new businesses that free them up from unstable agricultural work.
2020-02-28	Reinventing Schools For An Era Of Innovation	36:04	https://www.podtrac.com/pts/redirect.mp3/dovetail.prxu.org/106/53e4fe53-7016-4fa2-a154-36d295d326c8/02_29_ABSEG_PODCAST.mp3	cory steiner; education; governor burgum; grade levels; innovation hub; kara miller; north dakota; pri; school; segment; ted dintersmith; wgbh	On this week’s show, we explore efforts to remake public education in North Dakota and beyond with Governor Burgum, Cory Steiner, the superintendent of Northern Cass School District where By next school year, grade levels are expected to be a thing of the past and students will chart their own course to high school graduation, at their own pace, and Ted Dintersmith, a venture capitalist and the author of, “What School Could Be: Insights and Inspiration from Teachers Across America.” Two parents with students at Northern Cass, Kristin Behm and Angie Froehlich also share their experiences of the changes underway at the school. Special thanks to the folks at Prairie Public for their help with this story.
2020-02-21	FDR’s Overhaul: The New Deal and Its Lasting Legacy	31:43	https://www.podtrac.com/pts/redirect.mp3/dovetail.prxu.org/106/9b9c45c2-500f-4d02-a28a-c68641fe4ee2/022220_PODCAST_AB_SEG.mp3	democratic candidates; election; eric rauchway; eric rauchway; great depression; green new deal; innovation hub; kara miller; new deal; politics; pri; prx; roosevelt; segment; wgbh	In the midst of the Great Depression, Franklin Delano Roosevelt campaigned on a platform that would bring radical change to America: a package of policies he called the New Deal. The New Deal completely reinvented our infrastructure and central government, according to Eric Rauchway, a professor of history at the University of California, Davis, and author of the book Winter War: Hoover, Roosevelt, and the First Clash Over the New Deal. He says that the effects of FDR’s revolutionary plan remain with us today. And indeed, many of the 2020 Democratic candidates are proposing policies that would amount to a new New Deal. But is the country ready?
2020-02-21	Battles Over Barbie: The Question of Intellectual Property	17:30	https://www.podtrac.com/pts/redirect.mp3/dovetail.prxu.org/106/1e5db42d-bc37-4bf5-b7cd-0935d3997a4d/022220_PODCAST_C_SEG.mp3	barbie; bratz; copyright; innovation hub; intellectual property; kara miller; mattel; orly lobel; patents; pri; prx; segment; toys; toys; wgbh	When Carter Bryant invented Bratz dolls, Mattel (the makers of Barbie) took its former employee to court, claiming he had come up with his ideas on the company’s time. Bratz were the first dolls to successfully compete and - in some places - outsell Barbie. Orly Lobel, a law professor at the University of San Diego, has written about the lengthy and costly legal fight Mattel and Bryant engaged in over Bratz in her book: You Don’t Own Me: The Court Battles That Exposed Barbie’s Dark Side. That fight, Lobel explains, was emblematic of a serious issue that American workers now face: heavy restrictions on their talent and creative ideas.
2020-02-14	Political Teamsmanship	48:41	https://www.podtrac.com/pts/redirect.mp3/dovetail.prxu.org/106/a7609189-7d27-4aca-8d13-3982aa7940f3/02_15_FULL_PODCAST.mp3	Lilliana Mason; Marc Hetherington; democratic party; division; divisive issues; identity; innovation hub; kara miller; partisanship; polarization; political parties; political teamsmanship; politics; president trump; pri; prx; republican party; segment; wgbh	Politics in the United States has long been dominated by two main groups – the Republicans and the Democrats – but, in recent decades, we’ve seen increasing divisiveness and conflict. Voters have become less concerned with what government does, and more interested in politicians they believe represent who they are. Lilliana Mason, assistant professor of Government and Politics at the University of Maryland, and Marc Hetherington, professor of Political Science at the University of North Carolina, discuss what happens when politics gets personal. And they consider the consequences for our democracy.
2020-02-07	Cracking the Code on Wall Street	28:07	https://www.podtrac.com/pts/redirect.mp3/dovetail.prxu.org/106/e681bab9-1e08-4d83-97bb-78525005bd92/020820_IHUB_AB_SEG.mp3	AI; artificial intelligence; big data; donald trump; gregory zuckerman; hedge funds; innovation hub; investing; investments; jim simons; kara miller; math; pri; prx; quants; renaissance technologies; robert mercer; segment; stocks; wall street; wgbh	Have you ever wanted to be rich? Really rich? Gregory Zuckerman, a special writer at The Wall Street Journal and author of “The Man Who Solved the Market: How Jim Simons Launched the Quant Revolution,” shares the story of the mathematicians who cracked Wall Street’s code. Starting from humble beginnings in a strip mall on Long Island, NY, the hedge fund company that Simons started (where about 300 people work today) now pulls in more money in a year than companies like Hasbro and Hyatt Hotels, which have tens of thousands of employees.
2020-02-07	Can You Hear Me Now?	20:46	https://www.podtrac.com/pts/redirect.mp3/dovetail.prxu.org/106/a0f311d2-7056-45c7-87dc-2871d85b5c98/020820_IHUB_C_SEG.mp3	army; ears; health; hearing; hearing aids; hearing loss; innovation hub; kara miller; military; military life; musicians; noise; pri; prx; segment; tinnitus; wgbh	At this very moment, you’re probably being inundated with noise. Whether the sound is something you chose, like music or our podcast, or something outside of your control, like traffic outside or planes overhead, you are essentially never enjoying true silence. According to David Owen, a staff writer at The New Yorker and the author of “Volume Control: Hearing in a Deafening World,” all that noise is doing something to our brains; and it’s not very good news.
2020-01-31	Tipping the Scales: How America Started Moralizing Food	23:11	https://www.podtrac.com/pts/redirect.mp3/dovetail.prxu.org/106/21af1004-a5f0-4dc0-8e11-398460a4acd3/020120_BCSEG_PODCAST.mp3	diets; eating; food; food science; helen zoe viet; innovation hub; junk food; kara miller; milk; nutrition; parenting; picky eaters; pri; prx; rationing; segment; weight loss; wgbh	It was once a virtue to have some excess weight, kids weren’t considered picky eaters, and the term “overweight” didn’t even exist. What changed? Helen Zoe Veit, an associate professor of history at Michigan State University, and author of “Modern Food, Moral Food: Self-Control, Science, and the Rise of Modern American Eating in the Early Twentieth Century,” joined us to talk about how America began to moralize the food that we eat — or don’t eat.
2020-01-31	Funding the Cure: But For Whom?	26:04	https://www.podtrac.com/pts/redirect.mp3/dovetail.prxu.org/106/291be0f1-d3d0-4182-8a38-c8bcc09cab3a/020120_ASEG_PODCAST.mp3	cancer; diabetes; disease; drugs; health; heart disease; illness; innovation hub; kara miller; medical research; medicine; orphan drug act; peter bach; pharmaceuticals; pri; prx; segment; wgbh	In 1983, Congress passed the Orphan Drug Act which incentivized the development of treatments for rare diseases. Since passing, the legislation has helped to create hundreds of new treatments for rare diseases... but it may have also had some side effects. According to Dr. Peter Bach, a pulmonologist and intensive care physician at Memorial Sloan Kettering Cancer Center, the push towards finding cures for rare diseases has been so strong that drug companies are paying little attention to more common illnesses, including some of the leading causes of death in the United States, like heart disease, cancer, and diabetes.
2020-01-24	The Race for Nuclear Power	28:24	https://www.podtrac.com/pts/redirect.mp3/dovetail.prxu.org/106/4fc71242-9a05-4737-b01b-f4dd9325e49e/012520_AB_Podcast.mp3	albert einstein; atomic bomb; bastard brigade; innovation hub; kara miller; manhattan project; moe berg; nuclear war; sam kean; segment; spies; werner heisenberg; wgbh; world war ii; wwii	The heroism of D-Day is immortalized in history books, but far less attention is given to the individuals who worked undercover to prevent Germany from developing an atomic bomb during WWII. In his new book, The Bastard Brigade: The True Story of the Renegade Scientists and Spies Who Sabotaged the Nazi Atomic Bomb, science writer Sam Kean tells the stories of the men and women who made up the Alsos Mission, or the “Bastard Brigade.” They worked tirelessly to make sure Germany’s (impressive) scientific discoveries wouldn’t change the course of the war.
2020-01-24	The American Achievement of Advertising Apollo	20:47	https://www.podtrac.com/pts/redirect.mp3/dovetail.prxu.org/106/f08dc351-9bf3-4512-a208-cbfb7e13dfa9/012520_CSEG_Broadcast.mp3	advertising; david meerman scott; innovation hub; kara miller; marketing; moon landing; nasa; pri; science; segment; space race; walt disney; wgbh	After Russia sent a man into space, the United States didn’t want to be left behind. But getting a man on the moon wasn’t as easy as just saying we would. David Meerman Scott, a marketing strategist and co-author of the book Marketing the Moon: The Selling of the Apollo Lunar Program talks about just what it took — from PR strategies to partnering with Walt Disney — to get enough support for the mission. Without the marketing and media attention, Scott thinks, we couldn’t have landed on the moon.
2020-01-17	The Myth of the Gendered Brain	22:13	https://www.podtrac.com/pts/redirect.mp3/dovetail.prxu.org/106/78c8921c-d8d8-41cb-a7cd-7e09730b2202/011820_A_SEG_PODCAST.mp3	brains; femininity; gender; gina rippon; innovation hub; kara miller; masculinity; pri; psychology; science; segment; sex; wgbh	It’s no secret that men and women are different — it’s the punchline of a hundred jokes. But does our sex really show in our brains, or is there something else at play? Gina Rippon, a neuroscientist at Aston University in the U.K. and author of “Gender and Our Brains,” argues that sex doesn’t play nearly as big a role in influencing our brains as we might think. Rather, she says, social cues likely start to influence children at very, very young ages - and it is those cues that account for many of the differences we see.
2020-01-17	Leland Stanford: an American Disruptor	26:55	https://www.podtrac.com/pts/redirect.mp3/dovetail.prxu.org/106/b331e6f2-60b2-426d-8d43-40b913843476/011820_BC_SEG_PODCAST.mp3	california; gold rush; innovation hub; kara miller; leland stanford; railroads; roland de wolk; segment; silicon valley; stanford; wgbh	When you hear the name “Stanford,” chances are a certain university in Palo Alto, CA will come to mind. But you may be less familiar with the story of Leland Stanford, the university’s founder. As a railway entrepreneur and key player in West Coast politics, Stanford lived a controversial life that changed the history of California, strengthened a divided nation, and planted the seeds for the rise of Silicon Valley.
2020-01-10	The Story Behind Wikipedia	23:23	https://www.podtrac.com/pts/redirect.mp3/dovetail.prxu.org/106/1b27dc59-9f4b-4bbe-85a4-506b58bff566/IHUB_011120_C_SEG_PODCAST.mp3	andrew lih; encyclopedias; innovation hub; internet; kara miller; pri; segment; wgbh; wikimedia; wikipedia	“Don’t believe everything you read on the internet.” The urgency behind this sentiment is stronger than ever at a time when misinformation is everywhere. So how has Wikipedia, famous for allowing anyone to edit, become a paragon for truth? Andrew Lih, author of “The Wikipedia Revolution: How a Bunch of Nobodies Created the World’s Greatest Encyclopedia” and the Wikimedia Strategist for the Metropolitan Museum of Art in New York, breaks down where Wikipedia came from, how it works, and where it could be headed.
2020-01-10	The Death of the Corporate Welfare State	26:01	https://www.podtrac.com/pts/redirect.mp3/dovetail.prxu.org/106/7928d719-cb08-4134-9d80-a3e0c0ef2526/IHUB_011120_AB_SEG_PODCAST.mp3	corporate welfare state; economics; industry man; innovation hub; kara miller; nicholas lemann; pri; segment; transactions; wall street; wgbh	In 1956, a book was published. It was called The Organization Man, and it was hugely influential. It described a world that was something like a “corporate welfare state.” A world in which, if you were able to land a job at a big industrial company like Ford or GE, you essentially had a stable job for life, with a decent salary, benefits, vacation days, and health care. If you’re under 40, this may seem like science-fiction, but it described the economy as the author saw it. So what drove the change? Nicholas Lemman, dean emeritus at Columbia Journalism School and author of the book Transaction Man: The Rise of the Deal and the Decline of the American Dream, says that workers’ lives shifted because of a new approach to economics.
2020-01-03	When It Comes to Learning Language, Age Isn’t Just A Number 	12:13	https://www.podtrac.com/pts/redirect.mp3/dovetail.prxu.org/106/a414bd2d-cbcf-4437-81a1-9fa464e28b82/010420_B_SEG_PODCAST.mp3	education; innovation hub; joshua hartshorne; kara miller; language; learning; linguistics; segment; wgbh	Learning a second language is tough. You have to consider grammar, pronunciation, and, sometimes, words that don’t even exist in your native language. And the conventional wisdom had been: if you want a child to learn a second language, start them as young as possible. But a new study has found that there’s a little more leeway than we originally thought. We talk with Boston College assistant psychology professor Joshua Hartshorne about his and his colleagues’ research and what it means for aspiring hyperpolyglots.
2020-01-03	Do Extracurricular Math Programs Add Up?	19:41	https://www.podtrac.com/pts/redirect.mp3/dovetail.prxu.org/106/9bf95e7c-ff5f-49b6-b0e4-e1c62b5a0e82/010420_C_SEG_PODCAST.mp3	education; innovation hub; jon star; kara miller; learning; masha gershman; math; pri; russion; segment; wgbh	The U.S. does not fare well in math when compared with other industrialized nations, as demonstrated by international tests like the PISA. So, for parents who want to help their students get ahead in math and can afford it, after-school programs that focus deeply on the subject have become attractive. There are plenty of extracurricular math programs around, but one run by the Russian School of Mathematics (RSM) for students from kindergarten through 12th grade, is particularly popular, serving over 30,000 students around the country. (Innovation Hub senior producer, Elizabeth Ross, visited the program’s headquarters in Newton, Massachusetts and found a lot of enthusiastic students and parents, as you’ll hear in our report.) Masha Gershman, the director of outreach at the Russian School of Mathematics and the daughter of one of its co-founders, says that the former Soviet Union’s method of math instruction has a lot to teach American kids, particularly when it comes to higher-level and conceptual learning. But Jon Star, a professor at the Harvard Graduate School of Education, argues that many American parents - especially those in affluent suburbs where such extracurricular programs are popular - should ask themselves why they’re enrolling their kids in after-school math. It probably shouldn’t just be to get ahead in school - or to keep up with the neighbors. It should have to do with an intrinsic love of the subject.
2020-01-03	Becoming An Effective Learner	17:01	https://www.podtrac.com/pts/redirect.mp3/dovetail.prxu.org/106/c0f08a6c-222a-4f9a-b5f9-10fc2516e73c/010420_A_SEG_PODCAST.mp3	education; innovation hub; kara miller; learn better; learning; memorization; pri; segment; testing; ulrich boser; wgbh	You’ve probably experienced this: it’s high school, the night before an exam, and you’ve got a 500-page textbook in your left hand and highlighters in your right hand. You have highlighted all the important information in the book, and there isn’t a whole lot of white space left. Unfortunately, you’re not sure that you’ve absorbed any of the material in a meaningful way. Turns out, there is little evidence that highlighting and underlining material in books is a good strategy for successful learning, according to Ulrich Boser, a senior fellow at the Center for American Progress, and the author of the book “Learn Better.” Boser talks to us about the science of learning, and how we can absorb information more effectively.
2019-12-27	Inventing A United States Of Europe	52:02	https://www.podtrac.com/pts/redirect.mp3/dovetail.prxu.org/106/dbe52043-0502-44c9-b62b-0d95852194e0/12_28_19_CSEG_Podcast_REV.mp3	brexit; currency; england; euro; europe; european union; gilligan tett; great britain; innovation hub; international economics; kara miller; mark blyth; pri; prx; segment; united kingdom; wgbh	The European Union is now a vast political and economic union of 28 member countries and, with more than 500 million people, its combined population is the third largest in the world after China and India. But the European Union did not begin as a large political project – rather as a series of small steps in an American effort to promote postwar security, according to Mark Blyth, professor of international economics at Brown University. As politicians in Britain struggle with the details of their country’s divorce from the European Union, Gillian Tett, U.S. managing editor of the Financial Times, and Blyth discuss the forces uniting Europe and the many issues threatening to tear it apart.
2019-12-27	From Giving In To Giving Up: A Neuroscientist’s Journey from Addiction to Recovery	27:14	https://www.podtrac.com/pts/redirect.mp3/dovetail.prxu.org/106/59218192-cd95-4656-8e0e-3856b550f489/12_28_19_AB_Podcast.mp3	addiction; brains; drugs; health; judith grisel; kara miller; neuroscience; pri; prx; recovery; science; segment; substance abuse; wgbh	From the moment that Judith Grisel started drinking alcohol at age 13, she was hooked. For the next ten years, Grisel suffered from addiction, as she used drugs from marijuana to opiates to psychedelics. As a recovering addict and neuroscientist, Grisel learned that she was especially vulnerable because she was genetically predisposed to addiction. (She is one of many who are susceptible to the disease.) Grisel, a professor of psychology at Bucknell University and the author of “Never Enough: The Neuroscience and Experience of Addiction,” explains the effect of illicit drugs on the brain and what makes them so addictive.
2019-12-20	Why Aren’t We Happier?	21:38	https://www.podtrac.com/pts/redirect.mp3/dovetail.prxu.org/106/8a763f9e-463c-437d-9f96-adde02fa5126/12_21_19_PODCAST_CSEG.mp3	anxiety; depression; happiness; innovation hub; kara miller; mental health; pri; prx; randolph nesse; segment; wgbh	Experiences of mental illness are common in the United States and behind each individual case is a history. In his book, Good Reasons for Bad Feelings: Insights from the Frontier of Evolutionary Psychiatry, Randolph Nesse, the director of the Center for Evolution and Medicine at Arizona State University, looks at emotional and mental disorders from an evolutionary perspective, and considers why natural selection left us with fragile minds.
2019-12-20	Loons that Shoot for the Moon	27:38	https://www.podtrac.com/pts/redirect.mp3/dovetail.prxu.org/106/50029031-dfc8-404f-a878-6cc82bf3c549/12_21_19_PODCAST_ABSEG.mp3	big ideas; game changers; ideas; innovation; innovation hub; kara miller; openmindedness; pri; prx; radar; safi bahcall; segment; telephone; wgbh; wwii	Loonshot (n): a neglected project, widely dismissed, its champion written off as unhinged We all know of moonshots, a grand idea we can get behind. But we sat down with Safi Bahcall, a physicist and former biotech entrepreneur, to understand a counter term he came up with: loonshots. Bahcall claims many ideas and innovations, when they are first proposed, are seen as mere fantasies from the minds of slightly (or very) crazy people. From the telephone to the computer, several game-changing ideas were turned down — in fact, microwave radar, which detected German U-boats at sea and helped us gain the upper hand during WWII, also, initially, fell under the radar. Who knows how many countless, similar innovative ideas have been dismissed? In his new book, “Loonshots - How to Nurture the Crazy Ideas That Win Wars, Cure Diseases, and Transform Industries”, Bahcall wants to change the structure of how we accept and cultivate these possibly, life-changing ideas.
2019-12-13	The Power of Conservative Talk Radio	49:05	https://www.podtrac.com/pts/redirect.mp3/dovetail.prxu.org/106/630583cb-1bfb-462c-9c14-d967c4544483/20191214_ABC_PODCAST.mp3	1994 election; brian rosenwald; conservative politics; fairness doctrine; g gordon liddy; innovation hub; kara miller; laura ingraham; president donald trump; pri; republican party; rush limbaugh; segment; talk radio; wgbh	When Rush Limbaugh’s conservative talk show hit Sacramento in the 1980s, no one could have guessed the power that he - and other right-leaning radio hosts - would eventually wield. Limbaugh’s show was part of an attempt to reinvigorate AM radio, which had been rapidly losing audience to FM, and he quickly gained a die-hard audience. Over the ensuing decades, as conservative talk radio grew in power and popularity, it dramatically reshaped the Republican party. And it may well have played a key role in President Trump’s ascent to the White House. Brian Rosenwald is a scholar-in-residence at the University of Pennsylvania and author of the book, “Talk Radio’s America: How an Industry Took Over a Political Party That Took Over the United States.” He joined us to tell the story of how conservative talk saved AM radio, influenced American politics, and changed our political reality.
2019-12-06	Why Fast Fashion Might Need To Slow Down	18:46	https://www.podtrac.com/pts/redirect.mp3/dovetail.prxu.org/106/67cab5b0-ac7a-4fc5-8e90-1c0524ab3c12/12_07_C_PODCAST.mp3	blue jeans; clothing; consumerism; dana thomas; denim; fashion; fast fashion; h&m; innovation hub; kara miller; levis; pri; segment; sweatshops; textiles; topshop; uniqlo; wgbh; zara	Americans buy, on average, almost 70 items of clothing a year. And many of those garments are worn just seven to ten times before being thrown away. This breakneck consumption of clothes is only possible because of fast fashion, a system in which clothing is made quickly, sold cheaply, and seen as pretty disposable. Dana Thomas, author of “Fashionopolis: The Price of Fast Fashion and the Future of Clothes,” walks us through the origins and effects of fast fashion.
2019-12-06	The Rise of the Comedian	30:35	https://www.podtrac.com/pts/redirect.mp3/dovetail.prxu.org/106/452ec751-40ce-4cff-86a8-de727e737418/12_07_AB_PODCAST.mp3	comedian; comedy; dave chappelle; ed sullivan; george carlin; hannah gadsby; humor; innovation hub; joan rivers; johnny carson; kara miller; lenny bruce; mark twain; netflix; podcasting; pri; richard pryor; segment; stand-up comedy; stephen colbert; vaudeville; wayne federman; wgbh	Humans have always enjoyed a good laugh, but the concept of stand-up comedy is relatively new. Wayne Federman, a comedian who teaches at the University of Southern California, and hosts the podcast The History of Stand Up, talks about the origin of the modern comedian. From the earliest vaudeville circuits, to the rise of the comedy record, to the role of late-night television in break-out comedy moments, we pay tribute to the power of the comedian.
2019-11-29	The Secret Agency that Created Agent Orange, Self-Driving Cars, and the Internet	28:33	https://www.podtrac.com/pts/redirect.mp3/dovetail.prxu.org/106/56ccec3e-8232-4c5b-9c10-4f09f8496f1d/1130_AB_SEG_PODCAST.mp3	Sharon Weinberger; agent orange; cold war; darpa; future; innovation hub; internet; kara miller; military; pentagon; pri; segment; self-driving cars; vietnam war; wgbh	DARPA, the Defense Advanced Research Projects Agency, has been developing new military technologies for the United States since shortly after the launch of Sputnik in 1957. But Sharon Weinberger, the Washington Bureau Chief for Yahoo News and the author of The Imagineers of War: The Untold Story of DARPA, the Pentagon Agency that Changed the World, says there’s more to the Agency than new weapons and military strategies. DARPA, Weinberger explains, not only incubated the internet, but it has also worked on self-driving cars and extra-sensory perception, and explored the potential for developing super soldiers.
2019-11-29	Honey, Income Inequality Led Me to Overwork the Kids	20:56	https://www.podtrac.com/pts/redirect.mp3/dovetail.prxu.org/106/a3f4ba58-a6d3-408d-9af0-dd580fa5aef4/1130_C_SEG_PODCAST.mp3	childhood; culture; economics; income inequality; innovation hub; kara miller; matthias doepke; northwestern university; parenting; pri; segment; wgbh	How would you describe your childhood? Did your parents have a laissez faire attitude, letting you run wild and free, or did they have more rigid rules, which dictated your life choices? Perhaps you’re now a parent yourself — which parenting approach have you chosen? Matthias Doepke, a professor of economics at Northwestern University, argues that we often assume that parenting is all about culture, and that the reason that those from different countries or backgrounds parent differently is specifically because of those backgrounds (varied religious, political, and geographical traditions). But, Doepke argues, economics is a far more significant driver of parenting. He’s the co-author of “Love, Money and Parenting - How Economics Explains the Way We Raise Our Kids,” and he tells us how income inequality largely shapes how we raise our children.
2019-11-22	The Guitar Makers That Made Modern Music	27:33	https://www.podtrac.com/pts/redirect.mp3/dovetail.prxu.org/106/e02437ee-367d-4574-99e5-8df3b392af30/112319_AB_PODCAST.mp3	beach boys; beatles; buddy holly; electric guitar; fender stratocaster; guitars; ian s port; innovation hub; instruments; kara miller; leo fender; les paul; music; musicians; prx; rock music; segment; wgbh	In 1957, Buddy Holly appeared on “The Ed Sullivan Show” on CBS, strumming his tunes on a Fender Stratocaster, which was casually slung across his body. The instrument had - and would - fundamentally change American culture and music. And, to a lot of people, it was a shock. But behind the technological innovations inherent in the solid-body electric guitar is a story of two friends and rivals, people whose legacies have been inscribed on the guitars they created. Leo Fender and Les Paul, though, had little idea of the new genre of music this invention would instigate: rock ‘n’ roll.
2019-11-22	From Famous To Forgotten	21:29	https://www.podtrac.com/pts/redirect.mp3/dovetail.prxu.org/106/f97d0f4a-80b1-4278-bdc5-84e7983564a3/112319_CSEG_PODCAST.mp3	cesar hidalgo; culture; forgetfulness; generations; innovation hub; kara miller; memory; movies; music; pri; quotes; segment; vox; wgbh	If you have that gnawing feeling that you’re forgetting something, chances are you’re right. And it may not be your keys, but something a little bigger. César Hidalgo, director of MIT’s Collective Learning Group, explains how society experiences generational forgetting. Hidalgo says: even if you have a pristine memory, time greatly impacts the names, books, movies, and historical events that are common knowledge at any given moment. Researching how culture gets passed down (or doesn’t) from generation to generation can tell us more about why some famous people stay relevant, while others seem to fade away.
2019-11-15	What’s Missing From Childhood Today?	21:57	https://www.podtrac.com/pts/redirect.mp3/dovetail.prxu.org/106/82082c78-20db-4b32-82df-609ab5b4e0e3/11162019_CPODCAST.mp3	anthropology; childhood; children; innovation hub; kara miller; kids; learning; play; playtime; prx; segment; wgbh	Childhood today is radically different than it was just a few generations ago. These days, kids’ busy schedules include school, homework, chores, sports, music lessons and other activities. But those packed schedules leave out one key element that turns out to be crucial to growth and learning — play. That’s according to Dorsa Amir, a postdoctoral researcher and evolutionary anthropologist at Boston College. Amir has studied the Shuar people of Ecuador, a non-industrialized society, and observed startling differences in how Shuar children and American children spend their time. She tells us how childhood has changed drastically, and how that affects kids today.
2019-11-15	 Our Compulsion to Be Good	26:29	https://www.podtrac.com/pts/redirect.mp3/dovetail.prxu.org/106/1dbe82e5-f12c-424e-be5d-7efb88d7a018/ABSEG_PODCAST.mp3	community; evolution; goodness; humanity; innovation hub; kara miller; nicholas christakis; pri; segment; society; wgbh	There is a famous quote from French existentialist philosopher Jean-Paul Sartre: “Hell is other people.” While some may agree with that sentiment and crave solitude, there’s a lot of evidence that people are drawn to each other. We form friendships, sports teams, knitting circles and complex societies, unlike any other species on Earth. Nicholas Christakis, a doctor, sociologist, and author of “Blueprint: The Evolutionary Origins of a Good Society,” has spent years trying to understand why people often feel compelled to connect to - and help - each other. The answer he arrived at was that, although humans are capable of a lot of bad things, it turns out being good has long been coded into our biology
2019-11-08	The Great Unraveling of American Health Care	49:15	https://www.podtrac.com/pts/redirect.mp3/dovetail.prxu.org/106/2aa08f01-8e28-4427-97c7-871d860be05e/110919_FULL_PODCAST.mp3	Christy Ford Chapin; Jonathan Cohn; affordable care act; healthcare; healthcare reform; history; innovation hub; kara miller; medical; medicare; pri; segment; wgbh	We spend more on medical care than any other developed country in the world - almost twice the average - but the U.S. lags behind many other wealthy nations on outcomes such as infant mortality and life expectancy. How did we get here? Christy Ford Chapin, a historian at the University of Maryland Baltimore County and author of “Ensuring America's Health: The Public Creation of the Corporate Health Care System,” explains how what she calls “the insurance company model” was invented. And although reducing health care costs is a priority for voters, Jonathan Cohn, a senior national correspondent at HuffPost and author of the book “Sick: The Untold Story of America's Health Care Crisis - and the People Who Pay the Price,” says forces that have hindered reform efforts in the past will almost certainly present pitfalls again in the future.
2019-11-01	Using Less and Getting More	20:44	https://www.podtrac.com/pts/redirect.mp3/dovetail.prxu.org/106/e8cde405-4b28-46ab-9213-d8d5ed0f1ba2/CSEG_110219_PODCAST.mp3	andrew mcafee; environment; environmentalism; innovation hub; kara miller; pollution; pri; raw materials; resources; science; segment; wgbh	It often feels like trash is piling up all around us, and that our consumption habits have put us on the road to environmental disaster. Just take a look at recycling bins stacked high with Amazon boxes and takeout containers. But research shows that we’re actually using fewer resources than we were 25 years ago, a process called “dematerialization.” That’s according to Andrew McAfee, the Co-Director of the Initiative on the Digital Economy at the MIT Sloan School of Management and the author of “More From Less: The Surprising Story of How We Finally Learned to Prosper Using Fewer Resources - and What Happens Next.” He explains why we’re using less, and whether we can expect that trend to extend into the future.
2019-11-01	Understanding Why Neighborhoods Matter	28:25	https://www.podtrac.com/pts/redirect.mp3/dovetail.prxu.org/106/df865639-9cb4-4f90-859f-9315b7f2fca0/ABSEG_110219_PODCAST.mp3	chicago; housing; innovation hub; kara miller; lawrence katz; moving to opportunity; nieghborhoods; pri; public housing; segment; wgbh	Breaking persistent cycles of poverty may seem an impossible task, but the findings of a landmark government social experiment tell a different story. Back in the mid-1990s, a program called “Moving to Opportunity” gave some families, living in troubled public housing projects in five large cities, vouchers and additional assistance to move away to low-poverty neighborhoods. Lawrence Katz, a professor of economics at Harvard University and the principal investigator of the long-term evaluation of the initiative, explains why the initial results were surprising. He also discusses encouraging new research from an experiment in the Seattle area that helps low-income families move to neighborhoods with better opportunities and outcomes for children.
2019-10-25	Lessons From The World’s Quirkiest Innovators	25:45	https://www.podtrac.com/pts/redirect.mp3/dovetail.prxu.org/106/6104a8f9-169e-4288-80ff-c1c18feac5d0/102619_BCSEG_PODCAST_IHUB.mp3	albert einstein; dean kamen; elon musk; innovation hub; innovators; inventors; kara miller; marie curie; melissa schilling; pri; quirky; segment; steve jobs; thomas edison; wgbh	Obsessed with work, insensitive, socially detached, and neglectful of family and friends. Those may not be the most endearing qualities, but they are just a few of the common characteristics that longtime innovation researcher, Melissa Schilling found when studying some of the world’s most famous and prolific inventors in the fields of science and technology. Schilling, a professor of management and organizations at New York University’s Stern School of Business, explores the ingenuity of eight outstanding innovators, including Albert Einstein, Marie Curie, Steve Jobs, Elon Musk and more. She’s the author of, “Quirky: The Remarkable Story of the Traits, Foibles, and Genius of Breakthrough Innovators Who Changed the World.”
2019-10-25	Cleanliness, Health...and Microbes	22:46	https://www.podtrac.com/pts/redirect.mp3/dovetail.prxu.org/106/bd7ea7ad-2114-45d3-b68d-c22eacc4ec8b/102619_ASEG_PODCAST_IHUB.mp3	cleanliness; germs; health; innovation hub; insects; kara miller; microbes; pri; rob dunn; science; segment; wgbh	Are you a self-proclaimed germaphobe like President Trump? Well, if you think your home is sparkling clean, try walking around with a microscope. According to Rob Dunn, a professor of Applied Ecology at both North Carolina State University and the Natural History Museum of Denmark, we are surrounded by thousands of tiny species, living on every imaginable surface. And while some bacteria can be harmful, most just humbly co-exist with us... and some are more helpful than we know. In his book, “Never Home Alone: From Microbes to Milipedes, Camel Crickets, and Honeybees, the Natural History of Where We Live,” Dunn takes a safari through our homes, introducing us to these invisible creatures and explaining how, despite our fervent efforts to sanitize the world, we may be negatively affecting our own health.
2019-10-18	What's Our Tech Doing to Our Brains?	20:24	https://www.podtrac.com/pts/redirect.mp3/dovetail.prxu.org/106/792ee924-6272-4914-b894-72f83023b05b/IHUB_CSEG_PODCAST_101919.mp3	Doreen Dodgen-Magee; attention span; boredom; digital world; focus; innovation hub; kara miller; pri; psychology; segment; technology; wgbh	Many adults and teens are spending longer and longer hours engaged with digital media, and researchers are only beginning to grasp the impact on mental health and well-being. Doreen Dodgen-Magee, a psychologist and the author of “Deviced! Balancing Life and Technology in a Digital World,” discusses how screens are profoundly altering who we are and how we behave. She points to concerns about increased feelings of loneliness, anxiety, and a reduced ability to tolerate boredom and to concentrate, but Dodgen-Magee says there are methods to help us all use technology in healthier ways.
2019-10-18	Feeling Lonely? You’ve Got Company	27:53	https://www.podtrac.com/pts/redirect.mp3/dovetail.prxu.org/106/b6d17ab1-10f0-4998-86bd-cb49e2261d66/IHUB_ABSEG_PODCAST_101919.mp3	anger; boredom; history; innovation hub; intelligence; kara miller; loneliness; luke fernandez; pri; segment; social media; susan matt; technology; wgbh	We’ve all got friends — hundreds of them, if you believe what Facebook’s telling you — but many of us are still worried about being lonely. So worried that it might be surprising to learn that hundreds of years ago, being alone was considered a virtue. But according to Susan Matt and Luke Fernandez, both professors at Weber State University, how we view emotions is changing all the time. Matt and Fernandez, authors of “Bored, Lonely, Angry, Stupid: Changing Feelings about Technology, from the Telegraph to Twitter” explain how technology influences the way we see loneliness, boredom, and a whole host of other emotions.
2019-10-11	What’s So Bad About A Little Ego?	26:32	https://www.podtrac.com/pts/redirect.mp3/dovetail.prxu.org/106/c9e0c3b9-9877-4a20-8ccd-25f5737b9fc7/IHUB_ABSEG_PODCAST_101219.mp3	donald trump; ego; innovation hub; kanye west; kara miller; pri; ryan holiday; segment; success; wgbh	Whether they’re athletes like LeBron James, entrepreneurs like Steve Jobs, or entertainers like Kanye West, the richest and most famous among us are often known for having the largest egos. Why shouldn’t we follow their example? Ryan Holiday, author of “Ego is the Enemy,” tells us how ego can be a huge disadvantage - and even end careers. He also explains why he thinks our ego problem is getting worse, and what he believes we can do about it.
2019-10-11	Approaching the Future: How We Think About Tomorrow	22:11	https://www.podtrac.com/pts/redirect.mp3/dovetail.prxu.org/106/f06c2bf4-6426-4867-8f07-ad5ad9f36080/IHUB_CSEG_REV_PODCAST_101219.mp3	bina venkataraman; future; innovation hub; insurance; kara miller; marshmallow test; planning; pri; segment; thinking ahead; wgbh	When psychologist Walter Mischel published the findings of his famous marshmallow study, showing the impact of delayed gratification on a child’s future success, it changed how people raised their kids. But in the nearly 50 years since the study was published, questions have been asked about our ability to truly look ahead. Is teaching a child delayed gratification really all there is to making sure they succeed? How well can we predict the future? Bina Venkataraman, author of “The Optimist's Telescope: Thinking Ahead in a Reckless Age” looks at the strategies we use, and how good we genuinely are at predicting the future. And although studies like Mischel’s may make us think we have it all figured out, Venkataraman says in reality we’re not as good as we think.
2019-10-04	Say Goodbye To Language As You Know It	22:00	https://www.podtrac.com/pts/redirect.mp3/dovetail.prxu.org/106/b95a69f9-e82f-439c-b442-a8b28ff2ea2a/REV_10_05_PODCAST_CSEG.mp3	dictionary; english; etymology; innovation hub; kara miller; katherine connor martin; languange; linguistics; pri; segment; slang; wgbh; words	It seems like every time a dictionary publishes a new update, people flock to social media to talk about it. Whether they’re responding to the addition of the word “fam” or the dad joke, They always return to the question of what consequences these additions will have. Do they really spell disaster for the English language? Turns out, the “updation” (new to the Oxford English Dictionary as of last year) of language isn’t necessarily a bad thing. And it’s been going on for as long as language has existed. Katherine Connor Martin, head of U.S. dictionaries at Oxford University Press, explains why the creation of new words is actually natural, and tells us how the ways we communicate have been speeding up the evolution of language.
2019-10-04	Is Race Science Making a Comeback?	27:28	https://www.podtrac.com/pts/redirect.mp3/dovetail.prxu.org/106/d5d71303-37f6-45cb-9592-b122ea26fe34/REV_10_05_PODCAST_ABSEG.mp3	ethnicity; humanity; innovation hub; kara miller; nationalism; pri; race; racism; science; segment; wgbh	With the European intellectual movement, there was a heightened interest to interpret the world around us. Scientists of the 18th century sought a way to categorize and objectively understand the multitude of species inhabiting earth. Unfortunately, humans were not spared in this scientific venture and the idea of superior and inferior human races were born, which went on to influence our social understanding of one another. Angela Saini, a science journalist and the author of “Superior: The Return of Race Science”, looks at how racial prejudice in the past was justified through science, and why she fears this ‘rationality’ is making a comeback with the current, global nationalist rhetoric.
2019-09-27	What IS Evil, Really?	17:33	https://www.podtrac.com/pts/redirect.mp3/dovetail.prxu.org/106/67b56b8b-eab5-4512-9bd9-a749ce2547cc/IHUB_CSEG_WEB_092819.mp3	crime; cruelty; evil; innovation hub; julia shaw; justice system; kara miller; pri; segment; wgbh	If you’ve ever had an evil thought - or even a murder fantasy - you’re not alone. Julia Shaw , the author of “Evil: The Science Behind Humanity’s Dark Side” explains that most people have devilish notions sometimes. Shaw, a psychologist and research associate at University College London , says we all have the capacity for cruel deeds. She suggests that acknowledging our darker desires may in fact help us deconstruct and better understand the whole concept of evil. This understanding, Shaw believes, can make us think more broadly about criminality, and lead to a rethinking of our justice system.
2019-09-27	Fools for Fossil Fuels: A History of Climate Change Inaction	31:50	https://www.podtrac.com/pts/redirect.mp3/dovetail.prxu.org/106/8fc1ff0d-477d-4fca-add7-0adde2005fbd/IHUB_AB_WEB_092819.mp3	climate change; fossil fuel; george h w bush; global warming; greenhouse emissions; innovation hub; kara miller; nathaniel rich; oil industry; ozone; pri; ronald reagan; science; segment; wgbh	Just about 40 years ago, a secret group of elite scientists, known as the Jasons, sounded the death knell for climate change. They had consulted a computer model that predicted the destabilizing effects of a warming earth - from droughts, to rising sea levels, to geopolitical conflicts. Their warnings reached the ears of politicians, and, ultimately, during his 1988 presidential campaign, George H. W. Bush pledged to solve the problem. But then the story shifted, and climate change was not addressed. Nathaniel Rich, a writer at large for the New York Times and author of Losing Earth: A Recent History, walks us through what happened, and explains how a non-partisan issue became deeply split along party lines.
2019-09-20	The Real Cost of Expensive Housing	18:28	https://www.podtrac.com/pts/redirect.mp3/dovetail.prxu.org/106/0ec05d8b-0ba2-4b55-8eeb-ca84c882086a/IHUB_CSEG_WEB_092119.mp3	housing; human migration; innovation hub; jobs; kara miller; moving; pri; rent; segment; tamim bayoumi; wgbh	Picking up and moving to new opportunities has always been a part of the American dream. But, says Tamim Bayoumi, a deputy director at the International Monetary Fund and a co-author of the paper, “Stuck! How Rising Inequality Suppressed US Migration and Hurt Those Left Behind,” that narrative has shifted in modern America. As well-paying jobs are increasingly concentrated in cities with high living costs, some Americans find themselves unable to pursue the careers that could most help them and their families.
2019-09-20	How is Meritocracy Damaging Our Economy?	30:45	https://www.podtrac.com/pts/redirect.mp3/dovetail.prxu.org/106/87275db7-eeaf-4fa5-ae88-c25aa3c6a020/IHUB_AB_WEB_092119.mp3	american dream; daniel markovits; income inequality; innovation hub; kara miller; meritocracy; pri; segment; wgbh	Those in the highest paying jobs are working longer hours than ever before. Meanwhile, the middle class is falling behind, as employers demand more qualifications from employees. America is supposed to be a meritocracy, but perhaps meritocracies - which aim for fairness - aren’t all they’re cracked up to be.
2019-09-13	The Worldwide Web’s Worldwide Reach	12:16	https://www.podtrac.com/pts/redirect.mp3/dovetail.prxu.org/106/4028ebf6-d90b-459a-83a7-58f5dfde8e63/IHUB_CSEG_WEB_091419_UPDATED.mp3	digital; innovation hub; internet; kara miller; online dating; payal arora; segment; technology; wgbh; worldwide web	Access to the internet is prized across the world. Payal Arora, author of The Next Billion Users: Digital Life Beyond The West, says that young people, in non-Western countries, will make up the bulk of the next billion online users. Western aid groups often make assumptions about what these new users want from technology, but they are frequently mistaken. How exactly are young people in Africa, the Middle East, Asia, and South America using technology? One example: in countries where dating is discouraged and arranged marriages are common, teenagers are using the internet to create online dating lives. Arora argues that having technology also allows young people to create new businesses that free them up from unstable agricultural work.
2019-09-13	Reinventing Schools For An Era Of Innovation	36:39	https://www.podtrac.com/pts/redirect.mp3/dovetail.prxu.org/106/1a9c299e-ebad-4c55-962d-cfd796db9017/IHUB_AB_WEB_091419_UPDATE.mp3	education; grade levels; innovation hub; kara miller; pri; school; segment; wgbh	On this week’s show, we explore efforts to remake public education in North Dakota and beyond with Governor Burgum, Cory Steiner, the superintendent of Northern Cass School District where By next school year, grade levels are expected to be a thing of the past and students will chart their own course to high school graduation, at their own pace, and Ted Dintersmith, a venture capitalist and the author of, “What School Could Be: Insights and Inspiration from Teachers Across America.” Two parents with students at Northern Cass, Kristin Behm and Angie Froehlich also share their experiences of the changes underway at the school. Special thanks to the folks at Prairie Public for their help with this story.
2019-09-06	FDR’s Overhaul: The New Deal and Its Lasting Legacy	31:54	https://www.podtrac.com/pts/redirect.mp3/dovetail.prxu.org/106/f0b06e90-4bc4-474b-aaf5-aca7d1df8fa7/IHUB_AB_WEB_090719.mp3	eric rauchway; great depression; green new deal; innovation hub; kara miller; new deal; politics; pri; segment; wgbh	In the midst of the Great Depression, Franklin Delano Roosevelt campaigned on a platform that would bring radical change to America: a package of policies he called the New Deal. The New Deal completely reinvented our infrastructure and central government, according to Eric Rauchway, a professor of history at the University of California, Davis, and author of the book Winter War: Hoover, Roosevelt, and the First Clash Over the New Deal. He says that the effects of FDR’s revolutionary plan remain with us today. And indeed, many of the 2020 Democratic candidates are proposing policies that would amount to a new New Deal. But is the country ready?
2019-09-06	Battles Over Barbie: The Question of Intellectual Property	17:22	https://www.podtrac.com/pts/redirect.mp3/dovetail.prxu.org/106/6133622c-d87d-4340-ac45-8e217462e6d2/IHUB_CSEG_WEB_090719.mp3	barbie; copyright; innovation hub; intellectual property; kara miller; law; mattel; orly lobel; pri; segment; toys; wgbh	When Carter Bryant invented Bratz dolls, Mattel (the makers of Barbie) took its former employee to court, claiming he had come up with his ideas on the company’s time. Bratz were the first dolls to successfully compete and - in some places - outsell Barbie. Orly Lobel, a law professor at the University of San Diego, has written about the lengthy and costly legal fight Mattel and Bryant engaged in over Bratz in her book: You Don’t Own Me: The Court Battles That Exposed Barbie’s Dark Side. That fight, Lobel explains, was emblematic of a serious issue that American workers now face: heavy restrictions on their talent and creative ideas.
2019-08-30	Television Created the Scientist Star	21:29	https://www.podtrac.com/pts/redirect.mp3/dovetail.prxu.org/106/fd39048e-e09f-44ef-90e6-78a44a947f0b/IHUB_CSEG_WEB_083119.mp3	bill nye; carl sagan; children; education; innovation hub; kara miller; mr wizard; pri; science; segment; television; wgbh	We all know the legacy that Sputnik had on U.S. science education. Washington poured more than a billion dollars into overhauling the U.S. science curriculum. But television was transformed too. According to Ingrid Ockert, a Haas Fellow at the Science History Institute and a NASA History Fellow, the television show “Continental Classroom” was launched as a direct response to the Sputnik challenge. Five days a week, “Continental Classroom” was broadcast into American homes to encourage and inspire budding scientific minds. From “Watch Mr. Wizard” to “Mythbusters,” lots of Americans have grown up watching various science television programs. Ockert walks us through how science has changed television, and how television has influenced science.
2019-08-30	Humans: We May Not Be As Special As We Think	27:45	https://www.podtrac.com/pts/redirect.mp3/dovetail.prxu.org/106/3ed7fee0-d39c-4e6a-9926-cd682b3db399/IHUB_AB_WEB_083119.mp3	adam rutherford; animals; biology; evolution; humanity; humans; innovation hub; kara miller; pri; segment; wgbh	It’s easy to see ourselves as separate from the animal kingdom, but Adam Rutherford, author of “Humanimal: How Homo sapiens Became Nature’s Most Paradoxical Creature - A New Evolutionary History,” believes that we aren’t as different as we might think. Fashion design, interacting with fire, and making multi-step plans all seem like qualities that are unique to humans. But according to Rutherford, species across the animal kingdom - from crabs to birds of prey - exhibit many of these complex behaviors too.
2019-08-23	What’s Worth Worrying About?	15:10	https://www.podtrac.com/pts/redirect.mp3/dovetail.prxu.org/106/8524554b-5f4e-4181-a9ed-7021beec9b84/IHUB_CSEG_WEB_082419.mp3	anxiety; eric chudler; fear; innovation hub; kara miller; lise johnson; pri; segment; wgbh; worry	Spiders and grizzlies and snakes, oh my! Ask someone what they are afraid of, and the answer is likely to be something like a plane crash or shark attack. But the authors of the book “Worried?: Science Investigates Some of Life’s Common Concerns,” Eric Chudler and Lise Johnson explain why they believe we often waste our energy worrying about the wrong things. Chudler, a neuroscientist at the University of Washington and Johnson, an assistant professor of physician assistant studies at Rocky Vista University, say that we feel stressed out about things that are highly unlikely to happen. Instead, we should be more focused on seemingly mundane threats, they explain. Chudler and Johnson talk to us about the risk behind everything from aluminum to red wine, and share ways to take control of the things we fear.
2019-08-23	China Deal, or No China Deal?	34:01	https://www.podtrac.com/pts/redirect.mp3/dovetail.prxu.org/106/8fe054be-f61c-4cac-ab8e-588623bc77e2/IHUB_AB_WEB_082419.mp3	china; donald trump; george yip; ian bremmer; innovation hub; kara miller; pri; segment; wgbh	In a modern-day Mexican standoff, the U.S. and China are confronting each other over trade practices. The United States believes China has been luring away jobs and stealing American technology. But what if the issue isn’t that China is stealing innovations, but that it is out-innovating us? George Yip, a professor of marketing and strategy at Imperial College Business School in London thinks that the Chinese are no longer mere imitators but have become serious innovators in their own right. Ian Bremmer, president of Eurasia Group and GZERO Media, believes that the U.S. government has some valid complaints, but that China is nonetheless becoming increasingly competitive in the innovation game. Yip and Bremmer discuss China’s increasing dominance on the global stage, and consider what’s at stake for the U.S.
2019-08-16	Why The Value Of Education Is Overblown	28:49	https://www.podtrac.com/pts/redirect.mp3/dovetail.prxu.org/106/7ac69926-86c9-493b-9ceb-e1b94712a796/IHUB_AB_WEB_081719.mp3	Bryan Caplan; college; education; innovation hub; karak miller; pri; segment; vocational training; wgbh	We hear all the time about the gap between those with college degrees and those without. In 2015, the gap hit a record high: people who finished college earned 56% more than those who didn’t (other sources have the percentage even higher, including scholar Bryan Caplan). Over the past few years, then-President Barack Obama and Senator Bernie Sanders proposed bills to either increase college attainment or make public colleges tuition-free for all. But Caplan is a contrarian on this topic. He says that “the world might be better off without college for everyone,” and believes it’s time to rethink our current approach to higher education. Caplan is a professor of economics at George Mason University, and author of “The Case against Education: Why the Education System Is a Waste of Time and Money.” On this week’s show, he talks to us about why so many college graduates struggle to find a job, why employers increasingly require college degrees (or higher) from job applicants, and why he thinks that cutting government funding for education is the best solution.
2019-08-16	The Story Behind The ‘Little House’	20:10	https://www.podtrac.com/pts/redirect.mp3/dovetail.prxu.org/106/35158d88-ef4a-4114-b231-9233517369f4/IHUB_CSEG_WEB_081719.mp3	Caroline Fraser; american frontier; american history; books; children's literature; historical nonfiction; innovation hub; kara miller; laura ingalls wilder; little house on the prairie; pri; segment; wgbh	For nearly 100 years, the “Little House” books (and the subsequent television series) have been cherished by kids and adults around the world. Millions of children have aspired to be like Laura Ingalls, a pioneer girl who courageously helped her family start new farms across the Midwest - planting, harvesting, hunting, and fighting blizzards. The story of Ingalls’ family was based on the real-life adventures of Laura Ingalls Wilder, but Wilder’s real childhood was much harsher. As a child, Wilder endured “an almost brutal lifestyle,” according to Caroline Fraser, a Pulitzer-Prize winning writer, and author of the book “Prairie Fires: The American Dreams of Laura Ingalls Wilder.” On this week’s show, Fraser talks to us about how Wilder reinvented American history, recast her own life, and what the books - and controversy over them - has to teach us.
2019-08-09	What's Wrong With American Capitalism?	18:42	https://www.podtrac.com/pts/redirect.mp3/dovetail.prxu.org/106/1136248b-e239-48be-aa8d-feafe3ebec2f/IHUB_CSEG_WEB_081019.mp3	Capitalism; Economics; Segment; Socialism; Steven Pearlstein	Capitalism is a recurring theme among the ever-growing list of Democratic presidential candidates. But many Americans of all political stripes have concerns about our free market economy and whether it is working for them, according to Steven Pearlstein, a Pulitzer-Prize winning columnist for The Washington Post and author of “Can American Capitalism Survive: Why Greed Is Not Good, Opportunity Is Not Equal, and Fairness Won’t Make Us Poor.” We talk with Pearlstein about the importance of fairness in economic growth, and consider some ways to reinvent capitalism.
2019-08-09	Avoiding Digital Distraction	29:50	https://www.podtrac.com/pts/redirect.mp3/dovetail.prxu.org/106/df379672-f703-42a8-bd6d-93640ef64f6b/IHUB_AB_WEB_081019.mp3	Cal Newport; Digital; Digital Detox; Screens; Segment	Think you might need a digital detox? You’re not alone. It’s becoming more and more of a trend to take time away from our online lives. Cal Newport author of “Digital Minimalism: Choosing a Focused Life in a Noisy World” shares his approach to avoiding digital distraction and reclaiming time. He discusses how to be more intentional about how you use technology, and more aware about how technology uses you. We’ll discuss everything from the neuroscience of the human brain to how to do your own 30-day digital detox.
2019-08-02	The Origins of Your Vacation	23:34	https://www.podtrac.com/pts/redirect.mp3/dovetail.prxu.org/106/cce45b09-8ac5-4424-9117-b08557d77df7/IHUB_AB_WEB_080319.mp3	Eric Zuelow; History; Segment; Tourism	Tourism is an international industry worth trillions of dollars, which creates hundreds of millions of jobs worldwide — but that wasn’t always the case. In his book, “A History of Modern Tourism,” University of New England history professor Eric Zuelow walks us through the story of how we learned to love travel. From diplomacy, to new technologies like steam power, to a growing need for adventure and self-expression, tourism has become a global phenomenon with a huge impact on the places we love to visit and the environment.
2019-08-02	All or Nothing: Understanding Risk In Some Very Unusual Places	25:47	https://www.podtrac.com/pts/redirect.mp3/dovetail.prxu.org/106/4e647ebc-f480-475b-83a3-5c1065845b85/IHUB_CSEG_WEB_080319.mp3	Economics; Retirement; Risk; Schrager; Segment	Economist and journalist Allison Schrager visited a legal brothel, chased celebrities with the paparazzi, attended conferences with surfers, and interviewed high-ranking military generals, all to better understand the nature of risk. In her book, “An Economist Walks Into A Brothel,” Schrager explores how people manage risk outside the world of economics and finance and considers the most interesting lessons that can be learned from people in some of the riskiest professions.
2019-07-26	Eat Smarter, Eat Healthier	19:50	https://www.podtrac.com/pts/redirect.mp3/dovetail.prxu.org/106/864370af-0c20-4788-be38-f863dc4eb138/IHUB_ASEG_WEB_072719.mp3	Dariush Mozaffarian; Diet; Food; Innovation Hub; Kara Miller,; Nutrition; PRI; WGBH	When it comes to losing weight or maintaining a healthy diet, many of us have chosen to go either low-calorie or low-fat. But recent research has started to upend nutrition science, reframing our notions of “healthy” eating, according to Dariush Mozaffarian, a cardiologist and Dean of the Friedman School of Nutrition Science and Policy at Tufts University. Mozaffarian explains why the science is changing, when a calorie isn’t just a calorie, how fat could be a lot better than we think, and why he believes that government should play a much bigger role in influencing our food choices.
2019-07-26	A Technological Fix For Broken Politics	29:06	https://www.podtrac.com/pts/redirect.mp3/dovetail.prxu.org/106/a5213897-954f-4d64-b607-a9d855d7b5e8/IHUB_BC_WEB_072719.mp3	ARPA Net; Fireside Chats; Innovation Hub; Jill Lepore; Kara Miller; Media; PRI; WGBH; communication; politics; technology	There has been a continuous problem, dating back to founding of the United States, according to Jill Lepore, a professor of American history at Harvard University. Lepore, the author of “These Truths: A History of the United States,” says Americans have had tremendous faith in the notion that technological innovations could heal our divisions and fix political problems. But that faith has frequently been misplaced or misguided. And ethical conversations around how to keep newspapers, radio, TV and other technologies in check, often come too late.
2019-07-19	The Race for Nuclear Power	28:36	https://www.podtrac.com/pts/redirect.mp3/dovetail.prxu.org/106/d65c046b-3945-4502-802e-5b354d5aa786/IHUB_AB_WEB.mp3	Atomic weapons; Bastard Brigade; Sam Kean; Segment	The heroism of D-Day is immortalized in history books, but far less attention is given to the individuals who worked undercover to prevent Germany from developing an atomic bomb during WWII. In his new book, The Bastard Brigade: The True Story of the Renegade Scientists and Spies Who Sabotaged the Nazi Atomic Bomb, science writer Sam Kean tells the stories of the men and women who made up the Alsos Mission, or the “Bastard Brigade.” They worked tirelessly to make sure Germany’s (impressive) scientific discoveries wouldn’t change the course of the war.
2019-07-19	The American Achievement of Advertising Apollo	20:43	https://www.podtrac.com/pts/redirect.mp3/dovetail.prxu.org/106/275f5b2d-59ea-4f08-ae74-d278a88c4fc6/IHUB_CSEG_WEB.mp3	Apollo 11; David Meerman Scott; Marketing; Moon; NASA; Segment	After Russia sent a man into space, the United States didn’t want to be left behind. But getting a man on the moon wasn’t as easy as just saying we would. David Meerman Scott, a marketing strategist and co-author of the book Marketing the Moon: The Selling of the Apollo Lunar Program talks about just what it took — from PR strategies to partnering with Walt Disney — to get enough support for the mission. Without the marketing and media attention, Scott thinks, we couldn’t have landed on the moon.
2019-07-12	The Secret Agency that Created Agent Orange, Self-Driving Cars, and the Internet	29:05	https://www.podtrac.com/pts/redirect.mp3/dovetail.prxu.org/106/35951405-2b40-4364-86ed-9198a119baf9/IHUB_AB_WEB_071319.mp3	DARPA; Internet; Military; Pentagon; Segment; Self-Driving Cars; Sharon Weinberger	DARPA, the Defense Advanced Research Projects Agency, has been developing new military technologies for the United States since shortly after the launch of Sputnik in 1957. But Sharon Weinberger, the Washington Bureau Chief for Yahoo News and the author of The Imagineers of War: The Untold Story of DARPA, the Pentagon Agency that Changed the World, says there’s more to the Agency than new weapons and military strategies. DARPA, Weinberger explains, not only incubated the internet, but it has also worked on self-driving cars and extra-sensory perception, and explored the potential for developing super soldiers.
2019-07-12	Building An Inclusive Innovation Economy	20:17	https://www.podtrac.com/pts/redirect.mp3/dovetail.prxu.org/106/d40c6f0f-a8ee-4b1e-9898-ddc416fda5cb/IHUB_CSEG_WEB_071319.mp3	Andre Perry; Diversity; Inequality; Innovation; Segment; Tawanna Black	In recent years, some American cities, like Pittsburgh, have been transformed by legions of tech jobs. But even as these one-time industrial cities reinvented themselves, many residents - including those who are part of communities of color - have been excluded from the prosperity and growth that have been ushered in along with the influx of jobs and investment. Andre Perry, a fellow in the Metropolitan Policy Program at the Brookings Institution, and Tawanna Black, founder and CEO of the Center for Economic Inclusion, explain some of the reasons for these sorts of disparities in wealth, wages and opportunity between minority and white communities, and propose a radically different way forward.
2019-07-05	The Rise of the Sea Barons	14:17	https://www.podtrac.com/pts/redirect.mp3/dovetail.prxu.org/106/67a8bba9-4c18-47a2-862a-6a09f7772aee/IHUB_CSEG_WEB_070619.mp3	Clipper Ships; Segment; Steven Ujifusa	Back in the mid-19th century, some American entrepreneurs sailed halfway around the world - to China - to make their fortunes. These merchants would later build dynasties back home by investing money in promising American industries, including railroads and coal, as well as new technologies, like the telegraph. It was the invention of the clipper ship that made it all possible. These were ships that were built for speed and profit, a profit that came not just by importing goods like tea to the U.S., but also by smuggling opium to China. We talk with Steven Ujifusa, a historian and author of “Barons of the Sea: And their Race to Build the World's Fastest Clipper Ship,” about these vessels - which once raced across the ocean - and the owners who used them to reshape America.
2019-07-05	The Long History Of The Gig Economy	15:56	https://www.podtrac.com/pts/redirect.mp3/dovetail.prxu.org/106/ef748046-12e7-43b6-a1f1-b99306382277/IHUB_BSEG_WEB_070619.mp3	Economy; Gig Economy; Louis Hyman; Segment; Uber	When you hear the term “gig economy,” you probably think of Uber or Lyft or Postmates - companies that have used apps to disrupt industries and create an army of 1099 workers. But according to Louis Hyman, a Cornell University historian and author of Temp: How American Work, American Business, and the American Dream Became Temporary, the gig economy is a lot bigger than Silicon Valley. And it has a much longer history than you might think.
2019-07-05	Marinating In Plastics	19:04	https://www.podtrac.com/pts/redirect.mp3/dovetail.prxu.org/106/aa06468a-a929-4164-9658-d03af78d76cd/IHUB_ASEG_WEB_070619.mp3	Plastics; Segment; Susan Freinkel	Plastics are colorful, shiny, and flexible. They can also be sturdy, monochrome, and opaque. They come in different shapes and sizes, too. In fact, we’ve become so good at creating and molding plastics into whatever we want them to be that author Susan Freinkel says: it’s hard to imagine a world without them. In her book, Plastics: A Toxic Love Story, Freinkel chronicles the history of plastics and explores how, for better or worse, the material shapes our lives.
2019-06-28	The Brains Behind Automation 	16:04	https://www.podtrac.com/pts/redirect.mp3/dovetail.prxu.org/106/af630da7-444e-49a5-88e5-a6dadc41c408/IHUB_BSEG_WEB_062919.mp3	Daniel Theobald; Innovation Hub; Jobs; Kara Miller; Melissa Flagg; PRI; Robots; Segment; U.S. Army Research Laboratory; Vecna Robotics; WGBH	We constantly hear that technology is killing opportunities in the workplace. But reports by the World Economic Forum and Deloitte have shown that automation is creating — and will continue to create — millions of jobs in fields like sales, IT services, and big data. But to really know how tech is affecting our lives, experts like Daniel Theobald and Melissa Flagg say we need to focus less on the 30,000-foot view of the industry and more on what is going on at the ground level. We talk to Theobald, Vecna Robotics’ co-founder and Chief Innovation Officer as well as Flagg, the Northeast regional lead at the U.S. Army Research Laboratory, about how we should be taking a ground-up approach to America’s technological development.
2019-06-28	The American Family - Older And Smaller	21:34	https://www.podtrac.com/pts/redirect.mp3/dovetail.prxu.org/106/649306d8-07b7-4871-8ad2-3ec8f0c5acc1/IHUB_ASEG_WEB_062919.mp3	Birth Rates; Caitlin Knowles Myers; Claire Cain Miller; Innovation Hub; Kara Miller; PRI; Segment; WGBH	The American family is changing in many different ways. But perhaps one of the most significant is that, on average, American women are giving birth later. And birth rates have hit a 30-year low. In the early 1970s, the average age of first-time moms was 21… it’s now 26. The same trend is impacting fathers - their age has gone from 27 to 31 over the same time period. But why did this change happen? And what does it mean for our society, our economy, and our families? To find out, we talked to Caitlin Knowles Myers, an economist at Middlebury College who’s studied female fertility, and Claire Cain Miller, a correspondent for the New York Times who’s written extensively about the topic.
2019-06-28	China: Pharmacy To The World	10:51	https://www.podtrac.com/pts/redirect.mp3/dovetail.prxu.org/106/15d4c3c8-b599-46d8-965c-b7800575ab71/IHUB_CSEG_WEB_062919.mp3	China; China Rx: Exposing The Risks Of America’s Dependence On China For Medicine; Drugs; Innovation Hub; Kara Miller; PRI; Pharmaceuticals; Rosemary Gibson; Segment; WGBH	In the 1990s, most of the world’s medicines were manufactured in the United States, Europe and Japan. Today, almost 80% of them come from China. In her book, “China Rx: Exposing The Risks Of America’s Dependence On China For Medicine,” Rosemary Gibson says that China is becoming the world’s pharmacy, but that development, she argues, comes with many risks.
2019-06-21	Why Aren’t We Happier?	25:03	https://www.podtrac.com/pts/redirect.mp3/dovetail.prxu.org/106/05117b43-340e-40f7-92b0-befb7d299746/IHUB_ASEG_WEB_061519.mp3	Good Reasons for Bad Feelings; Randolph Nesse; Psychology; Segment	Experiences of mental illness are common in the United States and behind each individual case is a history. In his book, Good Reasons for Bad Feelings: Insights from the Frontier of Evolutionary Psychiatry, Randolph Nesse, the director of the Center for Evolution and Medicine at Arizona State University, looks at emotional and mental disorders from an evolutionary perspective, and considers why natural selection left us with fragile minds.
2019-06-21	How To Get Older, Better	24:17	https://www.podtrac.com/pts/redirect.mp3/dovetail.prxu.org/106/b70b7e67-c856-4127-af4a-8de4075f0f2f/IHUB_BC_WEB_061519.mp3	Aging; Segment; Sue Armstrong	Older, wiser and perhaps healthier? It may sound too good to be true, but Sue Armstrong, author of Borrowed Time: The Science of How and Why We Age, says that growing older doesn’t have to lead to infirmity. Science is finding ways to intervene in the aging process, and to improve the quality of our later years. After all, some organisms on Earth live for centuries, so there may be good models for rethinking and easing the process of getting older. Armstrong says that while there’s no magic elixir for aging, there is a more hopeful future ahead.
2019-06-14	The Advantage Of Being A Generalist	49:52	https://www.podtrac.com/pts/redirect.mp3/dovetail.prxu.org/106/d0b4d472-c991-4742-8376-ec759c15bd3d/IHUB_ABC_WEB_061519_new_.mp3	David Epstein; Psychology; Science; Segment; Sports; Tiger Woods	Should you be the best at one skill, or be pretty good at a bunch of different ones? David Epstein, the author of Range: Why Generalists Triumph in a Specialized World, says that practicing one skill for 10,000 hours (as some have suggested) might not necessarily set you up to be the next Tiger Woods or the next chess grandmaster. But in a world where we’re constantly encountering new experiences, Epstein believes that the ability to take knowledge from one situation and apply it to another, to generalize, is what really pushes us ahead.
2019-06-07	The Many Hats of Dr. Seuss	26:34	https://www.podtrac.com/pts/redirect.mp3/dovetail.prxu.org/106/e299e544-c7dc-40b3-b54f-f4b88a1becfd/IHUB_BC_WEB_060819.mp3	Brian Jay Jones; Children's Literature; Dr. Seuss; Green Eggs and Ham; Segment; The Cat In The Hat; The Grinch Who Stole Christmas	When it comes to children’s books I’m certain you’ll find There’s really one name that jumps first to mind That name as I’m sure you’ll deduce Could only belong to one Dr. Seuss And so we take a look At biographer Brian Jay Jones’ new book All about that good doctor’s work and creations, And it’s called “Becoming Dr. Seuss: Theodor Geisel And The Making of An American Imagination”.
2019-06-07	Honey, Income Inequality Led Me to Overwork the Kids	22:40	https://www.podtrac.com/pts/redirect.mp3/dovetail.prxu.org/106/fe245ad9-6c0c-4ea5-82b3-43523d42fabd/IHUB_ASEG_WEB_060819.mp3	Economics; Matthias Doepke; Parenting; Segment	How would you describe your childhood? Did your parents have a laissez faire attitude, letting you run wild and free, or did they have more rigid rules, which dictated your life choices? Perhaps you’re now a parent yourself — which parenting approach have you chosen? Matthias Doepke, a professor of economics at Northwestern University, argues that we often assume that parenting is all about culture, and that the reason that those from different countries or backgrounds parent differently is specifically because of those backgrounds (varied religious, political, and geographical traditions). But, Doepke argues, economics is a far more significant driver of parenting. He’s the co-author of “Love, Money and Parenting - How Economics Explains the Way We Raise Our Kids,” and he tells us how income inequality largely shapes how we raise our children.
2019-05-31	Political Teamsmanship	49:44	https://www.podtrac.com/pts/redirect.mp3/dovetail.prxu.org/106/06e55f2b-f83e-44ce-86ff-42db81248801/IHUB_ABC_WEB_060119.mp3	Lilliana Mason; Marc Hetherington; Politics; Segment	Politics in the United States has long been dominated by two main groups – the Republicans and the Democrats – but, in recent decades, we’ve seen increasing divisiveness and conflict. Voters have become less concerned with what government does, and more interested in politicians they believe represent who they are. Lilliana Mason, assistant professor of Government and Politics at the University of Maryland, and Marc Hetherington, professor of Political Science at the University of North Carolina, discuss what happens when politics gets personal. And they consider the consequences for our democracy.
2019-05-24	The ONLY Way To Reduce Traffic	25:01	https://www.podtrac.com/pts/redirect.mp3/dovetail.prxu.org/106/19ee5c76-b53f-4777-aae4-6147e92387b3/IHUB_ASEG_WEB_052519.mp3	Michael Manville; Roads; Segment; Traffic; Transportation	Traffic is awful. It causes pollution, it makes people stressed, it costs cities and drivers billions of dollars… and if you’ve ever sat in a car, inching along a packed highway, you understand the toll it takes. So, how do we fix it? According to UCLA’s Michael Manville, there are a lot of proposed solutions, but only one - yes, one - really works.
2019-05-24	Testing Who You Are	23:23	https://www.podtrac.com/pts/redirect.mp3/dovetail.prxu.org/106/9cb337c2-a95e-4701-8310-762c1bdaeed0/IHUB_CSEG_WEB_052519.mp3	Merve Emre; Meyers-Brigg Test; Segment	If you were asked to describe your personality, you might choose words such as “funny” and “outgoing,” or “shy” and “quiet.” But what if those were not quite the right words? The Myers-Briggs - which many of us have taken - promises to assess your personality, and assign you a specific “type.” In her book, The Personality Brokers: The Strange History of Myers-Briggs and the birth of Personality Testing, Merve Emre examines the Myers-Briggs Type Indicator (which is its full name), and how it has transformed the way we think about ourselves and those around us.
2019-05-17	From Giving In To Giving Up: A Neuroscientist’s Journey from Addiction to Recovery	28:16	https://www.podtrac.com/pts/redirect.mp3/dovetail.prxu.org/106/3668b11f-27f6-4d58-8616-154b7de4712e/IHUB_BC_WEB_051819.mp3	Addiction; Health; Judith Grisel; Segment	From the moment that Judith Grisel started drinking alcohol at age 13, she was hooked. For the next ten years, Grisel suffered from addiction, as she used drugs from marijuana to opiates to psychedelics. As a recovering addict and neuroscientist, Grisel learned that she was especially vulnerable because she was genetically predisposed to addiction. (She is one of many who are susceptible to the disease.) Grisel, a professor of psychology at Bucknell University and the author of “Never Enough: The Neuroscience and Experience of Addiction,” explains the effect of illicit drugs on the brain and what makes them so addictive.
2019-05-17	From Famous To Forgotten	21:35	https://www.podtrac.com/pts/redirect.mp3/dovetail.prxu.org/106/0e40e65f-2859-4180-8904-0bdf46522b13/IHUB_ASEG_WEB_051819.mp3	César Hidalgo; Memory; Segment	If you have that gnawing feeling that you’re forgetting something, chances are you’re right. And it may not be your keys, but something a little bigger. César Hidalgo, director of MIT’s Collective Learning Group, explains how society experiences generational forgetting. Hidalgo says: even if you have a pristine memory, time greatly impacts the names, books, movies, and historical events that are common knowledge at any given moment. Researching how culture gets passed down (or doesn’t) from generation to generation can tell us more about why some famous people stay relevant, while others seem to fade away.
2019-05-10	Motown: The History Of A Hit Factory	24:16	https://www.podtrac.com/pts/redirect.mp3/dovetail.prxu.org/106/262e4488-88e4-4938-be02-4afb16f49c09/IHUB_ABWEB_051119.mp3	Adam White; Barry Gordy; Diana Ross; Motown; Segment; Stevie Wonder; The Jackson 5; The Supremes	Shortly after Michael Jackson died in 2009, Helen Brown, a music critic for the Daily Telegraph wrote that the Jackson 5’s 1969 single “I Want You Back,” is “certainly the fastest man-made route to pure joy.” And while Michael, Tito, Jermaine, Marlon, and Jackie may have stolen the spotlight, the group - like so many others - emerged from a hit factory created by a man named Berry Gordy Jr. Gordy founded Motown after stints as a boxer and as a worker in a Lincoln-Mercury plant. And he quickly turned the label into a force to be reckoned with, drawing on a formula of quality control he had learned at the auto factory, taking raw talent like Diana Ross and Smokey Robinson, and refining them into international stars. As a result, Motown became one of the most successful black-owned music companies in American history. We talk to music journalist Adam White, author of “Motown: The Sound of Young America,” about Gordy’s meteoric rise and his lasting legacy.
2019-05-10	Fixing Broken Hearts	24:19	https://www.podtrac.com/pts/redirect.mp3/dovetail.prxu.org/106/c5566b28-8319-47e0-b560-a79a853d79a1/IHUB_CSEG_WEB_051119.mp3	Health; Heart; Sandeep Jauhar; Segment	The Grinch’s is two sizes too small. Al Green wants to know how you can mend a broken one. You can destroy them, steal them, break them. They can pine or ache or wander. Suffice it to say, hearts are a big part of our culture. After all, though our kidneys are vital, there aren’t many pop songs about them. Still, as important as they are to our culture, our hearts are even more important to our health. Heart disease is the leading cause of death in the United States, and chances are that you know someone who has been affected by heart issues. Dr. Sandeep Jauhar, the director of the Heart Failure Program at Long Island Jewish Medical Center and author of Heart: A History, takes a look at how we address heart health, and how we could do better.
2019-05-03	The Future of Genetics Is Here, But It’ll Cost You	31:07	https://www.podtrac.com/pts/redirect.mp3/dovetail.prxu.org/106/7bf32277-d2d7-4bdb-9a07-206319931986/IHUB_AB_WEB_050419.mp3	Antonio Regalado; Carlos Bustamante; Genetics; Precision Medicine; Segment	Generally, patients have to show symptoms of a disease before they’re treated for it. But, increasingly, thanks to advances in precision medicine, some new treatments are focused on the prevention of diseases that people are most at risk for - and that risk is determined by their unique genetic data. While personalized medicine sounds great in principle, there are several challenges, including the cost. Antonio Regalado, senior editor of biomedicine for MIT Technology Review, and Carlos Bustamante, professor of biomedical data science, genetics, and biology at Stanford, talk to us about the past, present, and future of genetic data in health care.
2019-05-03	The Company That Sparked Our Corporate World	17:39	https://www.podtrac.com/pts/redirect.mp3/dovetail.prxu.org/106/6c014ef5-41e0-4529-b19c-d465cb2d9f03/IHUB_CSEG_WEB_WITH_CREDITS_050419.mp3	British East India Company; England; History; India; Rupali Mishra; Segment	How far would you go to make sure your food doesn’t taste bland? Would you cross the seven seas for cinnamon, like the British East India Company did? In the early 1600s, King James I of England needed cash. And he built on a charter that Queen Elizabeth I - his predecessor - had issued. What James did would, in modern times, be considered a breach of power. He allowed the East India Company to establish a virtual monopoly over trade with Asia and, in return, he asked for a share of the company’s profits. Mixing private and public interests may be frowned upon today, but the dividing line in the 17th century was a lot more ambiguous, according to Rupali Mishra, an associate professor of history at Auburn University and author of the book, “A Business of State: Commerce, Politics, and the Birth of the East India Company.”
2019-04-26	What IS evil, really?	17:37	https://www.podtrac.com/pts/redirect.mp3/dovetail.prxu.org/106/07cd1327-88e0-40f4-a623-203d27347557/IHUB_CSEG_WEB_042719.mp3	Evil; Julia Shaw; Morality; Psychology; Segment	If you’ve ever had an evil thought - or even a murder fantasy - you’re not alone. Julia Shaw, the author of “Evil: The Science Behind Humanity’s Dark Side” explains that most people have devilish notions sometimes. Shaw, a psychologist and research associate at University College London, says we all have the capacity for cruel deeds. She suggests that acknowledging our darker desires may in fact help us deconstruct and better understand the whole concept of evil. This understanding, Shaw believes, can make us think more broadly about criminality, and lead to a rethinking of our justice system.
2019-04-26	Fools for Fossil Fuels: A History of Climate Change Inaction	31:55	https://www.podtrac.com/pts/redirect.mp3/dovetail.prxu.org/106/b510ae9d-6b5c-4c24-b046-fd9b86f96b79/IHUB_AB_WEB_042719.mp3	Climate Change; Environment; Nathaniel Rich; Segment	Just about 40 years ago, a secret group of elite scientists, known as the Jasons, sounded the death knell for climate change. They had consulted a computer model that predicted the destabilizing effects of a warming earth - from droughts, to rising sea levels, to geopolitical conflicts. Their warnings reached the ears of politicians, and, ultimately, during his 1988 presidential campaign, George H. W. Bush pledged to solve the problem. But then the story shifted, and climate change was not addressed. Nathaniel Rich, a writer at large for the New York Times and author of Losing Earth: A Recent History, walks us through what happened, and explains how a non-partisan issue became deeply split along party lines.
2019-04-19	The Evolution of American Privacy	19:14	https://www.podtrac.com/pts/redirect.mp3/dovetail.prxu.org/106/9972cbc9-f9b0-4933-b9fa-ea21da7cf922/IHUB_ASEG_WEB_042019.mp3	History; Postcards; Privacy; Sarah Igo; Segment	Every day, it seems like there’s a new story about privacy: A Facebook hack that puts the private data of millions at risk. A years-long surveillance program of personal communications by the government. Endless concerns about how much of our lives we share on social media. With all this in the air, it can certainly feel like we have a lot less privacy nowadays. But is that really the case? Well, according to Vanderbilt professor Sarah Igo, author of The Known Citizen: A History of Privacy in Modern America, the answer is actually pretty complicated.
2019-04-19	Selfies And The Self	18:47	https://www.podtrac.com/pts/redirect.mp3/dovetail.prxu.org/106/73d01118-6b5f-4407-a521-c99a23f7dcd1/IHUB_BSEG_WEB_042019.mp3	Philosophy; Segment; Selfies; Will Storr	Twitter. Selfie-sticks. Reality TV. It can seem like our society is becoming more narcissistic and self-involved. (Just read a few of the boatload of articles and think-pieces on this topic) But are we really more self-centered? The answer involves Aristotle, Ayn Rand, and 80s-era California. At least, that’s according to Will Storr, author of the book, Selfie: How We Became Self-Obsessed and What It’s Doing To Us. He explains how our conception of self has changed throughout human history, and why we’re so self-involved today.
2019-04-19	Kids These Days...And Yesterday, And Tomorrow	10:28	https://www.podtrac.com/pts/redirect.mp3/dovetail.prxu.org/106/c6c0cdeb-7e8e-4d8b-8e8c-45cdf2568af6/IHUB_CSEG_WEB_042019.mp3	Aging; Generations; John Quiggin; Segment	Economist John Quiggin wants to change the way we talk about millennials. That is, he thinks we should stop talking about them altogether. In a recent New York Times editorial, Quiggin argued that the notion of generations is a pop-culture myth. He thinks we should focus on how people are affected by more significant traits like class, gender, and age.
2019-04-12	When Tech Gets Talkative	18:15	https://www.podtrac.com/pts/redirect.mp3/dovetail.prxu.org/106/37683b54-280b-4c91-a3bc-24f60efc82b5/IHUB_CSEG_WEB_041319.mp3	Alexa; Amazon; James Vlahos; Sci & Tech; Siri; segment; voice technology	Technology has become more hands-free, thanks to voice-activated digital assistants like Alexa and Siri. Have a question? Ask away. But in the future it won’t be just a matter of using this technology to find out facts or to determine the best route home. James Vlahos, author of “Talk to Me - How Voice Computing Will Transform the Way We Live, Work and Think,” explains how companies are trying to make the Alexas and Siris of the world more sociable. Voice tech that can apply background knowledge and understand context will be able to have more complex conversations with users. Vlahos says that these devices will create a more human-like experience, and could be used in customer service, healthcare, counseling and industries which require a robot with a more social side.
2019-04-12	Loons that Shoot for the Moon	30:30	https://www.podtrac.com/pts/redirect.mp3/dovetail.prxu.org/106/cbdcf1b8-32f2-4856-8514-224d93e27fd8/IHUB_AB_WEB_041319.mp3	Business; Safi Bahcall; Sci & Tech; innovation; loonshot; segment	We all know of moonshots, a grand idea we can get behind. But we sat down with Safi Bahcall, a physicist and former biotech entrepreneur, to understand a counter term he came up with: loonshots. Bahcall claims many ideas and innovations, when they are first proposed, are seen as mere fantasies from the minds of slightly (or very) crazy people. From the telephone to the computer, several game-changing ideas were turned down — in fact, microwave radar, which detected German U-boats at sea and helped us gain the upper hand during WWII, also, initially, fell under the radar. Who knows how many countless, similar innovative ideas have been dismissed? In his new book, “Loonshots - How to Nurture the Crazy Ideas That Win Wars, Cure Diseases, and Transform Industries”, Bahcall wants to change the structure of how we accept and cultivate these possibly, life-changing ideas.
2019-04-05	You Really Push My Buttons	19:23	https://www.podtrac.com/pts/redirect.mp3/dovetail.prxu.org/106/4231eb69-0ace-4b84-b988-05d8715004e4/IHUB_CSEG_WEB_040619.mp3	Buttons; Rachel Plotnick; Segment; Technology	Buttons make the world go round. How else would you tell an elevator to whisk you up to the sixth floor, or get a candy bar out of a vending machine? Buttons are the simple interface for how we interact with more complex technology. They cover up the wires and inner workings of your TV and microwave, and make tech accessible at, you guessed it, the push of a button. Rachel Plotnick, author of “Power Button: A History of Pleasure, Panic, And the Politics of Pushing,” explains the origin of buttons, their role throughout history, and how they continue to evolve in our world today. We also have an update for our segment about WWI from a couple of weeks ago.
2019-04-05	Humans: We May Not Be As Special As We Think	28:29	https://www.podtrac.com/pts/redirect.mp3/dovetail.prxu.org/106/bce505a8-4764-4879-9f30-aa3b65987865/0406_AB_WEB_SEGMENTS_REV.mp3	Adam Rutherford; Animals; Biology; Humans; Segment	It’s easy to see ourselves as separate from the animal kingdom, but Adam Rutherford, author of “Humanimal: How Homo sapiens Became Nature’s Most Paradoxical Creature - A New Evolutionary History,” believes that we aren’t as different as we might think. Fashion design, interacting with fire, and making multi-step plans all seem like qualities that are unique to humans. But according to Rutherford, species across the animal kingdom - from crabs to birds of prey - exhibit many of these complex behaviors too.
2019-03-29	The Guitar Makers That Made Modern Music	28:26	https://www.podtrac.com/pts/redirect.mp3/dovetail.prxu.org/106/c2f960e2-98c7-4063-8d52-a49ad4969c69/IHUB_AB_WEB_033019.mp3	Ian S. Port; Leo Fender; Les Paul; Segment; electric guitar; rock 'n' roll	In 1957, Buddy Holly appeared on “The Ed Sullivan Show” on CBS, strumming his tunes on a Fender Stratocaster, which was casually slung across his body. The instrument had - and would - fundamentally change American culture and music. And, to a lot of people, it was a shock. But behind the technological innovations inherent in the solid-body electric guitar is a story of two friends and rivals, people whose legacies have been inscribed on the guitars they created. Leo Fender and Les Paul, though, had little idea of the new genre of music this invention would instigate: rock ‘n’ roll.
2019-03-29	A Big, Bloody Business	20:37	https://www.podtrac.com/pts/redirect.mp3/dovetail.prxu.org/106/6284fb21-f232-48e8-98b7-33a270ec2b17/IHUB_CSEG_WEB_033019.mp3	Blood; Plasma; Rose George; Segment; blood export	You might guess that the United States is the world’s biggest exporter of corn, but did you know that it is also one of the biggest exporters of blood? In fact, the U.S. exports more blood than it does corn, soybeans, or gold. More specifically, blood plasma - the yellow liquid that separates out, once your blood is in a tube or a bag - since it is a critical component in many pharmaceutical products and medicines. Rose George, author of “Nine Pints: A Journey Through the Money, Medicine, and Mysteries of Blood” walks us through the economics, science, and ethics behind the blood industry.
2019-03-22	Sand. It’s Slipping Through Our Fingers	14:34	https://www.podtrac.com/pts/redirect.mp3/dovetail.prxu.org/106/dd169e48-2251-43e2-8159-d823b1b04bc1/IHUB_BSEG_WEB_032319.mp3	Kara Miller; PRI; WGBH; innovation hub; sand; sand mafia; segment; vincent beiser	Unless we’re relaxing on it at the beach, or kicking it out of our shoes, we probably don’t think too much about sand. But that doesn’t mean it isn’t important. Sand is a vital ingredient in concrete. And glass. And asphalt. It makes our modern, urban life possible. And our hunger for it is causing more and more trouble. Vince Beiser, author of The World in a Grain: The Story of Sand and How It Transformed Civilization, explains why sand matters, and how the quest to extract more of it is shaping the world.
2019-03-22	Rationality vs. Intelligence	14:56	https://www.podtrac.com/pts/redirect.mp3/dovetail.prxu.org/106/2f061580-71fe-4d5a-9537-e7aa17fb5250/IHUB_CSEG_WEB_032319.mp3	Carey Morewedge; Maggie Toplak; PRI; innovation hub; kara miller; wgbh	Have you ever taken an IQ test? Think about the results. Did you do well? You might have gotten a high score, but, often, intelligence doesn’t have anything to do with rationality. There is a marked difference between the two, although we often conflate them. We talk with York University associate professor Maggie Toplak and Boston University professor Carey Morewedge about why even smart people do irrational things.
2019-03-22	Crime Is Declining. So Why Don’t We Feel Safer? 	18:18	https://www.podtrac.com/pts/redirect.mp3/dovetail.prxu.org/106/13f0e757-b32c-452d-a389-b24b3c8f9931/IHUB_ASEG_WEB_032319.mp3	Innovation Hub; Kara Miller; PRI; Patrick Sharkey; Segment; Uneasy Peace; crime rates	Talk to anyone who lived in New York City in the 1970s, and they will probably highlight the city’s widespread crime. Times Square wasn’t yet Disney-fied and Brooklyn hadn’t been taken over by hipsters. Most people agreed that New York was a dangerous place. But then something happened: murders, and violent crime in general, began to drop. And that trend wasn’t unique to New York: It happened in many places across America. So who do we have to thank for the crime decline? To find out, we talk with NYU sociology professor Patrick Sharkey about his book, “Uneasy Peace: The Great Crime Decline, the Renewal of City Life, and the Next War on Violence.”
2019-03-15	Television Created the Scientist Star	23:31	https://www.podtrac.com/pts/redirect.mp3/dovetail.prxu.org/106/081fd0b4-4c41-429d-a0c1-42ecef7e3da3/IHUB_CSEG_WEB_031619.mp3	Bill Nye; Carl Sagan; Ingrid Ockert; Mr Wizard; Science; Segment; Television	We all know the legacy that Sputnik had on U.S. science education. Washington poured more than a billion dollars into overhauling the U.S. science curriculum. But television was transformed too. According to Ingrid Ockert, a Haas Fellow at the Science History Institute and a NASA History Fellow, the television show “Continental Classroom” was launched as a direct response to the Sputnik challenge. Five days a week, “Continental Classroom” was broadcast into American homes to encourage and inspire budding scientific minds. From “Watch Mr. Wizard” to “Mythbusters,” lots of Americans have grown up watching various science television programs. Ockert walks us through how science has changed television, and how television has influenced science.
2019-03-15	Lessons From The World’s Quirkiest Innovators	25:20	https://www.podtrac.com/pts/redirect.mp3/dovetail.prxu.org/106/75de761f-330a-4d70-9d3b-58ab4e2f8078/IHUB_AB_WEB_031619.mp3	Albert Einstein; Innovators; Marie Curie; Melissa Schilling; Quirky; Segment; Steve Jobs; Thomas Edison	Obsessed with work, insensitive, socially detached, and neglectful of family and friends. Those may not be the most endearing qualities, but they are just a few of the common characteristics that longtime innovation researcher, Melissa Schilling found when studying some of the world’s most famous and prolific inventors in the fields of science and technology. Schilling, a professor of management and organizations at New York University’s Stern School of Business, explores the ingenuity of eight outstanding innovators, including Albert Einstein, Marie Curie, Steve Jobs, Elon Musk and more. She’s the author of, “Quirky: The Remarkable Story of the Traits, Foibles, and Genius of Breakthrough Innovators Who Changed the World.”
2019-03-08	The Fight For Our Rights During WWI	21:05	https://www.podtrac.com/pts/redirect.mp3/dovetail.prxu.org/106/f034c39f-46bc-4058-84c2-6cae7c30a5b0/IHUB_CSEG_WEB_030919.mp3	American History; Chris Capozzola; Segment; World War I	In 21st century America, citizens assert their individual rights loud and clear. Media coverage shows that Americans defend, debate, and demand individual liberties, including freedom of speech and the right to bear arms. Yet just over 100 years ago, Americans valued the greater good of the country more than their personal freedoms, according to Christopher Capozzola, the author of “Uncle Sam Wants You: World War I and the Making of the Modern American Citizen.” Capozzola explains that the change from prioritizing one’s country to one’s self occurred during World War I. As the federal government gained more power during the First World War, its growing control was countered by a demand to protect individual rights, Capozzola says. The changing relationship between citizen and country would powerfully shape the society we now live in.
2019-03-08	Cleanliness, Health...and Microbes	27:18	https://www.podtrac.com/pts/redirect.mp3/dovetail.prxu.org/106/ef047961-d574-4929-9202-2f79937fe7f7/IHUB_AB_WEB_FINAL_030919.mp3	Rob Dunn; bacteria; microbes; segment	Are you a self-proclaimed germaphobe like President Trump? Well, if you think your home is sparkling clean, try walking around with a microscope. According to Rob Dunn, a professor of Applied Ecology at both North Carolina State University and the Natural History Museum of Denmark, we are surrounded by thousands of tiny species, living on every imaginable surface. And while some bacteria can be harmful, most just humbly co-exist with us... and some are more helpful than we know. In his book, “Never Home Alone: From Microbes to Milipedes, Camel Crickets, and Honeybees, the Natural History of Where We Live,” Dunn takes a safari through our homes, introducing us to these invisible creatures and explaining how, despite our fervent efforts to sanitize the world, we may be negatively affecting our own health.
2019-03-01	What’s Worth Worrying About?	15:30	https://www.podtrac.com/pts/redirect.mp3/dovetail.prxu.org/106/bf8af1d3-acae-4746-a455-efdb86577212/IHUB_CSEG_WEB_030219.mp3	Eric Chudler; Lise Johnson; neuroscience; stress; threats; worry	Spiders and grizzlies and snakes, oh my! Ask someone what they are afraid of, and the answer is likely to be something like a plane crash or shark attack. But the authors of the book “Worried?: Science Investigates Some of Life’s Common Concerns,” Eric Chudler and Lise Johnson explain why they believe we often waste our energy worrying about the wrong things. Chudler, a neuroscientist at the University of Washington and Johnson, an assistant professor of physician assistant studies at Rocky Vista University, say that we feel stressed out about things that are highly unlikely to happen. Instead, we should be more focused on seemingly mundane threats, they explain. Chudler and Johnson talk to us about the risk behind everything from aluminum to red wine, and share ways to take control of the things we fear.
2019-03-01	China Deal, or No China Deal?	33:16	https://www.podtrac.com/pts/redirect.mp3/dovetail.prxu.org/106/2d1b4336-8b55-4a1d-a14e-f58d77c8ac33/IHUB_AB_WEB_030219.mp3	China; Donald Trump; George Yip; Ian Bremmer	In a modern-day Mexican standoff, the U.S. and China are confronting each other over trade practices. The United States believes China has been luring away jobs and stealing American technology. But what if the issue isn’t that China is stealing innovations, but that it is out-innovating us? George Yip, a professor of marketing and strategy at Imperial College Business School in London thinks that the Chinese are no longer mere imitators but have become serious innovators in their own right. Ian Bremmer, president of Eurasia Group and GZERO Media, believes that the U.S. government has some valid complaints, but that China is nonetheless becoming increasingly competitive in the innovation game. Yip and Bremmer discuss China’s increasing dominance on the global stage, and consider what’s at stake for the U.S.
2019-02-22	Reinventing American Capitalism	18:21	https://www.podtrac.com/pts/redirect.mp3/dovetail.prxu.org/106/c2ab2e75-b499-4d6d-bf27-fa9e3ad9bba7/IHUB_CSEG_WEB_022319.mp3	Segment; Steven Pearlstein; capitalism; socialism	"Capitalism is a recurring theme among the ever-growing list of Democratic presidential candidates. But many Americans of all political stripes have concerns about our free market economy and whether it is working for them, according to Steven Pearlstein, a Pulitzer-Prize winning columnist for The Washington Post and author of ""Can American Capitalism Survive: Why Greed Is Not Good, Opportunity Is Not Equal, and Fairness Won't Make Us Poor."" We talk with Pearlstein about the importance of fairness in economic growth, and consider some ways to reinvent capitalism."
2019-02-22	Our Digital Dilemma 	29:56	https://www.podtrac.com/pts/redirect.mp3/dovetail.prxu.org/106/3f1c166d-8da0-4dd1-bb61-81ce31fe463b/IHUB_AB_WEB_022319.mp3	Cal Newport; Screen time; Segment; digital minimalism; smartphones	Think you might need a digital detox? You’re not alone. It’s becoming more and more of a trend to take time away from our online lives. Cal Newport author of “Digital Minimalism: Choosing a Focused life in a Noisy World” shares his approach to avoiding digital distraction and reclaiming time. He discusses how to be more intentional about how you use technology, and more aware about how technology uses you. We’ll discuss everything from the neuroscience of the human brain to how to do your own 30-day digital detox.
2019-02-22	Full Show: More Screens, More Problems 	49:53	https://www.podtrac.com/pts/redirect.mp3/dovetail.prxu.org/106/23c380d4-1931-4767-8e20-e7510e53cd77/IHUB_FULL_SHOW_WEB_BB_022319.mp3	Cal Newport; Full Show; Steven Pearlman; capitalism; digital minimalism; screen time	If you’re reading this on your smartphone, it might be time to reevaluate how much time you spend in front of a screen. Author Cal Newport offers a road map toward digital minimalism. Then, how did American capitalism become so unequal? And where is it headed? Washington Post columnist Steven Pearlstein thinks it’s time for a change.
2019-02-15	The Story Behind The ‘Little House’	19:26	https://www.podtrac.com/pts/redirect.mp3/dovetail.prxu.org/106/2239b709-f07e-48a4-ab32-148fbe9a09be/IHUB_CSEG_WEB_021619.mp3	Innovation Hub; Kara Miller; Laura Ingells Wilder; Little House on the Prairie; PRI; WGBH; books; children; history	For nearly 100 years, the “Little House” books (and the subsequent television series) have been cherished by kids and adults around the world. Millions of children have aspired to be like Laura Ingalls, a pioneer girl who courageously helped her family start new farms across the Midwest - planting, harvesting, hunting, and fighting blizzards. The story of Ingalls’ family was based on the real-life adventures of Laura Ingalls Wilder, but Wilder’s real childhood was much harsher. As a child, Wilder endured “an almost brutal lifestyle,” according to Caroline Fraser, a Pulitzer-Prize winning writer, and author of the book “Prairie Fires: The American Dreams of Laura Ingalls Wilder.” On this week’s show, Fraser talks to us about how Wilder reinvented American history, recast her own life, and what the books - and controversy over them - has to teach us.
2019-02-15	Tapping Into Twin Studies	29:20	https://www.podtrac.com/pts/redirect.mp3/dovetail.prxu.org/106/3a8daef6-3af1-4b11-9f5a-d87132fe2b5d/IHUB_AB_WEB_021619.mp3	Innovation Hub; Kara Miller; Nancy Segal; PRI; WGBH; genes; research; segment; twins	Seeing double? It’s not your imagination - birth rates of twins have been rising sharply, and twin studies are now, more than ever, influencing various disciplines. Everyone from economists, to religious scholars, to scientists see the value in studying twins. Nancy Segal, author of “Born Together-Reared Apart: The Landmark Minnesota Twin Study,” talks to us about the far-reaching effects of twins. And if you’re not a twin yourself, don’t feel left out, because what we learn from twins can lead to breakthroughs that impact us all. Segal, a professor of psychology at California State University, Fullerton, explains how twins can teach us about nature vs. nurture, parenting styles, and preventative medicine.
2019-02-15	Full Show: Twice Told Tales	50:12	https://www.podtrac.com/pts/redirect.mp3/dovetail.prxu.org/106/63463c55-5179-4300-b695-d52d358b69d9/IHUB_FULL_SHOW_WEB_BB_021619.mp3	Full Show; Innovation Hub; Kara Miller; Little House on the Prairie; PRI; WGBH; science; story; twins	First, we revisit a classic debate: nature vs. nurture. One way to settle it? Through the lens of twin studies, which have opened up some curious revelations about how our genes affect us. Next, we turn to the 19th-century Midwest, and look at how Laura Ingalls Wilder reframed American history in the ‘Little House’ house series. Then, you sent us a whole lot of feedback about a recent segment on whether we spend too much money on education in the U.S. - and whether college educations are overvalued. Here’s some of it.
2019-02-08	Full Show: Changing Landscapes (Rerun)	48:54	https://www.podtrac.com/pts/redirect.mp3/dovetail.prxu.org/106/3b4735d1-e951-432d-8ef6-dcddd692b5d1/IHUB_FULL_SHOW_WEB_BB_REV1.mp3	Dawn Raffel; Full Show; Jonathan Haidt; Lisa Margonelli; babies; termites	Are college kids becoming more fragile? Social psychologist Jonathan Haidt says yes. And he connects the change to parenting, polarization, and campus politics. How a Coney Island sideshow helped save infants’ lives. Termites! They may be super gross… but we can also learn a lot from them.
2019-02-01	Why The Value Of Education Is Overblown	29:58	https://www.podtrac.com/pts/redirect.mp3/dovetail.prxu.org/106/25413c0c-ae8c-4d2a-b4bf-22813e3e8e5c/IHUB_AB_WEB_020219.mp3	Bryan Caplan; Segment; college; educatioon; higher education	We hear all the time about the gap between those with college degrees and those without. In 2015, the gap hit a record high: people who finished college earned 56 percent more than those who didn’t (other sources have the percentage even higher, including scholar Bryan Caplan). Over the past few years, then-President Barack Obama and Senator Bernie Sanders proposed bills to either increase college attainment or make public colleges tuition-free for all. But Caplan is a contrarian on this topic. He says that “the world might be better off without college for everyone,” and believes it’s time to rethink our current approach to higher education. Caplan is a professor of economics at George Mason University, and author of “The Case Against Education: Why The Education System Is A Waste of Time and Money” On this week’s show, he talks to us about why so many college graduates struggle to find a job, why employers increasingly require college degrees (or higher) from job applicants, and why he thinks that cutting government funding for education is the best solution.
2019-02-01	Rethinking Reddit’s Radicalism	18:17	https://www.podtrac.com/pts/redirect.mp3/dovetail.prxu.org/106/46dc3c55-8ed7-42b6-89a7-130121a3a4ab/IHUB_CSEG_WEB_020219.mp3	Christine Lagorio-Chafkin; Reddit; Segment; online free speech	Reddit is the fifth most popular website in the U.S. and has become a focal point when discussing the intersection of technology and free speech. Communities on Reddit host lighter topics, ranging from financial advice to gardening. But it also has a dark side. Reddit has been known as a breeding ground for racist, sexist, and obscene dialogue. On a site where members have free reign to vote on what content is most interesting, Reddit can be viewed as a canary in the coal mine for issues that have roiled the tech world. Christine Lagorio-Chafkin, author of new book “We Are The Nerds: The Birth and Tumultuous Life of Reddit, the Internet’s Culture Laboratory” describes the origin of Reddit and what its successes and shortcomings can teach us.
2019-02-01	Full Show: Blackboards And Message Boards 	49:44	https://www.podtrac.com/pts/redirect.mp3/dovetail.prxu.org/106/17896f62-a09c-4779-aaa1-5522d333340d/IHUB_FULL_SHOW_WEB_BB_020219.mp3	Bryan Caplan; Full Show; Christine Lagorio-Chafkin; Reddit; college; education; free speech	First, what does a well-rounded education mean to you? Does it make you smarter? Or are you simply jumping through hoops to try and impress future employers? George Mason University economist Bryan Caplan argues that the way the system is set up, it’s mostly become a hoop-jumping exercise. Then, it’s not that hard to imagine a place where ordinary people - not editors - determine the news. But when the website Reddit first launched in the mid-2000s, the idea was groundbreaking and few could imagine the enormous influence the company would have.
2019-01-25	Waiting Really Is The Hardest Part	20:30	https://www.podtrac.com/pts/redirect.mp3/dovetail.prxu.org/106/00622a53-06c4-444f-aca6-a0b0775b5b6a/IHUB_CSEG_WEB_012619.mp3	Henry VIII; Jason Farman; Segment; Waiting; pneumatic tubes	If you’ve ever been in line at the DMV, had your flight delayed, desperately needed an email reply to come NOW, or had a YouTube video buffer for more than a couple seconds, you know that waiting is awful. But what can we learn from it? According to Jason Farman, author of “Delayed Response: The Art of Waiting from the Ancient to the Instant World,” the answer is quite a lot. And it touches on everything from aboriginal message sticks, to pneumatic tubes, to loading icons.
2019-01-25	Inventing A United States Of Europe	27:55	https://www.podtrac.com/pts/redirect.mp3/dovetail.prxu.org/106/c82dfe4b-334c-4942-8f5a-50a3d9489131/IHUB_AB_WEB_012619.mp3	Brexit; European Union; Gillian Tett; Mark Blyth; Segment	The vision of a united Europe was born out of the ashes of the Second World War. Early supporters included former British prime minister Winston Churchill, who was one of the first to champion the idea of a “United States of Europe.” The European Union is now a vast political and economic union of 28 member countries and, with more than 500 million people, its combined population is the third largest in the world after China and India. But the European Union did not begin as a large political project - rather as a series of small steps in an American effort to promote postwar security, according to Mark Blyth, professor of international economics at Brown University. As politicians in Britain struggle with the details of their country’s divorce from the European Union, two and a half years after the Brexit referendum, Gillian Tett, U.S. managing editor of the Financial Times, and Blyth discuss the forces uniting Europe and the many issues threatening to tear it apart.
2019-01-25	Full Show: A Work In Progress 	49:32	https://www.podtrac.com/pts/redirect.mp3/dovetail.prxu.org/106/cb5be217-d607-45f0-b754-fd3476002277/IHUB_FULL_SHOW_WEB_BB_012619.mp3	Brexit; European Union; Full Show; Gillian Tett; Henry VIII; Jason Farman; Mark Blyth; waiting	Brexit is just one of many issues threatening to tear the European Union apart. But where did the idea of European integration come from and was the concept doomed from the start? We talk to Gillian Tett from the Financial Times and Brown University’s Mark Blyth about the past, present and future of the EU. Then, ever text your crush and stare anxiously at your phone until he or she responded? As society and technology evolves, our expectations for wait times are changing too. And the result is a whole lot of impatience.
2019-01-18	Why We Care About Fictional Characters 	19:39	https://www.podtrac.com/pts/redirect.mp3/dovetail.prxu.org/106/ae7f9441-8cc0-45e9-b389-9cd8d2605f9e/IHUB_REV2_CSEG_WEB_011919.mp3	TV; William Flesch; biological evolution; fiction; film; movie; segment	Finding out that Darth Vader is Luke Skywalker’s father probably didn’t have any practical implications for your life. It didn’t translate into a raise at work or help you lose 15 pounds. So why do we care so much about the fates of fictional characters? William Flesch is the author of the book “Comeuppance: Costly Signaling, Altruistic Punishment, and Other Biological Components of Fiction.” He argues that we root for good guys and gals because we love making bets on people. And, once we make those bets, it’s imperative that we are proven right.
2019-01-18	A Technological Fix For Broken Politics	29:07	https://www.podtrac.com/pts/redirect.mp3/dovetail.prxu.org/106/87dffb3f-f2b5-442d-94e4-fbb5f750ea72/IHUB_AB_WEB_011919.mp3	Jill Lepore; TV; history; politics; radio; segment; technology; twitter	There has been a continuous problem, dating back to founding of the United States, according to Jill Lepore, a professor of American history at Harvard University. Lepore, the author of “These Truths: A History of the United States,” says Americans have had tremendous faith in the notion that technological innovations could heal our divisions and fix political problems. But that faith has frequently been misplaced or misguided. And ethical conversations around how to keep newspapers, radio, TV and other technologies in check, often come too late.
2019-01-18	 Full Show: Fact In Fiction	50:08	https://www.podtrac.com/pts/redirect.mp3/dovetail.prxu.org/106/69058c32-c56a-4097-a960-9dbe5fc93070/IHUB_FULL_SHOW_WEB_BB_011919.mp3	Casablanca; FDR; Full Show; Jill Lepore; Radio; Twitter; William Flesch; fiction; history	First, whether it’s FDR reassuring the nation through radio or Trump talking about hamburgers on Twitter, new technologies have always impacted American politics. Historian Jill Lepore walks us through the interactions between the machine of government and the tech we think can make that machine run better. Hint: it rarely works out as we anticipate. Then, if you really, absolutely, can’t wait to know who’s going to end up on the Iron Throne… well, there’s a scientific reason you care so much about fictional characters. Scholar William Flesch explains what makes us so involved in shows like The Wire , All In The Family , and yes, Game of Thrones . And finally, we hear from you. We got a lot of responses to our recent segment about the surge in extracurricular math programs for K-12 students. And we’ll hear why math is too often a stumbling block for students hoping to get college degrees.
2019-01-11	When Fashion Meets Tech: How One Company Is Transforming Our Closet	12:09	https://www.podtrac.com/pts/redirect.mp3/dovetail.prxu.org/106/6730165f-4a64-4f3f-af47-fb10fc5c25d9/IHUB_CSEG_WEB_011219.mp3	Ministry of Supply; Museum of Science; Segment; clothing; technology	Right now, there’s a wearable device for pretty much everything. Fitbits track your footsteps. Virtual reality headsets can transport you anywhere in the world. There’s even jewelry that lets others know when you’re in danger. But there isn’t much tech in the things we’re already wearing: clothes. We visit the Ministry of Supply, a company that’s trying to mix high-tech and apparel, and talk with the company’s founders, Gihan Amarasiriwardena and Aman Advani.
2019-01-11	The Rise of the Sea Barons	14:35	https://www.podtrac.com/pts/redirect.mp3/dovetail.prxu.org/106/d99b60a9-5178-4c7d-8aa8-b12155e49e7d/IHUB_BSEG_WEB_011219.mp3	American trade; Segment; Steven Ujifusa clipper ships	Back in the mid-19th century, some American entrepreneurs sailed halfway around the world - to China - to make their fortunes. These merchants would later build dynasties back home by investing money in promising American industries, including railroads and coal, as well as new technologies, like the telegraph. It was the invention of the clipper ship that made it all possible. These were ships that were built for speed and profit, a profit that came not just by importing goods like tea to the U.S., but also by smuggling opium to China. We talk with Steven Ujifusa, a historian and author of “Barons of the Sea: And their Race to Build the World’s Fastest Clipper Ship,” about these vessels - which once raced across the ocean - and the owners who used them to reshape America.
2019-01-11	Full Show: Trying to Keep Up 	49:42	https://www.podtrac.com/pts/redirect.mp3/dovetail.prxu.org/106/c1c6618a-090b-45f2-beed-48363a4f9575/IHUB_FULL_SHOW_WEB_BB_011219.mp3	Dariush Mozaffarian; Full Show; Ministry of Supply; Museum of Science; Steven Ujifusa; clipper ships; clothing fashion; nutrition	First, it might be tough to keep up with your New Year’s resolutions - especially if they have to do with dieting. But here’s some good news: some fats may be a lot better for you than you think and calorie counting isn’t all it’s cracked up to be. We take a look at the latest developments in nutrition science, and explain what it all means for your waistline. Then, we take a trip on the high seas and ask the question: How did America become such a dominant figure in global trade? As author Steven Ujifusa explains, you can thank some daring fortune hunters - and 19th-century clipper ships. Next, if you open up your closet, you might notice your clothes aren’t much different from what your grandparents wore. Shirts? Check. Dresses? Check. Pants? Double check. But what if someone combined technology and clothing, like jackets that adapt to your body temperature? We meet the hackers who are doing just that.
2019-01-11	Eat Smarter, Eat Healthier	21:14	https://www.podtrac.com/pts/redirect.mp3/dovetail.prxu.org/106/20c1a2ee-78cc-465c-ae4f-0617bbc8f7d9/IHUB_ASEG_WEB_011219.mp3	Dariush Mozaffarian; New Year's resolutions; Segment; nutrition	When it comes to losing weight or maintaining a healthy diet, many of us have chosen to go either low-calorie or low-fat. But recent research has started to upend nutrition science, reframing our notions of “healthy” eating, according to Dariush Mozaffarian, a cardiologist and Dean of the Friedman School of Nutrition Science and Policy at Tufts University. Mozaffarian explains why the science is changing, when a calorie isn’t just a calorie, how fat could be a lot better than we think, and why he believes that government should play a much bigger role in influencing our food choices.
2019-01-04	When It Comes to Learning Language, Age Isn’t Just A Number 	12:06	https://www.podtrac.com/pts/redirect.mp3/dovetail.prxu.org/106/fa598078-c3af-4518-8e72-6c0784704029/IHUB_BSEG_WEB_010519.mp3	Education; Joshua Hartshorne; Learning; language; segment	Learning a second language is tough. You have to consider grammar, pronunciation, and, sometimes, words that don’t even exist in your native language. And the conventional wisdom had been: if you want a child to learn a second language, start them as young as possible. But a new study has found that there’s a little more leeway than we originally thought. We talk with Boston College assistant psychology professor Joshua Hartshorne about his and his colleagues’ research and what it means for aspiring hyperpolyglots.
2019-01-04	Full Show: New Year, New Ways Of Learning 	49:36	https://www.podtrac.com/pts/redirect.mp3/dovetail.prxu.org/106/a406401a-14e0-4118-9bc5-d4eeede24588/IHUB_FULL_SHOW_WEB_BB_010519.mp3	Education; Full Show; Learning; Math; New Year; language; new skills	The New Year is often seen as a blank slate. It’s a way to start fresh and maybe accomplish those goals you’ve been putting off for the last 365 days. But how you learn is just as important as what you learn. Our show this week will get you ready to tackle whatever is on your agenda. First, if you truly want to learn better, put down the highlighter. Author Ulrich Boser says strategies such as memorization and underlining passages in a book are outdated methods of studying. He proposes a six-step method to learning new skills, so that they truly stick. Next, we take you back to 10th-grade Spanish class. Kind of. A new study pinpoints when language-learning skills start to decline - and what that means for aspiring hyperpolyglots. Then, if you considered math to be a four-letter word when you were a kid... you’re not alone. But there’s now a program that might be able to engage kids in a new way. Innovation Hub Senior Producer Elizabeth Ross reports on the Russian School of Mathematics, an fast-spreading extracurricular offering that’s helping some students master advanced math.
2019-01-04	Do Extracurricular Math Programs Add Up?	19:07	https://www.podtrac.com/pts/redirect.mp3/dovetail.prxu.org/106/9a2f6bc4-7d7a-427f-a5dc-c4ec3b11d029/IHUB_CSEG_WEB_010519.mp3	Education; Jon Star; Masha Gershman; Math; Russian; segment	The U.S. does not fare well in math when compared with other industrialized nations, as demonstrated by international tests like the PISA. So, for parents who want to help their students get ahead in math and can afford it, after-school programs that focus deeply on the subject have become attractive. There are plenty of extracurricular math programs around, but one run by the Russian School of Mathematics (RSM) for students from kindergarten through 12th grade, is particularly popular, serving over 30,000 students around the country. (Innovation Hub senior producer, Elizabeth Ross, visited the program’s headquarters in Newton, Massachusetts and found a lot of enthusiastic students and parents, as you’ll hear in our report.) Masha Gershman, the director of outreach at the Russian School of Mathematics and the daughter of one of its co-founders, says that the former Soviet Union’s method of math instruction has a lot to teach American kids, particularly when it comes to higher-level and conceptual learning. But Jon Star, a professor at the Harvard Graduate School of Education, argues that many American parents - especially those in affluent suburbs where such extracurricular programs are popular - should ask themselves why they’re enrolling their kids in after-school math. It probably shouldn’t just be to get ahead in school - or to keep up with the neighbors. It should have to do with an intrinsic love of the subject.
2019-01-04	Becoming An Effective Learner	16:54	https://www.podtrac.com/pts/redirect.mp3/dovetail.prxu.org/106/68a25d52-fb8f-4b54-99cc-2dc45bdaea35/IHUB_ASEG_WEB_010519.mp3	Education; Learning; Ulrich Boser; learn better; segment	You’ve probably experienced this: it’s high school, the night before an exam, and you’ve got a 500-page textbook in your left hand and highlighters in your right hand. You have highlighted all the important information in the book, and there isn’t a whole lot of white space left. Unfortunately, you’re not sure that you’ve absorbed any of the material in a meaningful way. Turns out, there is little evidence that highlighting and underlining material in books is a good strategy for successful learning, according to Ulrich Boser, a senior fellow at the Center for American Progress, and the author of the book “Learn Better.” Boser talks to us about the science of learning, and how we can absorb information more effectively.
2018-12-28	Full Show: Starting From Scratch (Rerun) 	48:51	https://www.podtrac.com/pts/redirect.mp3/dovetail.prxu.org/106/2903f74e-bd3d-4964-a8c8-fcae6cb2b1f4/IHUB_FULL_SHOW_WEB_BB_122918.mp3	David Wessel; Full Show; Katherine Benton-Cohen; Nathan Jensen; corporate consolidation; government incentives; immigration policies	Today, American voters are likely to describe issues about immigration as a major concern, and much of that concern began with a landmark commission a century ago. Author Katherine Benton-Cohen discusses how America transformed from a country with relaxed immigration policies to one with a massive, new immigration infrastructure. Beer, airlines, retail, and many other industries are increasingly controlled by a few big players. The Brookings Institution’s David Wessel explains how corporate consolidation happens. And why it can lead to less competition, higher prices, lower wages... and less creative thinking. When Amazon was looking for a home for its second headquarters, multiple cities and states offered billions of dollars in tax incentives to woo the company. But Nathan Jensen, a professor of government at the University of Texas, questions whether government incentives to attract big companies are worth it in the end.
2018-12-21	Full Show: Finding Order In Chaos (Rerun)	49:22	https://www.podtrac.com/pts/redirect.mp3/dovetail.prxu.org/106/077ebd39-999e-4f9a-8e87-1c46a9514a91/IHUB_FULL_SHOW_WEB_BB_122218.mp3	Andrew Leigh; Darwin; Gabriela Tonietto; Iain McCalman; Meetings; Random	First: Scurvy. Website design. Store promotions. Turns out, randomized trials affect many parts of our daily lives. Then: The Origin of Species… actually has a pretty interesting - and unexpected - origin. Finally: In news that shouldn’t shock anyone who has ever been to a meeting, they can make you less productive. But how about the toll they take even before they start?
2018-12-14	Full Show: Watch What You Eat (Rerun) 	49:25	https://www.podtrac.com/pts/redirect.mp3/dovetail.prxu.org/106/53e2fe38-2d08-4bb6-b1e4-24afcf789142/IHUB_FULL_SHOW_WEB_BB_121518.mp3	Allen Salkin; Eddie Yoon; Food; Full show; Paul Freedman; Restaurants; Sara Moulton	Today, the Food Network is a touchstone of the entertainment industry. But it took a decade for the channel to make money. Chef Sara Moulton and author Allen Salkin tell us about the rise and influence of the cooking channel. Plus: If you use Uber Eats more than you use your stove, you're in good company — 90 percent of Americans either don't like to cook or are on the fence about it. With cooking becoming more hobby than necessity, we look at how the food industry is trying to keep up. Finally: 100 years ago, Schrafft's restaurants transformed dining out — by letting women eat with other women. Yale historian Paul Freedman talks with us about the restaurants that changed the way America eats.
2018-12-07	Reimagining Health Care 	29:19	https://www.podtrac.com/pts/redirect.mp3/dovetail.prxu.org/106/57cf5439-496d-4f0a-9bb2-02d83c0ef96d/IHUB_AB_WEB_120818.mp3	Affordable Care Act; Jon Gruber; Midterms; Sarah Kliff; Segment; health care	A potent issue dominated the midterms this fall: health care. It was a top concern for voters, and it ultimately shaped the outcome of races across the country. Jonathan Gruber, an economics professor at MIT and an architect of the Affordable Care Act, and Sarah Kliff, senior policy correspondent at Vox and host of the podcast The Impact, weigh in on the future of health care. With a divided Congress, Kliff and Gruber suggest that state governments and possibly the private sector will be the places to watch for reform in the short-term.
2018-12-07	Far More Than A Bed And A Bath 	18:30	https://www.podtrac.com/pts/redirect.mp3/dovetail.prxu.org/106/4f09b538-a586-4b73-b113-cffa7854b847/IHUB_CSEG_WEB_120818.mp3	A.K. Sandoval-Strausz; history; hotels; segment	After he was elected, President George Washington traveled through our newly-formed country. And along the way, he stayed at a series of inns and taverns. How did they stack up? Well, let’s just say our first president wasn’t much kinder than a modern-day disgruntled Yelp reviewer about his experiences. Washington wrote in his diary that he found, “No rooms or beds which appeared tolerable.” While places to stay were rudimentary during Washington’s day, hotels eventually came to signify American progress. A.K. Sandoval-Strausz, an associate professor of history at Penn State and the author of “Hotel: An American History,” talks about how entrepreneurs in the early United States invented hotels, the hospitality industry, and how, in turn, hotels influenced American culture and commerce.
2018-12-07	 Full Show: Change In Unexpected Places	49:44	https://www.podtrac.com/pts/redirect.mp3/dovetail.prxu.org/106/fde47cc1-c4c0-4430-b8e5-a07d852ce820/IHUB_FULL_SHOW_WEB_BB_120818.mp3	A.K. Sandoval-Strausz; Affordable Care Act; Full Show; Jon Gruber; Sarah Kliff; health care; hotels	First, a look at creative efforts to improve our health care system at the local level. Jon Gruber, an architect of the Affordable Care Act, and Sarah Kliff, a senior policy correspondent at Vox, discuss innovative steps that some states are taking to control health care costs and improve outcomes, including an effort to reduce the rate of premature birth. Hotels have shaped American life from the Civil War to the civil rights movement. A.K. Sandoval-Strausz, author of “Hotel: An American History,” explains why the U.S. invented the modern hotel - and how the industry has influenced our country.
2018-11-30	Tracking Trends in Charitable Giving	15:22	https://www.podtrac.com/pts/redirect.mp3/dovetail.prxu.org/106/99655daa-d1bc-429e-b8a6-5f65c74ec026/IHUB_BSEG_WEB_120118.mp3	Stacy Palmer; charity; giving Tuesday; money; philanthropy; segment	The Chronicle of Philanthropy has long kept tabs on charitable giving, but recently the publication unveiled a new ranking, which reveals that how we give and who is giving has been radically upended in America. Stacy Palmer, the editor of the Chronicle of Philanthropy, discusses the current trends in giving and what they reveal about our country - including the growing economic divide in the wake of the Great Recession. And she offers some advice about how to choose causes that make a real difference.
2018-11-30	Marinating In Plastics	20:43	https://www.podtrac.com/pts/redirect.mp3/dovetail.prxu.org/106/351994e8-f56d-4347-8bc5-a8dffb59264d/IHUB_ASEG_WEB_120118.mp3	Segment; Susan Freinkel; The Graduate; plastics	Plastics are colorful, shiny, and flexible. They can also be sturdy, monochrome, and opaque. They come in different shapes and sizes, too. In fact, we’ve become so good at creating and molding plastics into whatever we want them to be that author Susan Freinkel says: it’s hard to imagine a world without them. In her book, Plastics: A Toxic Love Story, Freinkel chronicles the history of plastics and explores how, for better or worse, the material shapes our lives.
2018-11-30	Full Show: What Is It Worth To You?	49:55	https://www.podtrac.com/pts/redirect.mp3/dovetail.prxu.org/106/6aed0cbf-ff56-4a4f-b56f-c9e0978e4c70/IHUB_FULL_SHOW_WEB_BB_120118.mp3	Full Show; Rosemary Gibson; Stacy Palmer; Susan Freinkel; china; pharmaceuticals; philanthropy; plastics	Whether you like it or not, our life is made of plastic. It’s a material we use for almost everything, from toothbrushes to spacecrafts. But its convenience and low costs might not outweigh the effects it has on our health and environment. Science journalist Susan Freinkel walks us through the history of how we fell in love with plastics and considers the risks they pose. In the past, you might have seen your grandfather sending checks to a big charity every year, but charitable priorities are changing. Stacy Palmer, editor of the Chronicle of Philanthropy, explains how social, technological, and cultural changes have impacted who is giving and who is receiving... and just how much. You’ve probably seen a “Made in China” label on your T-shirt, your electronics, and in children’s toys. But did you know that when you get your medicine from a local drug store, it may well have traveled all the way from China? Rosemary Gibson, author of “China Rx: Exposing the Risks of America’s Dependence on China for Medicine,” talks about how China became the world’s pharmacy, the risks posed by America losing control of its medicine supply, and the case for bringing some drug manufacturing back to the U.S.
2018-11-30	China: Pharmacy To The World	12:31	https://www.podtrac.com/pts/redirect.mp3/dovetail.prxu.org/106/f4ae02c1-f2da-4ef4-ac9d-c0c09fa24f3c/IHUB_CSEG_WEB_REV_120118.mp3	China; Rosemary Gibson; medicine; pharmaceuticals; segment	In the ‘90s, most of the world’s medicines were manufactured in the United States, Europe and Japan. Today, almost 80% of them come from China. In her book, “China Rx: Exposing The Risks Of America’s Dependence On China For Medicine,” Rosemary Gibson says that China is becoming the world’s pharmacy, but that development, she argues, comes with many risks.
2018-11-23	Full Show: Manufacturing The Mind	48:55	https://www.podtrac.com/pts/redirect.mp3/dovetail.prxu.org/106/af686304-1e76-4ad6-8ff8-76a2f43bf4ca/IHUB_FULL_SHOW_WEB_BB_THANKSGIVING.mp3	Full Show; Joshua Freeman; Krystine Batcho; Simmons College; factories; libraries; livingston manor; nostalgia	First: ‘Tis the season for giving and sharing… and holiday shopping. Whether it’s toys, clothes, books, or electronics, chances are that most of these items were manufactured in factories. Joshua Freeman walks us through the history of factories, and how they continue to shape our modern world. Next: Do you ever find yourself flipping through photo albums and feeling nostalgic for old times? Well, according to Krystine Batcho, longing for the past can shape how we think about the present. And in some case, it can be beneficial. Finally: In the era of fake news and sensationalist media, public trust in local and national news outlets is waning. But libraries are increasingly coming to the rescue and in the process are steadily reshaping the face of journalism.
2018-11-16	Motown: The History Of A Hit Factory	24:27	https://www.podtrac.com/pts/redirect.mp3/dovetail.prxu.org/106/b3073615-ece8-4aa7-9955-4c601f476a3f/IHUB_AB_WEB_111718.mp3	Adam White; Berry Gordy Jr; Diana Ross; Marvin Gaye; Motown; Segment	Shortly after Michael Jackson died in 2009, Helen Brown, a music critic for the Daily Telegraph wrote that the Jackson 5’s 1969 single “I Want You Back,” is “certainly the fastest man-made route to pure joy.” And while Michael, Tito, Jermaine, Marlon, and Jackie may have stolen the spotlight, the group - like so many others - emerged from a hit factory created by a man named Berry Gordy Jr. Gordy founded Motown after stints as a boxer and as a worker in a Lincoln-Mercury plant. And he quickly turned the label into a force to be reckoned with, drawing on a formula of quality control he had learned at the auto factory, taking raw talent like Diana Ross and Smokey Robinson, and refining them into international stars. As a result, Motown became one of the most successful black-owned music companies in American history. We talk to music journalist Adam White, author of “Motown: The Sound of Young America,” about Gordy’s meteoric rise and his lasting legacy.
2018-11-16	Full Show: Heart And Soul 	50:01	https://www.podtrac.com/pts/redirect.mp3/dovetail.prxu.org/106/b2831a82-cac0-4dfc-80e5-d31c869986dc/IHUB_FULL_SHOW_WEB_BB_111718.mp3	Adam White; Berry Gordy Jr; Diana Ross; Full Show; Marvin Gaye; Motown; Sandeep Jauhar; heart	First, in the late 1950s, Berry Gordy Jr. - who had worked for Ford Motor Company, been a boxer, and owned a record store - had a vision. He wanted to introduce the world to a new sound: the sound of Motown. And with every hit he produced, Gordy slowly but surely began to transform American culture. Then, we know that the heart is a symbol of love and emotion. But for doctors, of course, the heart is a sensitive and vital organ that affects the entire body. Cardiologist and author Sandeep Jauhar argues that the health of our hearts depends not just on things like cholesterol and blood pressure but also on psychosocial factors - including friendship, affection, and community.
2018-11-16	Fixing A Broken Heart 	23:55	https://www.podtrac.com/pts/redirect.mp3/dovetail.prxu.org/106/44449e48-fe81-4b54-b7e6-213be723e96e/IHUB_CSEG_WEB_111718_REV.mp3	Harry Truman; Sandeep Jauhar; Segment; hearts	The Grinch’s is two sizes too small. All Green wants to know how you can mend a broken one. You can destroy them, steal them, break them. They can pine or ache or wander. Suffice it to say, hearts are a big part of our culture. After all, though our kidneys are vital, there aren’t many pop songs about them. Still, as important as they are to our culture, our hearts are even more important to our health. Heart disease is the leading cause of death in the United States, and chances are that you know someone who has been affected by heart issues. Dr. Sandeep Jauhar, the director of the Heart Failure Program at Long Island Jewish Medical Center and author of “Heart: A History,” takes a look at how we address heart health, and how we could do better.
2018-11-09	The American Family - Older And Smaller / Listener Comments 	24:07	https://www.podtrac.com/pts/redirect.mp3/dovetail.prxu.org/106/6a57f3c9-c59e-4668-aeb8-7f3d2e58bb3d/IHUB_ASEG_WEB_111018.mp3	Caitlin Knowles Myers; Claire Cain Miller; birth rates; family	T he American family is changing in many different ways. But one of the most important is that, on average, American women are giving birth later. And birth rates have hit a 30-year low. In the early 1970s, the average age of first-time moms was 21… it’s now 26. The same trend is impacting fathers - their age has gone from 27 to 31 over the same time period. But why did this change happen? And what does it mean for our society, our economy, and our families? To find out, we talked to Caitlin Knowles Myers, an economist at Middlebury College who’s studied female fertility, and Claire Cain Miller, a correspondent for The New York Times who’s written extensively about the topic. Then, dear listeners, you had some thoughts about our show regarding the future of work. We’ve highlighted some of your workplace experiences with technology. Both the good and the bad.
2018-11-09	Testing Who You Are	23:58	https://www.podtrac.com/pts/redirect.mp3/dovetail.prxu.org/106/163678c6-32ea-4555-83c3-5d5b5653a254/IHUB_CSEG_WEB_111018.mp3	Merve Emre; Myers-Brigss Type Indicator; personality Tests	If you were asked to describe your personality, you might choose words such as “funny” and “outgoing,” or “shy” and “quiet.” But what if those were not quite the right words? The Myers-Briggs - which many of us have taken - promises to assess your personality, and assign you a specific “type.” In her book, “The Personality Brokers: The Strange History of Myers-Briggs and the birth of Personality Testing” Merve Emre examines the Myers-Briggs Type Indicator (which is its full name), and how it has transformed the way we think about ourselves and those around us.
2018-11-09	Full Show: Cultural Shifts 	49:39	https://www.podtrac.com/pts/redirect.mp3/dovetail.prxu.org/106/a5533d2c-8340-46d3-b3d0-3ebac6820260/IHUB_FULL_SHOW_WEB_BB_111018.mp3	Birth data; Caitlin Knowles Myers; Claire Cain Miller; Myers-Briggs Type Indicator; Personality tests; future of work	First: in the early 1970s, the average age of first-time moms was 21. Now, the average is 26. We talk with economist Caitlin Knowles Myers and New York Times correspondent Claire Cain Miller about why so many couples are putting off having kids and we also consider how education, politics and geography intersect with that decision. Next, dear listeners, you had some thoughts about our show regarding the future of work. We’ve highlighted some of your workplace experiences with technology. Both the good and the bad.** ** Then: what if a personality test dictated the course of your career? For many, over the past several decades, the Myers-Briggs did just that. And it opened the door for personality testing in corporate America, the military, and even the church.
2018-11-02	Full Show: Cutting It Down To Size (Rebroadcast)	49:38	https://www.podtrac.com/pts/redirect.mp3/dovetail.prxu.org/106/f9608fe0-482a-43cb-b03b-1bc583dfe987/IHUB_FULL_SHOW_WEB_BB_110318.mp3	Carolyn Parkinson; Robert Atkinson; Simon Winchester; big business; friendship; precision engineering	First, small businesses are the backbone of America. Or are they? Economist Robert Atkinson wants you to hold your horses and think again. He says we often favor small businesses and villainize large corporations, despite the fact that being big may enable companies to potentially contribute more to diversity, fair wages, and more generous employee benefits. Next, many of us may have a bit of a precision fetish, according to author Simon Winchester. Consider car commercials or watches that tout precision engineering. But how did we get to a place where precision has become so important? Winchester notes that it goes all the way back to the 18th century. And without precision engineering - without replaceable batteries and reliable mass production - our lives would be very, very different. Then, you and your best friends have more in common than you probably think. In fact, it’s likely your brain and your friend’s brain react in really similar ways to certain prompts. UCLA’s Carolyn Parkinson compared brain activity among friends and acquaintances and found that buddies are bound by more than social surroundings. And heads up, our genes determine our friendships, too.
2018-10-26	The Long History Of The Gig Economy	17:59	https://www.podtrac.com/pts/redirect.mp3/dovetail.prxu.org/106/71f2659a-bf6d-475b-9d1b-5dddc36cd68d/IHUB_BSEG_WEB_102718.mp3	Louis Hyman; Manpower; Temp workers	When you hear the term “gig economy,” you probably think of Uber or Lyft or Postmates - companies that have used apps to disrupt industries and create an army of 1099 workers. But according to Louis Hyman, a Cornell University historian and author of “Temp: How American Work, American Business, and the American Dream Became Temporary,” the gig economy is a lot bigger than Silicon Valley. And it has a much longer history than you might think.
2018-10-26	The Brains Behind Automation 	16:48	https://www.podtrac.com/pts/redirect.mp3/dovetail.prxu.org/106/f7180f83-83d1-4521-808f-68b90bdc329f/IHUB_CSEG_WEB_102718.mp3	Daniel Theobald; Melissa Flagg; automation; robots; workplace	We constantly hear that technology is killing opportunities in the workplace. But reports by the World Economic Forum and Deloitte have shown that automation is creating — and will continue to create — millions of jobs in fields like sales, IT services, and big data. But to really know how tech is affecting our lives, experts like Daniel Theobald and Melissa Flagg say we need to focus less on the 30,000-foot view of the industry and more on what is going on at the ground level. We talk to Theobald, Vecna Robotics’ co-founder and Chief Innovation Officer as well as Flagg, the Northeast regional lead at the U.S. Army Research Laboratory, about how we should be taking a ground-up approach to America’s technological development.
2018-10-26	Robotizing Swing States	13:02	https://www.podtrac.com/pts/redirect.mp3/dovetail.prxu.org/106/99558017-01d4-496a-82c4-ab96bb636084/IHUB_ASEG_WEB_102718.mp3	2018 midterms; Brian Alexander; Ohio; automation	With the midterms looming, both Democrats and Republicans are sweating out the home stretch in Congressional races across the country. And as in any election, there’s a lot of focus on swing states such as Ohio. In his 2017 book “Glass House: The 1% Economy and the Shattering of the of the All-American Town,” Brian Alexander returned home to Lancaster, Ohio to write about how the region has changed both politically and economically over the past few decades. He saw many in the industrial Midwest embrace Donald Trump as a candidate during the 2016 election. Recently, Alexander returned to Ohio to look at how politics, jobs and technology are shaping the Midwest on the eve of the 2018 midterms.
2018-10-26	Full Show: Votes, Jobs, and Tech 	49:37	https://www.podtrac.com/pts/redirect.mp3/dovetail.prxu.org/106/d433b838-9f47-4870-9315-5ec14bb8d931/IHUB_FULL_SHOW_WEB_BB_102718.mp3	Brian Alexander; Daniel Theobald; Louis Hyman; Melissa Flagg; automation; gig economy; work	First, swing states have a ton of power in determining control of Congress and many of the people living in those states have experienced the effects of automation in the workplace. Author Brian Alexander explains how technological progress has created fear, uncertainty, and shattered communities in swing states including Ohio. But it isn’t entirely fair to blame technology for *all *of our problems, including the challenges created by the gig economy. Historian Louis Hyman says temp work in America existed long before Uber and TaskRabbit. What do the people making robots or dreaming up new tech policy think of Americans’ conflicted feelings about what technological advances have meant for our economy? It’s complicated, but they say including more workers in conversations about new tech is crucial.
2018-10-19	The Evolution of American Privacy	19:09	https://www.podtrac.com/pts/redirect.mp3/dovetail.prxu.org/106/b0dbc51c-1c5d-49ac-a449-f66260b2e768/IHUB_ASEG_REV_WEB_102018.mp3	Privacy; Sarah Igo; poscards	Every day, it seems like there’s a new story about privacy: A Facebook hack that puts the private data of millions at risk. A years-long surveillance program of personal communications by the government. Endless concerns about how much of our lives we share on social media. With all this in the air, it can certainly feel like we have a lot less privacy nowadays. But is that really the case? Well, according to Vanderbilt professor Sarah Igo, author of “The Known Citizen: A History of Privacy in Modern America,” the answer is actually pretty complicated.
2018-10-19	The Blueprint For Social Movements 	15:01	https://www.podtrac.com/pts/redirect.mp3/dovetail.prxu.org/106/d271e540-b8a3-4d27-b1e4-0a9027707d39/IHUB_BSEG_WEB_102018.mp3	Leslie Crutchfield; cigarettes; gay marriage; gun rights; social movement	After Adam Lanza shot and killed 20 children and six adults at the Sandy Hook Elementary School in Newtown, Connecticut in 2012, activists may have thought that gun control at the federal level was a sure bet. But as the old saying goes, “there’s strength in numbers,” and the size of National Rifle Association’s membership has long outnumbered that of America’s gun reform groups. Leslie Crutchfield, the executive director of Georgetown University’s Global Social Enterprise Initiative, says high membership numbers is a matter of strategy. It doesn’t matter if the message is pro-Second Amendment, pro-gay marriage or anti-smoking. Those who know how to play the game get results. We talk to Crutchfield, who outlines social movement strategy in her new book, “How Change Happens: Why Some Social Movements Succeed While Others Don’t.”
2018-10-19	Putting A Price On Water	13:12	https://www.podtrac.com/pts/redirect.mp3/dovetail.prxu.org/106/55e7b8a0-978e-47f8-902c-603f5fc3ed0c/IHUB_CSEG_WEB_102018.mp3		If you try to imagine what a dystopian future would look like, you might conjure up aliens invading Earth, or robots overpowering humans. But according to author Seamus McGraw, the problems of the future are more down-to-earth than some may imagine. In his book, “A Thirsty Land: The Making Of An American Water Crisis,” McGraw writes about how water scarcity in Texas could turn into a crisis that affects all Americans. And it could happen sooner rather than later.
2018-10-19	Full Show: Private Lives, Public Spaces 	48:48	https://www.podtrac.com/pts/redirect.mp3/dovetail.prxu.org/106/ea156e78-240b-4ef3-839b-7d98f68b62ae/IHUB_FULL_SHOW_WEB_BB_102018.mp3	Leslie Crutchfield; Sarah Igo; Seamus McGraw; Texas; privacy; social movements; water	The story of privacy in America is long and fascinating. But suffice it to say, there was an uproar over postcards. Yes, postcards. What separates a successful movement, like the campaign for same-sex marriage, from a struggling movement, like the push for gun control? Too little water in some places. Too much in others. What Texas tells us about the future of water in America.
2018-10-12	The History Of A Forgotten Plague	11:27	https://www.podtrac.com/pts/redirect.mp3/dovetail.prxu.org/106/36d323f3-8514-4a7f-bdb9-643d853568b9/IHUB_REV_CSEG_WEB_101318.mp3	Laura Spinney; Spanish flu; epidemic	The Spanish Flu of 1918 killed between 50 and 100 million people. It infected a third of the world’s population. But it’s likely that, if you’re thinking of the most important events of the 20th century, the Spanish Flu probably doesn’t immediately spring to mind. Why is that? To find out, and to explore exactly how it reshaped society, we talked with Laura Spinney, author of the book “Pale Rader: The Spanish Flu of 1918 and How It Changed the World.”
2018-10-12	The Hidden Biology Behind Everything We Do	24:25	https://www.podtrac.com/pts/redirect.mp3/dovetail.prxu.org/106/4c9dd1a0-7cd7-4145-9ffe-005a7821e37a/IHUB_ASEG_WEB_101318.mp3	Robert Sapolsky; biology; free will	Humanity is simultaneously incredibly kind and incredibly violent. We commit indescribable atrocities, but also acts of incomprehensible compassion. There is both horror and beauty in our history. Which leads to the question… how do we reconcile this inherent contradiction? It all goes back to our biology, according to Robert Sapolsky, a neurobiologist at Stanford and author of the book “Behave: The Biology of Humans at Our Best and Worst.” In fact, all questions about human behavior are, at their core, about biology.
2018-10-12	Life, Liberty, And The Pursuit Of Corporate Happiness	12:20	https://www.podtrac.com/pts/redirect.mp3/dovetail.prxu.org/106/4f2af1ee-ffd2-47f7-9655-63d2d437c44a/IHUB_BSEG_WEB_101318.mp3	Adam Winkler; SCOTUS; Supreme Court; corporations	Former presidential candidate Mitt Romney famously declared that “corporations are people” while on the campaign trail in 2011. The Iowa State Fair crowd jeered him and Romney launched into a stammering defense. But, if you look at Supreme Court cases from the past 200 years, Romney’s assessment wasn’t too far off. Corporations may not be people, but they enjoy many of the same basic rights we do. We talk with UCLA law professor Adam Winkler about his book, “We The Corporations: How American Businesses Won their Civil Rights.”
2018-10-12	Full Show: A Sense Of Self	49:42	https://www.podtrac.com/pts/redirect.mp3/dovetail.prxu.org/106/39cb006c-dcda-452b-9711-9f64d6713eec/IHUB_FULL_SHOW_WEB_BB_101318.mp3	Adam Winkler; Laura Spinney; Robert Sapolsky; Spanish flu; Supreme Court; free will	Take credit for that killer PowerPoint presentation, or for running a 4-minute mile if you want. But at the end of the day, Robert Sapolsky says we don’t have a shred of free will. Next, corporations have fought tooth-and-nail to gain their civil rights and having the United States Supreme Court as an ally hasn’t hurt. Then, the Spanish flu of 1918 killed between 50 and 100 million people and, in the process, reshaped the world. Author Laura Spinney says it’s inevitable that we’ll see another epidemic.
2018-10-05	The One Way To Reduce Traffic	19:35	https://www.podtrac.com/pts/redirect.mp3/dovetail.prxu.org/106/36b68f55-e96d-4176-b75b-b922f9eda939/IHUB_ASEG_WEB_100818.mp3	Michael Manville; congestion pricing; traffic	Traffic is awful. It causes pollution, it makes people stressed, it costs cities and drivers billions of dollars… and if you’ve ever sat in a car, inching along a packed highway, you understand the toll it takes. So, how do we fix it? According to UCLA’s Michael Manville, there are a lot of proposed solutions, but only one - yes, one - really works.
2018-10-05	Science And Sin 	15:47	https://www.podtrac.com/pts/redirect.mp3/dovetail.prxu.org/106/be1c0219-a36b-44b8-813a-d4621fcffd6a/IHUB_CSEG_WEB_100818.mp3	Jack Lewis; religion; seven deadly sins	Religions have been studying human behavior for thousands of years - long before science got into the game. And for Christians, the seven deadly sins have offered a moral and social framework to get folks on the straight and narrow. Neuroscientist Jack Lewis says: we can use that framework to inform our future decisions. We talk to Lewis, author of the new book “The Science of Sin: Why We Do The Things We Know We Shouldn’t” about the biological side of this religious list.
2018-10-05	Full Show: The Devil Is In The Details	49:56	https://www.podtrac.com/pts/redirect.mp3/dovetail.prxu.org/106/f47e0bb2-e890-46a1-9610-0a5e8fc82afe/IHUB_FULL_SHOW_WEB_BB_100818.mp3	Dennis Campbell; Jack Lewis; Michael Manville; blue collar jobs; seven deadly sins; traffic	There actually IS a solution to traffic. UCLA’s Michael Manville tells us what it is. Blue collar workers are getting the short of the stick. Here’s how we can change that. Turns out, there’s some science behind sin.
2018-10-05	Blue-Collar Jobs, Redefined	12:04	https://www.podtrac.com/pts/redirect.mp3/dovetail.prxu.org/106/500b0564-9399-4b56-8208-f7e70a0c3850/IHUB_BSEG_WEB_100818.mp3	Dennis Campbell; blue collar jobs; profit sharing	Blue-collar jobs are changing. In the mid 20th century, many of these jobs were protected by unions and offered financial security. Today, both companies and employees are struggling to adjust to a turbulent economy; wages for lots of workers have barely kept pace with inflation. Economist Dennis Campbell thinks he’s found a solution. We talk to Campbell about a new economic model that could benefit everyone - and that focuses on sharing.
2018-09-28	The Difference Between Pleasure And Happiness	17:22	https://www.podtrac.com/pts/redirect.mp3/dovetail.prxu.org/106/765df45a-141f-410a-a06c-4fd1a7194edd/IHUB_BSEG_WEB_092918.mp3	Robert Lusting; addiction; happiness; pleasure	In the last few decades, Americans have become fat, sick, stupid, broke, depressed, addicted, and most decidedly unhappy. At least, that’s according to physician Robert Lustig, author of the book, “The Hacking of the American Mind. The Science Behind the Corporate Takeover of Our Bodies and Brains. He says that we’re facing four big crises in our country: a health care crisis, a social security crisis, an opioid crisis, and a depression crisis. And he argues that while these crises might seem different, they’re really all about the confusion of pleasure with happiness.
2018-09-28	How Small Problems Snowball Into Big Disasters	15:36	https://www.podtrac.com/pts/redirect.mp3/dovetail.prxu.org/106/7b0fe63c-5e5a-43f5-8a5a-301096d05bcb/IHUB_ASEG_WEB_092918.mp3	Chris Clearfield; Three Mile Island; systems	The Three Mile Island disaster forced hundreds of thousands of people to evacuate their homes. It absolutely dominated the news cycle. It led to a complete rethinking of nuclear energy. And it all stemmed from a plumbing problem, a valve that didn’t shut. But the Three Mile Island accident isn’t the only meltdown caused by a seemingly small issue that snowballed into a gigantic disaster. To find out exactly how this happens, we talked with Chris Clearfield, co-author of “Meltdown: Why Our Systems Fail and What We Can Do About It.”
2018-09-28	Full Show: Bridging The Chasm	49:51	https://www.podtrac.com/pts/redirect.mp3/dovetail.prxu.org/106/5c4748f0-9c4a-479d-bc78-49f4cf8fab80/IHUB_FULL_SHOW_WEB_BB_092918.mp3	2017 Oscars; Angela Siefer; Chris Clearfield; Robert Lustig; Three Mile Island; addiction; happiness; internet; pleasure; sugar	There are a lot of chasms in the world, dividing lines between one thing and another. This week on Innovation Hub, we’ll take a look at those chasms, whether they’re in our digital life, our understanding of our own health, or in the complex systems that govern the world. First up, the gap between failure and success can be razor-thin. And the tiniest issues can snowball into huge catastrophes. It happened in the nuclear plant Three Mile Island, with the 2008 financial crisis… even with the 2017 Oscars. Chris Clearfield walks us through the origins of these disasters, and explains why a high level of complexity makes a system vulnerable to meltdown. Then, scarfing down that chocolate bar might give you some momentary pleasure, but it doesn’t make you happy. Yes, there’s a difference. And according to physician Robert Lustig, corporations are more than happy to exploit our confusion about that difference. He says that the chasm between pleasure and happiness is extremely important, and is responsible for many health-related crises in American society. And finally, if you’re reading this, you probably have access to the internet. Which is great, because that means you can do your banking, read the news, and apply for jobs. But across the country, about one in five people don’t have access to those tools. Which means that they’re missing out on a lot of opportunities. Angela Siefer, the executive director of the National Digital Inclusion Alliance, talks about efforts to bridge this gap, and get everyone in the U.S. connected.
2018-09-28	Dissecting America’s Digital Divide	15:35	https://www.podtrac.com/pts/redirect.mp3/dovetail.prxu.org/106/16ee36f8-c668-4404-916d-75f649e43bb4/IHUB_CSEG_WEB_092918.mp3	Angela Siefer; digital divide; internet	If you’re reading this, you almost certainly have access to the internet, which means you can check email anytime, do online banking, or investigate whether your kid’s rash is worthy of a trip to the doctor. But, across the country, about one in five people don’t have access to those tools. According to Angela Siefer, the executive director of the National Digital Inclusion Alliance, there are three main reasons why people don’t have internet connections: it’s unaffordable, it’s physically unavailable, or the household lacks digital literacy. Siefer talks about efforts to bridge this gap, and get everyone across the country connected.
2018-09-21	Sand. It’s Slipping Through Our Fingers	15:14	https://www.podtrac.com/pts/redirect.mp3/dovetail.prxu.org/106/9152da52-586e-447d-9376-0f5485f7c363/IHUB_BSEG_WEB_092218.mp3	Shanghai; Vincent Beiser; sand; sand mafia	Unless we’re relaxing on it at the beach, or kicking it out of our shoes, we probably don’t think too much about sand. But that doesn’t mean it isn’t important. Sand is a vital ingredient in concrete. And glass. And asphalt. It makes our modern, urban life possible. And our hunger for it is causing more and more trouble. Vince Beiser, author of “The World in a Grain: The Story of Sand and How It Transformed Civilization,” explains why sand matters, and how the quest to extract more of it is shaping the world.
2018-09-21	Full Show: Out Of The Concrete 	49:22	https://www.podtrac.com/pts/redirect.mp3/dovetail.prxu.org/106/6dd86d65-aee9-4908-9c99-e8b47645745d/IHUB_FULL_SHOW_WEB_BB_092218.mp3	Menno Schilthuizen; Patrick Sharkey; Vincent Beiser; animals; cities; crime; sand	Violent crime rates in cities have declined significantly since the mid-1990s. We examine the reasons behind this drop, and the influence it has had on city life. Then, concrete buildings are the foundation of the modern world. But they eat up a resource that’s becoming increasingly difficult to come by: sand. Finally, for centuries, species have mutated to adapt to urban habitats. We investigate the wily ways that they continue to evolve in cities.
2018-09-21	Evolution In The City 	13:37	https://www.podtrac.com/pts/redirect.mp3/dovetail.prxu.org/106/94d5f7c6-21a1-4330-809f-d4ac19366d1d/IHUB_CSEG_WEB_092218.mp3	Menno Schilthuizen; animals; cities; evolution	When you think of evolution, you probably imagine a slow process, one that happens in some verdant jungle or plain. For example: Homo Sapiens gradually evolving over millions of years on the savannah. Or the finches of the Galapagos adapting to their unique environment. But Menno Schilthuizen, a biologist and author of “Darwin Comes to Town: How the Urban Jungle Drives Evolution,” says that evolution can hapen a lot faster, and a lot closer to us, than we might think. And humans, along with the cities we build, drive a lot of it.
2018-09-21	Crime In America Is On The Decline. So Why Don’t We Feel Safer? 	19:12	https://www.podtrac.com/pts/redirect.mp3/dovetail.prxu.org/106/db4df27d-ae58-4d26-bd6a-8c059d8e439a/IHUB_ASEG_WEB_092218.mp3	Chicago; Crime; New York; Patrick Sharkey; murder rates	Talk to anyone who lived in New York City in the 1970s, and they will probably highlight the city’s widespread crime. Times Square wasn’t yet Disney-fied and Brooklyn hadn’t been taken over by hipsters. Most people agreed that New York was a dangerous place. But then something happened: murders, and violent crime in general, began to drop. And that trend wasn’t unique to New York: It happened in many places across America. So who do we have to thank for the crime decline? To find out, we talk with NYU sociology professor Patrick Sharkey about his book “Uneasy Peace: The Great Crime Decline, Renewal of City Life, and the Next War on Violence.”
2018-09-14	The Opportunities In An Aging Economy	14:15	https://www.podtrac.com/pts/redirect.mp3/dovetail.prxu.org/106/52aa7e1f-29f3-4081-ba47-b922de0a3d9d/IHUB_CSEG_WEB_091518.mp3	Joseph Coughlin; Longevity Economy	The United States is about to face a “silver tsunami;” a retirement crisis; a health care dilemma. At least, that’s what it seems like, if you read articles about America’s aging population of baby boomers. And the increased number of older Americans *is *going to transform the country. The US Census bureau says that “older adults will outnumber chil­dren for the first time in U.S. history” in just a few decades. And they will transform the economy to fit their needs and wants. This presents both challenges and opportunities, according to Joseph Coughlin, author of, “The Longevity Economy: Unlocking the World’s Fastest-Growing, Most Misunderstood Market.”
2018-09-14	How Your Hormones Control Everything	22:20	https://www.podtrac.com/pts/redirect.mp3/dovetail.prxu.org/106/807a0c6f-839b-495f-92b4-2f6ef9563ade/IHUB_ASEG_WEB_091518_REV1.mp3	Randi Hutter Epstein; hormones; roosters; testicles	Doctor Randi Hutter Epstein likes to compare human hormones to the internet. And if you think about it, it makes sense. The brain sends messages to the testes in the same way that someone in Paris can send an email to someone in Tokyo. There’s no apparent infrastructure that connects the senders and receivers. Just a message floating out there, knowing what its target is. But it took a very long time before we had this kind of basic understanding of hormones. And, even today, most people doesn’t understand the power of these chemicals. We talk to Epstein, author of, “Aroused: The History of Hormones and How They Control Just About Everything,” about how we came to understand the endocrine system.
2018-09-14	Full Show: Life Hacks	49:27	https://www.podtrac.com/pts/redirect.mp3/dovetail.prxu.org/106/0c99a768-1cc7-49c6-a240-fadcd0981f14/IHUB_FULL_SHOW_WEB_BB_091518.mp3	Joseph Coughlin; Longevity Economy; Randi Hutter Epstein; Tom Standage; hacks; hormones	What were pregnancy tests like in the 1940s? Well, they involved cutting up rabbits. How the science of hormones changed pregnancy, diabetes, and so much more. If you want to track down the first telecommunications hack, you have to go back in time. All the way to the 1830s. America is aging. And so are the people who control our money. How that’s going to upend our economy.
2018-09-14	A 19th Century Hack	11:38	https://www.podtrac.com/pts/redirect.mp3/dovetail.prxu.org/106/bbdf59db-701e-4f87-afb3-349491c7c2d1/IHUB_BSEG_WEB_091518.mp3	France; Tom Standage; hack	What was the world’s first telecommunications hack? Some sort of electronic banking theft in the 80s? Perhaps it was the “phone breaks” of the 1960s, who used tricks to make calls for free? Or the scientific hooligans who hacked Marconi’s wireless? Well, according to Tom Standage, Deputy Editor of The Economist , you have to go back even further than that. To 19th-century France, and a new technology called the mechanical telegraph.
2018-09-07	What We Can Learn From Termites. Yes, Termites.	10:05	https://www.podtrac.com/pts/redirect.mp3/dovetail.prxu.org/106/e3dba928-bb73-4ee3-b8ee-fb98a270fe3c/IHUB_CSEG_WEB_090818.mp3	Lisa Margonelli; termites	Termites get a bad rap. Ask pretty much anyone on the street, and they’ll likely say that termites are gross, and you definitely don’t want them in your house. And while it may be true that you don’t want them in your house, termites are also so much more than structure-destroyers. At least according to Lisa Margonelli, whose new book Underbug: An Obsessive Tale of Termites and Technology explores the surprisingly wild world of the much-maligned bug. Because it turns out, there’s a lot we can learn from termites.
2018-09-07	The Fake Doctor Who Saved Thousands Of Babies	18:04	https://www.podtrac.com/pts/redirect.mp3/dovetail.prxu.org/106/d9392655-7c65-45c7-b402-b4e74ded44c6/IHUB_BSEG_WEB_FINAL_090818.mp3	Coney Island; Dawn Raffel; Martin Couney; babies; neonatal	In the early 20th century, a premature baby was considered as good as dead. But Dr. Martin Couney — who wasn’t actually a doctor — made it his mission to save these babies by putting them neonatal incubators. And Couney had a flair for the dramatic. He would put incubated babies on display at Coney Island, and at World’s Fairs, where people could see them — IF they paid a quarter. We talk to Dawn Raffel about her new biography, “The Strange Case of Dr. Couney: How a Mysterious European Showman Saved Thousands of American Babies.”
2018-09-07	Full Show: Changing Landscapes	49:11	https://www.podtrac.com/pts/redirect.mp3/dovetail.prxu.org/106/f303a6d3-18a5-46bb-89af-29bb2e5b951b/IHUB_FULL_SHOW_WEB_BB_090818.mp3	College; Coney Island; Dawn Raffel; Incubators; Jonathan Haidt; Lisa Margonelli; Psychology; Termites	Are college kids becoming more fragile? Social psychologist Jonathan Haidt says yes. And he explains why. How a Coney Island sideshow helped save infants lives. Termites! They may be super gross… but we can also learn a lot from them.
2018-09-07	A Coddled Generation?	19:48	https://www.podtrac.com/pts/redirect.mp3/dovetail.prxu.org/106/0b23fdaa-8e9a-406a-8391-1229e9444de0/IHUB_ASEG_WEB_090818.mp3	Jonathan Haidt; psychology	For the last few years, free speech has been hotly debated on college campuses around the country. There have been protests over controversial speakers. And confrontations around the cultural sensitivity of halloween costumes. Jonathan Haidt, a social psychologist at NYU and co-author of The Coddling of the American Mind: How Good Intentions and Bad Ideas Are Setting Up a Generation for Failure, sees deeper issues at play. Issues that he thinks are going to impact an entire generation.
2018-08-31	The Women Who Broke World War II Codes	17:14	https://www.podtrac.com/pts/redirect.mp3/dovetail.prxu.org/106/c0766a1b-7e8b-4442-9ddd-d17c40726d4c/IHUB_BSEG_WEB_090118.mp3	Liza Mundy; World War II; code girls	During World War II, a flurry of coded messages were sent by the Axis powers. Data on troop movements, supplies, ship locations... all transmitted via code. But these messages didn't necessarily stay coded for long. The Allies were able to intercept, decode, and learn the vital wartime secrets contained within many of these transmissions. These codebreaking efforts were vital in ending the war. And the people who actually did a lot of this work were women - over ten thousand of them. Liza Mundy is the author of “Code Girls: The Untold Story of the American Women Code Breakers of World War II,” and she tells us about this little-known part of American history.
2018-08-31	The Health Risks Of A Terrible Workplace	18:51	https://www.podtrac.com/pts/redirect.mp3/dovetail.prxu.org/106/03cdab2a-5065-4bf4-8400-1bf7d0373314/IHUB_ASEG_WEB_090118.mp3	Dying for a Paycheck; Jeffrey Pfeffer; workplace health	When you think of dangerous work, you probably conjure up images of crab fishermen braving the frigid Atlantic, lumberjacks operating chainsaws, or truckers navigating icy roads. You probably don’t think of late nights at the office, or working overtime at the cash register. But maybe you should. Jeffrey Pfeffer, a professor of organizational behavior at Stanford University, argues that seemingly-innocuous workplaces have become increasingly bad for our health over the past few decades. He’s the author of “Dying for a Paycheck: How Modern Management Harms Employee Health and Company Performance — and What We Can Do About It.”
2018-08-31	Garry Kasparov And The Game Of Artificial Intelligence	12:40	https://www.podtrac.com/pts/redirect.mp3/dovetail.prxu.org/106/d2a8ba09-7880-40f0-814c-0b59ecf2cc37/IHUB_CSEG_WEB_090118.mp3	Artificial Intelligence; Garry Kasparaov; chess	For more than a 30-year span, chess grandmaster Garry Kasparov was nearly unbeatable. But, in 1997, he faced an unlikely competitor: the IBM supercomputer Deep Blue. Kasparov lost the final match, which ended up being a turning point both for him and for our understanding of artificial intelligence. We talk with Kasparov about his new book, “Deep Thinking: Where Machine Intelligence Ends and Human Creativity Begins.”
2018-08-31	Full Show: What A Way To Make A Living	50:00	https://www.podtrac.com/pts/redirect.mp3/dovetail.prxu.org/106/5ae3c616-b5de-4c9e-9311-e67b79793dc0/IHUB_FULL_SHOW_WEB_BB_090118.mp3	Artificial Intelligence; Chess; Dying for a Paycheck; Garry Kasparov; Jeffrey Pfeffer; Liza Mundy; World War II; code girls; workplace	Work defines all of our lives, but in a myriad of different ways. On this week’s Innovation Hub we take a step back and think about work’s payoffs, its pitfalls, and its future. First, Stanford’s Jeffrey Pfeffer argues that our jobs are literally hurting us - and that work environments have to be rethought. Then, Liza Mundy tells the incredible story of female WWII vets whose work was absolutely vital… but who never got the credit they deserved. And finally, chess champ Garry Kasparov says: we shouldn’t hate robots; we should work with them.
2018-08-24	When 'Useless' Research Has Long-Term Benefits	15:37	https://www.podtrac.com/pts/redirect.mp3/dovetail.prxu.org/106/71320eea-9f2a-48e5-90ff-a29d299791da/IHUB_CSEG_WEB_082518_REV.mp3	Robbert Dijkgraaf; The Institute for Advanced Studies at Princeton; The Usefulness of Useless Knowledge	Back in the 1990s, the Digital Libraries Initiative from the National Science Project supported a small project out of Stanford University. It sounded obscure, and a lot of people thought it wasn’t exciting, and would have little real-world application. But on that team were two graduate students – Larry Page and Sergey Brin – the founders of Google. The modest grant ended up paying off very well, according to Robbert Dijkgraaf, a physics professor and the director of the Institute for Advanced Studies at Princeton. He recently wrote a companion essay to Abraham Flexner’s 1939 piece, “The Usefulness of Useless Knowledge,” explaining why Flexner’s ideas are even more relevant today. We talk with Dijkgraaf about why governments should fund more basic research that doesn’t necessarily have immediate results, like the project at Stanford – and how it can actually reap huge rewards in the long run.
2018-08-24	How Your Brain Interacts With Food	17:52	https://www.podtrac.com/pts/redirect.mp3/dovetail.prxu.org/106/0a595113-bda7-4125-b104-122a23d6727b/IHUB_ASEG_WEB_082518.mp3	Rachel Herz; calorie counting; diet; eating; food	We know that our brain plays tricks on us, but did you know the size of your plate can dictate how much you eat? Or that a bowl filled with jelly beans in a variety of colors will induce you to eat more than a series of bowls with the jelly beans separated out by color? Rachel Herz, a neuroscientist at Brown University and the author of “Why You Eat What You Eat: The Science Behind Our Relationship With Food,” describes the psychology that influences our eating habits.
2018-08-24	Full Show: Fooling Ourselves (Rebroadcast) 	49:09	https://www.podtrac.com/pts/redirect.mp3/dovetail.prxu.org/106/68c5e15e-65cf-4493-9d57-20ad48eaeaa1/IHUB_FULL_SHOW_WEB_BB_082518.mp3	Eric Patashnik; Institute for Advanced Studies; Rachel Herz; Robbert Dijkgraaf; eating; evidence-based medicine; food	Willpower isn’t the only thing dictating what you eat. Neuroscientist Rachel Herz says the color, shape, and presentation of food has a major impact on our diet. Then, there’s not as much evidence-based decision-making in medicine as you might expect. We take a look at why. Finally, we talk with physics professor Robbert Dijigraaf about why funding basic scientific research can yield powerful results down the road.
2018-08-24	Are You Getting Evidence-Based Healthcare?	14:35	https://www.podtrac.com/pts/redirect.mp3/dovetail.prxu.org/106/0e34b833-fe87-4d02-ba40-aa8dc42b9fb2/IHUB_BSEG_WEB_082518_REV.mp3	Eric Patashnik; Evidence-based medicine	Nearly half of medical procedures may not be based on sound science. That’s according to Eric Patashnik, director of Brown University’s public policy program. And he says it’s not necessarily your doctor’s fault. How did we get to this point? We put that question to Patashnik, who is co-author of the new book, “Unhealthy Politics: The Battle over Evidence-Based Medicine.”
2018-08-17	What’s Wrong With Our Bodies?	17:33	https://www.podtrac.com/pts/redirect.mp3/dovetail.prxu.org/106/15e7ca86-dba5-4684-aa81-82157f28fc12/IHUB_ASEG_WEB_081818.mp3	Biology; Nathan Lents; evolution	Humans have a tailbone for a tail we don’t have, wisdom teeth that don’t fit in our mouths, and tonsils that only seem to cause problems. Each of these “mistakes” can tell us a little bit about how we evolved and why we were so successful in spite of these flaws. We talk about our body’s quirks with biologist Nathan Lents, author of “Human Errors: A Panorama of Our Glitches, from Pointless Bones to Broken Genes.”
2018-08-17	The Life of P.T. Barnum 	15:12	https://www.podtrac.com/pts/redirect.mp3/dovetail.prxu.org/106/194aac6b-54fd-4ef3-9af6-8c96d28796f3/IHUB_BSEG_WEB_081818.mp3	Donald Trump; P.T. Barnum; Stephen Mihm	"He was a huckster, a showman, and a consummate businessman. P.T. Barnum and his exhibitions presented “freaks” and oddities from abroad, while also shaping the definition of what it means to be an American. We speak with Stephen Mihm, editor of the book, “The Life of P.T. Barnum, Written by Himself,"" about Barnum’s lasting contribution to American culture."
2018-08-17	How Neuroscience Is Changing The Law	15:03	https://www.podtrac.com/pts/redirect.mp3/dovetail.prxu.org/106/44ef0c36-d5c2-47dd-b7fe-0db36fccc776/IHUB_CSEG_WEB_081818.mp3	Francis Jensen; Francis Shen; MacArthur Foundation Research Network on Law	Francis Shen says that he often calls neurolaw a “new” and “emerging” field, but even he doesn’t completely believe that. Shen is an associate law professor at the University of Minnesota and executive director of education for the MacArthur Foundation Research Network on Law. He says we’ve been using neuroscience in law for decades, but there have been some major developments over the last few years. For example, brain science is increasingly informing how we view criminals — especially adolescents — and how we sentence people. We talk with Shen about the influence neurolaw has on society and how the field has developed over time.
2018-08-17	Full Show: Body Talk	49:05	https://www.podtrac.com/pts/redirect.mp3/dovetail.prxu.org/106/a7bb3a9a-3302-4c85-bd1c-4092f853ed62/IHUB_FULL_SHOW_WEB_BB_081818.mp3	Francis Shen; Nathan Lents; P.T. Barnum; Stephen Mihm; biology; evolution; neurolaw	First, if you think about the design of the human body, it’s not actually all that intelligent. We have tailbones, but no tails. We swallow food through the same tube we use to breathe. And don’t get us started on tonsils. Biologist Nathan Lents explains these human errors. Then, P.T. Barnum is probably best known for his outrageous exhibits and larger-than-life personality. But he also shaped our idea of what it means to be an American. Finally, can someone really be guilty of committing a crime if their brain isn’t fully developed? There’s no easy answer to that one. But the emerging field of neurolaw is trying to figure out those types of questions.
2018-08-10	When Science Goes To War	21:13	https://www.podtrac.com/pts/redirect.mp3/dovetail.prxu.org/106/68ca144d-b358-43ec-9777-170a36ce4e2e/IHUB_BSEG_WEB_081118_REV.mp3	James Conant; Jennet Conant; The Atomic Bomb; The Manhattan Project; World War II	Growing up, Thanksgivings in Jennet Conant’s house were contentious. The Vietnam War was raging, and in Cambridge, MA, student protests were ubiquitous. But Conant’s family was especially combative. Her grandfather, James B. Conant, a former president of Harvard University, had both supervised the production of poison gas during World War I, and oversaw the development of the atomic bomb during World War II. And Conant’s father argued her grandfather wasn’t a scientist who had served his country, but a mass murderer. Jennet Conant is the author of a new biography of her grandfather, “Man of the Hour: James B. Conant, Warrior Scientist,” as well other books about war, science, and the intersection of the two. She explains what happens when people use science to create weapons - and the fallout for the scientists themselves.
2018-08-10	When Big Business Wades Into Big Social Issues	14:32	https://www.podtrac.com/pts/redirect.mp3/dovetail.prxu.org/106/0f6a04c4-7e64-49d1-a7ab-b66e2bdcd96e/IHUB_ASEG_WEB_081118_REV.mp3	Aaron Chatterji; CEOs; Michael Jordan; Patagonia; Starbucks	In April, a Starbucks employee in Philadelphia called the police on two black men standing in a store. It was a PR nightmare. So a month later, Starbucks employees underwent a mandatory racial bias training that closed thousands of stores across the country and cost the company millions of dollars. It goes to show that today, people want more from companies. They don’t just expect good products, and quality service — they want company leadership to take stances on major social issues. We talk with Duke University associate professor Aaron Chatterji about what's motivating big business to get more political.
2018-08-10	The Uncertain Business Of Clean Energy	12:25	https://www.podtrac.com/pts/redirect.mp3/dovetail.prxu.org/106/43f94c2b-5b7a-4b58-9445-b5bee2a24977/IHUB_CSEG_WEB_081118_REV.mp3	Aquion Energy; Jay Whitacre; Sustainable energy; clean energy	Hybrid cars. Solar energy. Hydropower. In recent years, the federal government and private companies have both paid a lot of attention to clean energy. But, the future of the industry is uncertain — especially in the U.S. We talk with Carnegie Mellon University professor and Aquion Energy founder, Jay Whitacre, about the advancement of new energy technology.
2018-08-10	Full Show: Taking Care of Business 	49:23	https://www.podtrac.com/pts/redirect.mp3/dovetail.prxu.org/106/05b294e4-d7a8-493c-a5ff-58daf88f64c3/IHUB_FULL_SHOW_WEB_BB_081118_REV.mp3	Aaron Chatterji; Jay Whitacre; Jennet Conant; Patagonia; Starbucks; The Atomic bomb; The Manhattan Project; WWII	Taking care of business can mean a lot of different things. From activist CEOs to the science of war to clean energy companies, we’re diving into how business actually gets done. First up, CEOs used to keep their mouths shut. They’d donate to campaigns and spend money lobbying, sure, but for the most part, they wouldn’t comment on politics. That’s *definitely *no longer the case. Patagonia, Starbucks, Apple… corporations and the people in charge of them are commenting on issues ranging from LGBT rights to federal land management. Nordstrom even took a stand on Ivanka Trump. And according to Duke University associate professor Aaron Chatterji, there are a lot of complicated reasons for that. Next, a split-second after a test of the atomic bomb, James Conant thought the world was going to end. It didn’t, of course, but the creation of the bomb was a transformational event. One that James Conant, a scientist and former President of Harvard, played a large role in. His grandaughter, author Jennet Conant, talks about his legacy, his leadership in The Manhattan Project, and what Conant, Robert Oppenheimer and others can teach us about using cutting-edge science to create weapons of war. And finally, the business of sustainable energy isn’t always that, well… sustainable. Jay Whitacre, a professor at Carnegie Mellon University, would know. His clean energy startup, Aquion Energy, filed for bankruptcy last year, despite raising $200 million from investors. We talk with him about the challenges facing companies — and researchers — focused on sustainable energy. And he tells us why the future still looks bright, at least outside the U.S.
2018-08-03	Why Americans Pay So Much For Drugs	16:51	https://www.podtrac.com/pts/redirect.mp3/dovetail.prxu.org/106/87a5b890-4d34-4000-b307-7e64f60f8a32/IHUB_CSEG_WEB_REV_2.mp3	Barry Werth; Martin Shkreli; Matt Herper; pharmaceuticals	In 1983, U.S. News & World Report began to rank America’s colleges. More than 30 years later, they continue to release yearly lists of the “best” schools in the U.S. We talk with Inside Higher Ed’s Scott Jaschik and U.S. News’ Robert Morse about how these rankings have shaped how students select colleges in America.
2018-08-03	Full Show: Bring On The Competition (Rebroadcast) 	49:26	https://www.podtrac.com/pts/redirect.mp3/dovetail.prxu.org/106/e1a55b7e-867d-4aeb-b761-592c21e81629/IHUB_FULL_SHOW_WEB_BB_080418.mp3	Barry Werth; Charles Mann; Martin Shkreli; Matt Herper; Rorbert Morse; Scott Jaschik; U.S. News & World Report; college rankings; food; overpopulation; pharmaceuticals; sustainability	First, U.S. News releases its college rankings each year to much fanfare. But are they actually hurting higher ed? We ask journalist Scott Jaschik and U.S. News’ Robert Morse. Then, there will be 10 billion people on the planet by 2050. That’s a lot of mouths to feed. Can we do it without destroying Earth’s resources? We talk with science writer Charles Mann about the different approaches to tackling this problem. Finally, you’ve heard the name Martin Shkreli, but there are many other executives responsible for hiking drug prices. We peek into the complex world of Big Pharma.
2018-08-03	Feeding A Growing Global Population	17:23	https://www.podtrac.com/pts/redirect.mp3/dovetail.prxu.org/106/0d33d2f0-2d79-42e8-81aa-b0323e503695/IHUB_BSEG_WEB_080418.mp3	Charles Mann; Norman Borlaug; William Vogt; sustainability; world population	The global population is steadily climbing, and by 2050, scientists expect that 10 billion people will call Earth home. This got science writer Charles Mann wondering: How are we going to feed all of those mouths without completely destroying the planet? Mann explores this question in his new book, “The Wizard and the Prophet: Two Remarkable Scientists and their Dueling Visions to Shape Tomorrow’s World.” We talk with him about whether innovation, conservation, or some mixture of the two, that will save humanity.
2018-08-03	Are College Rankings Actually Useful?	13:29	https://www.podtrac.com/pts/redirect.mp3/dovetail.prxu.org/106/31322097-1685-40e5-8510-34cb8ac29366/IHUB_ASEG_WEB_080418_REV_2.mp3	Robert Morse; Scott Jaschik; U.S. News & World Report; college rankings	In 1983, U.S. News & World Report began to rank America’s colleges. More than 30 years later, they continue to release yearly lists of the “best” schools in the U.S. We talk with Inside Higher Ed’s Scott Jaschik and U.S. News’ Robert Morse about how these rankings have shaped how students select colleges in America.
2018-07-27	When Your Schedule Sabotages You	10:53	https://www.podtrac.com/pts/redirect.mp3/dovetail.prxu.org/106/20de930b-131f-4cb6-8de4-2f166c6f04bd/IHUB_CSEG_WEB_072818.mp3	Gabriela Tonietto; airport; meetings; scheduling	Imagine you have a meeting in 30 minutes. Are you more likely to spend that half hour A) catching up on email and the news or B) getting a start on that report you’ve been putting off? If you answered A, you’re not alone. It turns out that people aren’t very productive in the time before a scheduled activity. We talked with Rutgers Business School professor Gabriela Tonietto about why free time feels diminished when we have an upcoming task.
2018-07-27	The Origin Of The Origin Of Species	17:14	https://www.podtrac.com/pts/redirect.mp3/dovetail.prxu.org/106/550ac3ce-d243-4c8c-b68c-b926d53d0119/IHUB_BSEG_WEB_072818.mp3	Alfred Russel Wallace; Charles Darwin; Iain McCalman; the theory of evolution	This summer, 160 years ago, it dawned on Charles Darwin that he might have to go public with the theory of evolution. He had been working on his theory slowly, gradually building it out for decades. And Darwin probably would have kept working on it, if not for a letter he received from English naturalist Alfred Russel Wallace, which outlined Wallace’s own ideas about natural selection; ideas that, unfortunately for Darwin, were very similar to his own. Iain McCalman, author of “Darwin’s Armada: Four Voyages and the Battle for the Theory of Evolution, walks us through the complicated origins (no pun intended) of the theory of evolution, and how that theory changed everything from biology to religion to politics.
2018-07-27	Full Show: Finding Order In Chaos	50:00	https://www.podtrac.com/pts/redirect.mp3/dovetail.prxu.org/106/0b5f9680-9755-48c1-8056-730787351f81/IHUB_FULL_SHOW_WEB_BB_072818.mp3	Alfred Russel Wallace; Andrew Leigh; Charles Darwin; Gabriela Tonietto; Iain McCalman; James Lind; evolution; meetings; randomized trials	First: Scurvy. Website design. Store promotions. Turns out, randomized trials affect many parts of our daily lives. Then: “The Origin of Species”… actually has a pretty interesting - and unexpected - origin. Finally: In news that shouldn’t shock anyone who has ever been to a meeting, they can make you less productive. But how about the toll they take even before they start?
2018-07-27	From Scurvy to Surgery: The History Of Randomized Trials  	20:33	https://www.podtrac.com/pts/redirect.mp3/dovetail.prxu.org/106/b26749c4-0568-4dd5-84de-c9e9daebebf2/IHUB_ASEG_WEB_072818_REV.mp3	Andrew Leigh; Randomized Trials; Scurvy	Think of the last impulse buy you made at the grocery store. Maybe the item was placed at eye level. Or perhaps it was a Snickers bar you saw in the checkout line. Either way, that product was put there by design, not dumb luck, and most of these placements were decided through randomized trials. We talk to with Andrew Leigh, author of “Randomistas: How Radical Researchers Changed Our World,” about how these tests affect everyday life and impact the decisions we make.
2018-07-20	The Future Of Food Shopping 	17:19	https://www.podtrac.com/pts/redirect.mp3/dovetail.prxu.org/106/83154e8b-bba4-4f0a-b737-38f6d460bd6b/IHUB_BSEG_WEB_072118.mp3	Eddie Yoon; Harvard Business Review; Marianos; cooking; grocery stores	When we sit down to binge watch a season of Chopped , we rarely do it to learn a new cooking technique. In fact, the Food Network might actually discourage us from trying our hand in the kitchen. We speak with industry analyst Eddie Yoon about the future of grocery stores and food companies, in a world where cooking is no longer considered an indispensable skill.
2018-07-20	How The Food Network Went From Bust To Big Time	18:56	https://www.podtrac.com/pts/redirect.mp3/dovetail.prxu.org/106/ea521671-3f83-4e81-b99f-561afe6bbe7e/IHUB_ASEG_WEB_072118_REV.mp3	Allen Salkin; Emeril Lagasse; Julia Child; Sara Moulton; The Food Network	If you knew what was going on behind the scenes at the Food Network during the ‘90s, you might have placed a hefty wager that it would fail. Chefs were cooking in incomplete kitchens, and couldn't stop filming — even if they got hurt. It was a mess. Even Sara Moulton, one of the Food Network’s earliest stars, didn’t think the channel would survive. But not only did it survive — it thrived. We talk to Moulton about her early days at the Food Network, and with author Allen Salkin about his book, “From Scratch: The Uncensored History of the Food Network.”
2018-07-20	Full Show: Watch What You Eat 	49:33	https://www.podtrac.com/pts/redirect.mp3/dovetail.prxu.org/106/db3b2b1c-d5c5-4c95-9d80-556fa450432f/IHUB_FULL_SHOW_WEB_BB_072118.mp3	Allen Salkin; Chez Panisse; Eddie Yoon; Howard Johnson's; Paul Freedman; Sara Moulton; The Food Network; grocery stores	Today, the Food Network is a touchstone of the entertainment industry. But it took a decade for the channel to make money. Chef Sara Moulton and author Allen Salkin tell us about the rise and influence of the cooking channel. Plus: If you use Uber Eats more than you use your stove, you're in good company — 90 percent of Americans either don't like to cook or are on the fence about it. With cooking becoming more hobby than necessity, we look at how the food industry is trying to keep up. Finally: You can thank Howard Johnson's for those roadside plazas you see on interstates. Yale historian Paul Freedman talks with us about the restaurants that changed the way America eats.
2018-07-20	From Delmonico’s To Howard Johnson’s	12:11	https://www.podtrac.com/pts/redirect.mp3/dovetail.prxu.org/106/abbc1671-0fd1-469a-97d5-6e2ffcfeeb30/IHUB_CSEG_WEB_072118.mp3	Chez Panisse; Delmonico's; Howard Johnson's; restaurants	2015 was the first year that Americans spent more money on bars and restaurants than on groceries. And with attention-grabbing chefs and buzzy new places to eat, it feels like restaurants have never been more central to American life. But how did we get there? Paul Freedman, Yale historian and author of the book “Ten Restaurants That Changed America,” charts the course from Delmonico’s to Howard Johnson’s.
2018-07-13	The Benefits Of Big Business	20:45	https://www.podtrac.com/pts/redirect.mp3/dovetail.prxu.org/106/5a991cd7-89b2-4a93-97d5-6073f04a900f/IHUB_ASEG_WEB_071418.mp3	Big Business; Bobby Jindal; Robert Atkinson	Ever since Thomas Jefferson championed the “yeoman farmer,” Americans across the political spectrum have romanticized small businesses. Politicians tout Mom-and-Pop companies as the backbone of the economy. But, if you run the numbers, small businesses don’t live up to the hype, according to economist Robert D. Atkinson, co-author of the book “Big is Beautiful: Debunking the Myth of Small Business.” Atkinson says that we should take a size-neutral approach to regulating businesses.
2018-07-13	Precision Makes Perfect	20:16	https://www.podtrac.com/pts/redirect.mp3/dovetail.prxu.org/106/cc565724-849d-4495-9412-d561626db8eb/innovation_hub_precision.mp3	Simon Winchester; precision engineering	We rely on precision in every part of our lives. We take for granted the fact that if our car breaks down, we can buy a replacement part, instead of a whole new car. But there was a time before standardized car parts, standardized batteries, and standardized shoe sizes. In his new book “The Perfectionists,” author and journalist Simon Winchester set out to learn how the concept of precision came to be, and how it changed the world.
2018-07-13	Full Show: Define The Relationship	49:37	https://www.podtrac.com/pts/redirect.mp3/dovetail.prxu.org/106/cb6155c7-55e5-4fa2-bdfc-5905fd9aa31d/IHUB_FULL_SHOW_WEB_BB_071418.mp3	Carolyn Parkinson; Robert Atkinson; Simon Winchester; big business; friendship; precision engineering	First: Americans love small businesses, but economist Robert D. Atkinson says that big business is better for workers, consumers, and the world. Then: From standard measurements to interchangeable parts, precision engineering created the modern world. Author Simon Winchester explains how the precision revolution got started in the first place. Finally: We tend to become friends with people who share our interests and passions. But the connections don’t stop there—new research now shows that the brain activity of close friends is similar.
2018-07-13	Friendly Minds Think Alike	07:16	https://www.podtrac.com/pts/redirect.mp3/dovetail.prxu.org/106/a8e12298-375a-44dd-b164-0a0e5a8bf28c/IHUB_CSEG_WEB_071418.mp3	Carolyn Parkinson; brain waves; friendship	Choosing Friday night plans. Deciding what to wear to work. Selecting a new Netflix show to binge-watch. People are influenced by the tastes and opinions of their friends, and vice versa. But that doesn’t mean you’re a carbon copy of your social network— or does it? We talk with Carolyn Parkinson, an assistant professor of social psychology at UCLA, about why our brains might be more similar that we think.
2018-07-06	When To Do Everything 	20:11	https://www.podtrac.com/pts/redirect.mp3/dovetail.prxu.org/106/938fd4ca-8816-4d16-b123-8c8844980920/IHUB_A1_WEB_070718.mp3	Daniel Pink; When; authors; books; timing	"Does it matter when you go in for an operation? When a jury hears your case? What year you're born in? The answer in all three of these cases: yes. Dan Pink took a deep dive into the science behind how timing affects our lives. He's author of the new book, ""When: The Scientific Secrets of Perfect Timing."""
2018-07-06	Timing Is Everything (Rebroadcast) 	49:43	https://www.podtrac.com/pts/redirect.mp3/dovetail.prxu.org/106/387d4cff-b17e-4c98-b0ea-b199b4f3071b/IHUB_FULL_SHOW_WEB_BB_070718.mp3	Bobby Corrigan; Daniel Pink; Gillette; Katie Allen; Rats; Wayne Shreffler; allergies; shaving; timing	We’re always so concerned about how to do something, but we don't always consider when we should do it. When should we start a new project? When should we take a nap? We talk to author Daniel Pink about why timing is everything. Even though beards are currently in style, there was a time when being clean shaven was the way to go. We take a look at the man who revolutionized the shaving industry. Plus, if it seems like food allergies are on the rise, they are. One in every 13 children in America has some sort of food allergy, which marks a huge spike over the last few decades. We look at what could be causing the allergy increase and what’s being done to combat it. Finally, killing rats may seem like the best way to deal with them. But, in fact, it’s probably not our best option when it comes to pest control. We find out what is.
2018-07-06	Is Our Approach To Handling Rats All Wrong? 	06:18	https://www.podtrac.com/pts/redirect.mp3/dovetail.prxu.org/106/677bbd41-2101-47e5-b7f7-83bbe2dae042/IHUB_C_WEB_070718.mp3	Bobby Corrigan; Rats; pest control	Rats: The bane of any city-dweller’s existence. We spend millions of dollars each year trying to kill these pests, putting out poison and traps. But new research poses the question: Should we be killing rats at all? Innovation Hub producer Marc Filippino reports on what could be a surprising new solution to rat control.
2018-07-06	Fighting Food Allergies 	18:15	https://www.podtrac.com/pts/redirect.mp3/dovetail.prxu.org/106/540b1656-9d71-4910-aaad-bc0d60a290fd/IHUB_B_WEB_070718.mp3	Katie Allen; Wayne Shreffler; peanut allergies	Did you ever trade lunches at school when you were a kid? Maybe you gave away your peanut butter sandwich in exchange for some chocolate pudding. With rampant food allergies, a trade like that probably wouldn't happen today. And while schools and other organizations are very aware of the increased number of people who have allergies, we know little about what causes them. We talk to Dr. Wayne Shreffler, the director of the Food Allergy Center at Massachusetts General Hospital and Dr. Katie Allen, the Group Leader of Gastro and Food Allergy at Murdoch Children's Research Institute in Melbourne, about the rise of food allergies, how to prevent them, and treatments that are in the pipeline.
2018-07-06	A Closer Look At Shaving History 	03:44	https://www.podtrac.com/pts/redirect.mp3/dovetail.prxu.org/106/46bfca2d-379b-4cf1-b8ef-73b307b6a70c/IHUB_A2_WEB_070718.mp3	King Camp Gillette; shaving	If you're the type of person who shaves, you've probably used a disposable razor at least once. But where did this seemingly ubiquitous part of American life come from? It all goes back to the late 19th century, and a man with the absolutely incredible name of King Camp Gillette.
2018-06-29	The Birth Of Chocolate In America	15:59	https://www.podtrac.com/pts/redirect.mp3/dovetail.prxu.org/106/d709b9a4-3ac7-432b-9d28-187730407609/IHUB_BSEG_WEB_063018.mp3	Hershey's; Milton Hershey; chocolate	Americans absolutely adore chocolate. The average American consumes 11 pounds of the stuff per year. But when did this love affair with chocolate start? Back in the 19th century, sugar was a luxury good, and chocolate was mostly for the rich. Milton Hershey, and his Hershey bar, changed all that. Historian Nancy Koehn, author of “Forged in Crisis: The Power of Courageous Leadership in Turbulent Times,” has written about Hershey’s life and company. She walks us through who he was, and how he gave America a taste for chocolate.
2018-06-29	Rodney Brooks Predicts The Future (Kinda) 	16:05	https://www.podtrac.com/pts/redirect.mp3/dovetail.prxu.org/106/05b326c4-52a8-46e2-80be-6c4ebe5efe18/IHUB_CSEG_WEB_063018.mp3	Rodney Brooks; Roomba; future; self-driving cars	If you could talk to some folks who attended the 1964 World’s Fair, they might be a little disgruntled. After all, they were promised jetpacks, flying cars, and vacations to Mars in the near future. Alas, we have none of those things, and yet we still expect transformative technologies like self-driving cars to be part of our lives soon. This week, we talk with robotics pioneer Rodney Brooks about the art of predicting when new technology will go mainstream.
2018-06-29	Full Show: Red, White, And New	49:49	https://www.podtrac.com/pts/redirect.mp3/dovetail.prxu.org/106/e6c6d7d4-fb62-42a7-8481-789a1c8b40bd/IHUB_FULL_SHOW_WEB_BB_063018.mp3	Grace Hopper; Hershey's; Milton Hershey; Rodney Brooks; Roomba; World War II; chocolate	First, we talk with Kurt Beyer about the Queen of Software, Grace Hopper, and how her new ideas changed the tech world forever. Next, we give you Kisses. And Reese’s. And Kit Kats. We take a look at how Milton Hershey built one of the biggest chocolate empires the world has ever seen. Then, we’re all wondering when we can hop into our self-driving cars and watch Netflix on our way to work. But Rodney Brooks says: don’t expect it to happen tomorrow.
2018-06-29	 The Life And Legacy Of Grace Hopper	16:40	https://www.podtrac.com/pts/redirect.mp3/dovetail.prxu.org/106/93649157-bf61-40c3-bf04-7c3a6d9d202b/IHUB_ASEG_WEB_063018.mp3	Grace Hopper; Harvard Mark I; World War II; computers	She’s been called “the first lady of software.” A conference named after her attracted over 18,000 attendees last year. She had her own Google doodle. She was even on Letterman. It’s fair to say that Grace Hopper is one of the most celebrated coders ever. But, behind all the accolades, who was she? And how exactly did she change technology? We talk with Kurt Beyer, author of “Grace Hopper and the Invention of the Information Age.”
2018-06-22	The Lasting Trauma From The Border	15:09	https://www.podtrac.com/pts/redirect.mp3/dovetail.prxu.org/106/be3aa3ee-094f-4562-b1cc-3efd04b19494/IHUB_BSEG_WEB_062318_REV.mp3	Nadine Burke Harris; border control; child trauma; immigration	In May and June, the United States separated more than 2,000 children from their families at the southern border. Caving to pressure, President Trump signed an executive order stopping the policy. But, experts say the damage has already been done. Nadine Burke Harris is the CEO of San Francisco’s Center for Youth Wellness and the author of the new book “The Deepest Well: Healing the Long-Term Effects of Childhood Adversity.” She says these experiences can lead to serious mental and physical health problems through the rest of these children’s lives.
2018-06-22	The Invention Of Human Rights	16:39	https://www.podtrac.com/pts/redirect.mp3/dovetail.prxu.org/106/434d6e96-4af3-4002-8edc-66b01567c1d3/IHUB_CSEG_WEB_062318.mp3	Human rights; Lynn Hunt; Thomas Jefferson	We all know Thomas Jefferson’s famous words immortalized in the Declaration of Independence: “We hold these truths to be self-evident, that all men are created equal.” But when did the world start thinking about equality? Lynn Hunt a distinguished research professor at UCLA, and author of the book “Inventing Human Rights,” says we haven’t always recognized basic human rights, and the very concept wasn’t spoken much about until the end of the 1700s. We explore its origins.
2018-06-22	How Did It Come To This? The Evolution Of Immigration	16:58	https://www.podtrac.com/pts/redirect.mp3/dovetail.prxu.org/106/4424037d-78ba-4b91-94cd-ce011038ba76/IHUB_ASEG_WEB_062318.mp3	Ellis Island; Katherine Benton-Cohen; immigration	It might seem like America’s massive immigration system has always been around. But it hasn’t. Indeed, up until the early 20th century, America’s immigration system was so different it would be unrecognizable from a modern perspective. For the backstory of how the U.S. has approached immigration, we talk with Katherine Benton-Cohen, an associate professor at Georgetown and author of “Inventing the Immigration Problem: The Dillingham Commission and Its Legacy.”
2018-06-22	Full Show: Crossing Boundaries And Borders 	50:00	https://www.podtrac.com/pts/redirect.mp3/dovetail.prxu.org/106/8a4ce73b-683b-4f42-bdda-b8989d81c71e/IHUB_FULL_SHOW_WEB_BB_062318.mp3	Ellis Island; Katherine Benton-Cohen; Lynn Hunt; Nadine Burke Harris; border control; immigration	First: We ask UCLA history professor Katherine Benton-Cohen how America transformed from a country with open borders to one - by the 1920s - with a strict quota system. Next: Pediatrician Nadine Burke Harris explains the science behind how childhood trauma permanently impacts children’s mental and physical health. Then: Remember that whole “all men are created equal” thing? We investigate how the end of the 18th century brought about a new discussion of human rights - one that forever changed history.
2018-06-15	Why Nostalgia Is Healthy 	19:08	https://www.podtrac.com/pts/redirect.mp3/dovetail.prxu.org/106/897454bd-73c0-4154-b1bb-2050f288ba8b/IHUB_BSEG_WEB_061618.mp3	Krystine Batcho; Mad Men; Make America Great Again; Phil Ochs; nostalgia	Playing hide-and-go-seek with your best friend. Opening up fresh supplies on the first day of school. Going on your first date. People get nostalgic about the personal relationships they’ve had, and the experiences they can’t get back. But that doesn’t mean they’re living in the past. Nostalgia can, in fact, be a good thing. We talk with Le Moyne College psychology professor Krystine Batcho about how our perspective on bygone days actually affects our present.
2018-06-15	When Libraries And Journalism Collide	09:30	https://www.podtrac.com/pts/redirect.mp3/dovetail.prxu.org/106/58021445-f065-4a06-ad77-a5e78bede1f3/IHUB_CSEG_WEB_061618_REV.mp3	Livingston Manor; Manor Ink; Simmons College; Skokie Public Library; journalism; libraries	It’s a rough moment for journalism. Newspapers across the country have been closing at an alarming rate. And many of the media outlets that remain are under attack for allegedly peddling fake news. It’s a problem that journalists alone cannot fix. Luckily for them, local libraries are pushing to restore people’s faith in the media — and sometimes even picking up the slack in places where news coverage is hard to come by. Innovation Hub producer Marc Filippino reports on how libraries are gradually changing the face of journalism.
2018-06-15	Full Show: History Repeats	50:08	https://www.podtrac.com/pts/redirect.mp3/dovetail.prxu.org/106/ea2605e2-c4ae-491f-8555-faebdaeb8bb4/IHUB_FULL_SHOW_WEB_BB_061618.mp3		First: How do America’s child welfare services respond to a call about a child who could be in trouble? We look at the inner workings of the system and how algorithms might help. Next: People often yearn for a simpler time. That nostalgia isn’t uncommon, and depending on the scenario, it could be healthy. Le Moyne College psychology professor Krystine Batcho explains why. Then: Local news outlets are struggling financially, and national outlets are losing people’s trust. How do we restore journalism? The answer might be at your local library.
2018-06-15	Can An Algorithm Keep Kids Safe? 	20:09	https://www.podtrac.com/pts/redirect.mp3/dovetail.prxu.org/106/3ab19408-1883-4c87-8cf4-154e510eee82/IHUB_ASEG_WEB_061618.mp3	Emily Putnam-Hornstein; Rhema Vaithianathan; Virginia Eubanks	When a call comes in to a child welfare hotline, how should the call-taker react? Is the complaint significant enough to merit an investigation? Should caseworkers be sent to the child’s home? Or is the call frivolous? And would the stress of an investigation do more harm than good? These are tough questions and ones that counties and states throughout the country are trying their best to answer. One of them, Allegheny County, which surrounds Pittsburgh, has turned to an algorithm for help.
2018-06-08	The Unexpected Reason Behind America’s Decline	18:02	https://www.podtrac.com/pts/redirect.mp3/dovetail.prxu.org/106/f601328d-0d7f-4884-97ea-27ff4843a556/IHUB_ASEG_WEB_060918.mp3	American Decline; Steven Brill	Our trust in government is at historic lows. Inequality is at historic highs. Americans are more pessimistic about the future. It can seem like the United States is in decline. And Steven Brill, author of “Tailspin: The People And Forces Behind America’s Fifty-Year Fall - And Those Fighting To Reverse It.” says that’s true… though not for the reasons you might think.
2018-06-08	Should Prisoners Have Access To A College Degree?	15:04	https://www.podtrac.com/pts/redirect.mp3/dovetail.prxu.org/106/a7fbb5d7-4120-4b8e-857a-7d8c2a43245b/IHUB_BSEG_WEB_060918.mp3	Elizabeth Hinton; Prison Education; prison	Despite having less than 5 percent of the world’s population, the United States has nearly 25 percent of the world’s prison population. According to Elizabeth Hinton, an associate history professor at Harvard University, America’s prison system is unlike anything the world has ever seen. She says it’s crucial that we focus on rehabilitating inmates through educational activities inside prisons. We talked with her about the past, and the uncertain future, of prison education in America.
2018-06-08	Rationality vs. Intelligence	14:44	https://www.podtrac.com/pts/redirect.mp3/dovetail.prxu.org/106/4d51dbcb-80dd-42d7-9dcc-705813c8c80f/IHUB_CSEG_WEB_060918.mp3	Boston University; Carey Morewedge; Intelligence; Maggie Toplak; Rationality; York University	Have you ever taken an IQ test? Think about the results. Did you do well? You might have gotten a high score, but, often, intelligence doesn’t have anything to do with rationality. There is a marked difference between the two, although we often conflate them. We talk with York University associate professor Maggie Toplak and Boston University professor Carey Morewedge about why even smart people do irrational things.
2018-06-08	Full Show: A Game Of Wits	49:06	https://www.podtrac.com/pts/redirect.mp3/dovetail.prxu.org/106/83f99e66-8aca-4abf-9f43-8a5b4456b8f0/IHUB_FULL_SHOW_WEB_BB_060918.mp3	American decline; Carey Morewedge; Elizabeth Hinton; Maggie Toplak; Rationality; Steven Brill; intelligence; prison education	First: American universities minted hundreds of thousands of savvy professionals in the latter half of the 20th century. We explore how those educated, creative thinkers may have - inadvertently - caused America’s decades-long decline. Next: We talk with Harvard University professor Elizabeth Hinton about whether free education for people in prison makes sense. Then: Do you think you’re smart? Probably. But are you rational? There’s a difference between the two, and it matters more than you think.
2018-06-01	Why Polling Matters	18:44	https://www.podtrac.com/pts/redirect.mp3/dovetail.prxu.org/106/07842916-9bd9-4ab7-aefd-739914091c49/IHUB_ASEG_WEB_060218.mp3	Courtney Kennedy; Fred Yang; Gallup; polling	If you ever watch, listen, or read the news, you’ll hear about political polls. There are polls for almost everything: Special congressional races, the popularity of the Iran Nuclear Deal, and, of course, the president’s approval rating. According to polling experts Courtney Kennedy and Fred Yang, the barriers to conducting wide-reaching polls have diminished over the past several years, allowing new pollsters to enter the fray. We look at why not all polls are created equal.
2018-06-01	Kids These Days...And Yesterday, And Tomorrow	13:38	https://www.podtrac.com/pts/redirect.mp3/dovetail.prxu.org/106/d80e7e9b-2511-40ee-8508-8140eb2b658a/IHUB_CSEG_WEB_060218.mp3	John Quiggin; baby boomers; generations; millennials	Economist John Quiggin wants to change the way we talk about millennials. That is, he thinks we should stop talking about them altogether. In a recent New York Times editorial, Quiggin argued that the notion of generations is a pop-culture myth. He thinks we should focus on how people are affected by more significant traits like class, gender, and age.
2018-06-01	Full Show: A Numbers Game	49:45	https://www.podtrac.com/pts/redirect.mp3/dovetail.prxu.org/106/3f604266-3d91-4d70-81de-095259889e42/IHUB_FULL_SHOW_WEB_BB_060218.mp3	Courtney Kennedy; David Wessel; Fred Yang; John Quiggin; beer; millennials; polling	First: We ask a couple of public opinion experts how technology has made polling more convenient but less consistent - and what they see coming in 2018. Then: Have you ever wondered who really owns that quaint craft beer you love? We investigate why large corporations often buy out their smaller, less-efficient competitors - and how limiting competition is bad news for both consumers and workers. Finally: Economist John Quiggin tells us why he thinks generational labels like baby boomer and millennial are completely meaningless.
2018-06-01	From Beer To Airlines, Corporate Consolidation Is All Around Us	15:50	https://www.podtrac.com/pts/redirect.mp3/dovetail.prxu.org/106/d998e3c1-4ecc-4762-80d5-d6c2d6931fb9/IHUB_BSEG_WEB_060218.mp3	David Wessel; beer	If you go to your local liquor store or beer cellar, it may seem like you have thousands of options. And there’s certainly a lot of beer on the shelves. Not just Michelob or Miller Lite, but smaller-batch brews with names like Spitting Hobo or Dead Dragon. But though there might be a huge number of beer varieties, the American beer industry is mostly controlled by a handful of breweries that control nearly 90 percent of the American beer market. And this consolidation isn’t only a story of beer. The biggest four U.S. airlines reap 65 percent of the industry’s revenue, compared to ten years ago, when they only took in 41 percent. To find out more about why corporations are getting more powerful, we talked with David Wessel, a senior fellow in economic studies at The Brookings Institution, and author of the recent Harvard Business Review article, “Is Lack of Competition Strangling the U.S. Economy?”
2018-05-25	The Human Story Behind Our Genes	18:44	https://www.podtrac.com/pts/redirect.mp3/dovetail.prxu.org/106/dadbd808-e780-49e8-8c5d-723025c8d311/IHUB_ASEG_WEB_052618.mp3		As scientists apply our new understanding of the human genome to genetics, we’re getting answers to big-picture questions about our species. What is race? How did humanity spread around the globe? How should we pick a mate (genetically speaking)? We talk with Adam Rutherford, geneticist and author of “A Brief History of Everyone Who Ever Lived: The Human Story Retold Through Our Genes,” about the history of our genes, and what they reveal about our species.
2018-05-25	The Conversation High-Powered Couples Need To Have	13:41	https://www.podtrac.com/pts/redirect.mp3/dovetail.prxu.org/106/9d5a94b1-bb1e-4eb2-bac1-8020736fc1dd/IHUB_BSEG_WEB_052618.mp3		The number of women running Fortune 500 companies is higher than it’s ever been. And yet, there are only 32 female CEOs on that list. So… why aren’t there more high-powered women in positions of power? There are a multitude of reasons, but according to Avivah Wittenberg-Cox, author of the article “If you Can’t Find a Spouse Who Supports Your Career, Stay Single,” part of the issue lies with the support these women are receiving.
2018-05-25	Full Show: Life’s Tangled Web	49:14	https://www.podtrac.com/pts/redirect.mp3/dovetail.prxu.org/106/64209c48-81a7-4499-8e34-c2e68d53a580/IHUB_FULL_SHOW_WEB_BB_052618.mp3		First up, our family tree; or rather, our family web. According to geneticist Adam Rutherford, investigating the human genome can answer a lot of questions about human history. And the answers aren’t always expected. From mixing our genes with Neanderthals, to genetic lineages that would make Jaime Lannister proud, to the link (or lack thereof) between race health, Rutherford tells us all about the surprising secrets of our species. Then: The modern workplace wasn’t designed for women. And that’s a problem. Avivah Wittenberg-Cox, author of the article “If you Can’t Find a Spouse Who Supports Your Career, Stay Single,” talks about the barriers that prevent women from achieving their full potential. She also walks us through how high-achieving couples can actually maintain a balance between work and family. And, finally: If your life has become unsatisfying, confusing, and purposeless… consider designing a better one. Bill Burnett and Dave Evans, who teach a course at Stanford about constructing the life you want, are the co-authors of, “Designing Your Life: How to Build a Well-Lived, Joyful Life.” They explain how you can use design principles to achieve your career goals. Their advice? Get curious, talk to people in different fields, learn about the nuances of their jobs, and take baby steps towards your next goal.
2018-05-25	Designing Your Life	15:42	https://www.podtrac.com/pts/redirect.mp3/dovetail.prxu.org/106/b86edd17-db1d-4279-85ae-694835ba514f/IHUB_CSEG_WEB_052618.mp3		We all want fun and rewarding careers and personal lives. But, we never really learn how to achieve our life goals in college. Bill Burnett and Dave Evans, Stanford professors and co-authors of “Designing Your Life: How to Build a Well-Lived, Joyful Life,” invented a college course to change just that.
2018-05-18	Using Rugs As A Developmental Tool In Afghanistan	11:57	https://www.podtrac.com/pts/redirect.mp3/dovetail.prxu.org/106/dbcb4f3b-ef17-4b35-9842-39d2d761da76/IHUB_BSEG_WEB_051918.mp3		When Connie Duckworth visited Afghanistan in 2003, she was struck by two things: the deep poverty that engulfed the country and, by contrast, her own wealth and comfort. The former Goldman Sachs executive decided she needed to help and saw an opportunity in a skill many of the women already possessed: rug making. Duckworth created ARZU, a non-profit that employs Afghan women and gives them access to resources like education and healthcare. We talked with Duckworth about how this model might fit into the broader scope of international development.
2018-05-18	The Health Risks Of A Toxic Workplace	18:41	https://www.podtrac.com/pts/redirect.mp3/dovetail.prxu.org/106/64743654-e9c5-4c81-8c11-bc1c92e526c3/IHUB_ASEG_WEB_051918.mp3		When you think of dangerous work, you probably conjure up images of crab fishermen braving the frigid Atlantic, lumberjacks operating chainsaws, or truckers navigating icy roads. You probably don’t think of late nights at the office, or working overtime at the cash register. But maybe you should. Jeffrey Pfeffer, a professor of organizational behavior at Stanford University, argues that seemingly-innocuous workplaces have become increasingly bad for our health over the past few decades. He’s the author of “Dying for a Paycheck: How Modern Management Harms Employee Health and Company Performance - and What We Can Do About It.”
2018-05-18	Full Show: Workplace Connections	49:44	https://www.podtrac.com/pts/redirect.mp3/dovetail.prxu.org/106/f9548ca4-fd89-4a57-af12-719aa5f47a8b/IHUB_FULL_SHOW_WEB_BB_051918.mp3		You don’t have to fish for tuna to have a dangerous job. Stanford’s Jeffrey Pfeffer tells us why toxic workplaces lead to an enormous number of health problems. How weaving rugs can empower Afghan women. Everything is online nowadays. But what does that mean for the one in five Americans who can’t reliably access the internet?
2018-05-18	Dissecting America’s Digital Divide	17:39	https://www.podtrac.com/pts/redirect.mp3/dovetail.prxu.org/106/fbd17791-0ea3-447b-91a8-4c7b20e9cf67/IHUB_CSEG_WEB_051918.mp3		If you’re reading this, you almost certainly have access to the internet, which means you can check email anytime, do online banking, or investigate whether your kid’s rash is worthy of a trip to the doctor. But, across the country, about one in five people don’t have access to those tools. According to Angela Siefer, the executive director of the National Digital Inclusion Alliance, there are three main reasons why people don’t have internet connections: it’s unaffordable, it’s physically unavailable, or the household lacks digital literacy. Siefer talks about efforts to bridge this gap, and get everyone across the country connected.
2018-05-11	The Biology Behind Evil, Free Will, And Everything Else	24:30	https://www.podtrac.com/pts/redirect.mp3/dovetail.prxu.org/106/5913cc94-e4f1-407e-8dc0-487b407da8e1/IHUB_ASEG_WEB_051218_REV1.mp3		Humanity is simultaneously incredibly kind and incredibly violent. We commit indescribable atrocities, but also acts of incomprehensible compassion. There is both horror and beauty in our history. Which leads to the question… how do we reconcile this inherent contradiction? It all goes back to our biology, according to Robert Sapolsky, a neurobiologist at Stanford and author of the book “Behave: The Biology of Humans at our Best and Worst. In fact, all questions about human behavior are, at their core, about biology.
2018-05-11	The Beginnings Of Climate Science	09:35	https://www.podtrac.com/pts/redirect.mp3/dovetail.prxu.org/106/50acf4a0-934d-4d48-8d00-d596bb67dc4c/IHUB_BSEG_WEB_051218.mp3		For thousands of years, the level of CO2 in the atmosphere fluctuated relatively consistently (air bubbles trapped in Antarctic ice provide a record of the past). But, since around the 19th century, CO2 levels have been rising and haven’t really stopped. We know this partly because of the work of Charles Keeling. Keeling developed the first technique for accurately measuring CO2 in the air. He set-up a continuous measurement of CO2 on a volcano in Hawaii in 1958. When you plot out the data collected over years of CO2 observations, you can see a steady upward curve. It became known as the “Keeling Curve” and was an easy-to-understand piece of evidence for global warming. Ralph Keeling, Charles’ son, has now taken over his father’s work and serves as the Principal Investigator for the Atmospheric Oxygen Research Group at the Scripps Institution of Oceanography in San Diego. He spoke to us on the 60th anniversary of his father’s CO2 measurements.
2018-05-11	Life, Liberty And The Pursuit Of Corporate Happiness	14:17	https://www.podtrac.com/pts/redirect.mp3/dovetail.prxu.org/106/839c64ec-0bc7-4068-a99e-e4f6ea5f25dd/IHUB_CSEG_WEB_051218.mp3		Former presidential candidate Mitt Romney famously declared that “corporations are people” while on the campaign trail in 2011. The Iowa State Fair crowd jeered him and Romney launched into a stammering defense. But, if you look at Supreme Court cases from the past 200 years, Romney’s assessment wasn’t too far off. Corporations may not be people, but they enjoy many of the same basic rights we do. We talk with UCLA law professor Adam Winkler about his new book, “We The Corporations: How American Businesses Won their Civil Rights.”
2018-05-11	Full Show: Change In The Air	49:35	https://www.podtrac.com/pts/redirect.mp3/dovetail.prxu.org/106/a15e4ae4-c740-4849-bef9-a0b5c6117df6/IHUB_FULL_SHOW_WEB_BB_051218.mp3		Robert Sapolsky explains why it’s hard to act as if free will is an illusion… even if you believe that free will is an illusion. How the Keeling Curve, one of the most recognizable pieces of evidence of global warming, came to be. Corporations aren’t a minority group, but Adam Winkler says businesses have spent 200 years arguing for their civil rights.
2018-05-04	Why The Science Behind Artificial Sweeteners Ain’t So Sweet 	23:33	https://www.podtrac.com/pts/redirect.mp3/dovetail.prxu.org/106/e50374f2-474c-4fa8-9bb5-a482b4eae84d/IHUB_ASEG_WEB_050518.mp3	Saccharin; Splenda; Sugar; Sweeteners; artificial sweeteners	* Do you take your coffee black, or do you put a little something in it? Many Americans reach for an artificial sweetener if they’re concerned about their waistlines. But it turns out, the health benefits of sugar substitutes aren’t so simple. We spoke with University of Manitoba assistant professor Meghan Azad about her meta-analysis (a study of studies) on how artificial sweeteners could actually contribute to weight gain, diabetes, and heart disease. Then, a conversation with University of California, Davis professor of American studies Carolyn Thomas about her book, Empty Pleasures: The Story of Artificial Sweeteners from Saccharin to Splenda. *
2018-05-04	Why Our Fear Of Flying Is Immune To Statistics	10:05	https://www.podtrac.com/pts/redirect.mp3/dovetail.prxu.org/106/0f7885ba-6d92-4430-b0d3-1350c78a82a5/IHUB_BSEG_WEB_050518.mp3	Eugenia Cheng; Southwest; flying; travel	Despite a recent death in an accident on a Southwest flight, it’s still safer to fly than drive. So why do we still get sweaty palms before takeoff? Eugenia Cheng, a mathematician at the School of the Art Institute of Chicago, explains the math behind our fears… and how we might be able to overcome them.
2018-05-04	How Your Health Data Gets Sold	14:48	https://www.podtrac.com/pts/redirect.mp3/dovetail.prxu.org/106/e4bc1c72-0501-47f5-a4e3-17098cc8db6c/IHUB_CSEG_WEB_050518.mp3	Adam Tanner; Medical data; doctor; health; pharmaceuticals	In 2017, the fact that companies have access to personal data about us is common knowledge. But the data available to companies goes beyond just what websites you browse and where you’ve checked in on social media. Your (anonymized) medical information can be sold to drug companies to promote drugs - and to sell those to doctors in a process that is, shockingly, legal. Adam Tanner, a writer-in-residence at Harvard’s Institute for Quantitative Social Science, has written a book on this called “Our Bodies, Our Data: How Companies Make Billions Selling Our Medical Records.” We talk with him about the alarming trade in health data.
2018-05-04	 Full Show: A Spoonful Of Sugar	49:26	https://www.podtrac.com/pts/redirect.mp3/dovetail.prxu.org/106/c38a8d77-a8f4-4453-882a-a39212d2f29b/IHUB_FULL_SHOW_WEB_BB_050518.mp3	Innovation Hub; artificial sweeteners; medicine; travel	A spoonful of sugar may help the medicine go down… but what about a spoonful of Splenda? And what if the medicine you were taking with that sugar was a little less private than you thought? This week we’ve got stories about healthcare, artificial sweeteners, and the math behind our fears. First up, if you think that Sweet’N Low is healthier than sugar… you might want to reconsider. It turns out, the health benefits of sugar substitutes aren’t exactly clear-cut. We talk with University of Manitoba researcher Meghan Azad about how artificial sweeteners have proven unable to combat weight gain, diabetes, and heart disease. Then, a conversation with Carolyn Thomas about how sugar substitutes made their way into American households. Do you get scared when your plane takes off? It’s a common reaction, even though airline travel is one of the safest ways to travel. Eugenia Cheng, a mathematician at the School of the Art Institute of Chicago, explains the math behind our fears… and how we might be able to overcome them. If you think Facebook has too much of your personal information, wait until you hear what the pharmaceutical industry knows about you. Adam Tanner, author of the book, “Our Bodies, Our Data: How Companies Make Billions Selling Our Medical Records” tells us that your (anonymized) medical information might just be sold to drug companies. He dives into how this process happens, and why it remains legal.
2018-04-27	Why Board Games Reflect Our World	16:17	https://www.podtrac.com/pts/redirect.mp3/dovetail.prxu.org/106/041774c2-c726-423d-bdc4-fa03286f5b50/IHUB_CSEG_WEB_042818.mp3	"""Tristan Donovan""; ""board games""; Clue; Monopoly"	When we break out a board game, we are rarely doing it because we want a history lesson. But many board games mirror social trends from years past. Monopoly’s creator used her board game to demonstrate the evils of capitalism. The Game of Life started out as a way to reinforce 19th-century moral values. We speak with author Tristan Donovan about his book “It’s All a Game: The History of Board Games from Monopoly to Settlers of Catan” about the evolution and legacy of board games.
2018-04-27	How Inequality Plays Out in Preschool	14:27	https://www.podtrac.com/pts/redirect.mp3/dovetail.prxu.org/106/88367353-7f55-4b0b-8d0d-f32077ed7e1c/IHUB_BSEG_WEB_042818.mp3	"""Kathy Hirsh-Pasek""; ""achievement gap""; childhood"	It’s not hard to see the achievement gap in education. Students from lower-income backgrounds on average score lower on their SATs and are less likely to graduate from college than their higher-income peers. But this gap doesn’t just appear when kids reach adolescence. It stretches back to the early years of a child’s life, according to author Kathy Hirsh-Pasek, co-director of the Temple University Infant and Child Lab in Philadelphia. She says by the time children turn three years old, you can already observe a “dramatic” gap between those from lower-income and middle-income families. We talk with her about how this sets the foundation for future learning, and the best ways parents - and the government - can help kids progress.
2018-04-27	Full Show: Childish Things	49:42	https://www.podtrac.com/pts/redirect.mp3/dovetail.prxu.org/106/b5fe793a-2f7d-427f-ba0d-a2f5b8c16f9f/IHUB_FULL_SHOW_WEB_BB_042818.mp3	"""Brad Ricca""; ""Jerry Siegel""; ""Joe Shuster""; ""Kathy Hirsh-Pasek""; ""Tristan Donovan""; ""achievement gap""; ""board games""; ""comic books""; Clue; Monopoly; Superman; childhood"	Is it a bird? Is it a plane? Nope, it’s Superman... A character who both reflected - and changed - American pop culture. There’s a huge achievement gap in education. Kathy Hirsh-Pasek explains when it starts, and tells us how to combat it. If you’re looking for some controversy, look no further than board games. Seriously. Clue was scandalous, Twister was called “sex in a box.” We look at why why.
2018-04-27	After 1,000 Issues, Superman Still Resonates	17:47	https://www.podtrac.com/pts/redirect.mp3/dovetail.prxu.org/106/e6f1d9bb-f9af-4a92-b820-21b0a979c498/IHUB_ASEG_WEB_042818.mp3	Brad Ricca; Jerry Siegel; Joe Shuster; Superman	Superman has been around for 80 years. His comic book just released its thousandth issue. Movies featuring him have made billions of dollars at the box office. All told, he’s one of the most successful and popular characters in American fiction. And that success started in 1938 with two teenagers from Cleveland. To explore Superman’s origins, and his legacy, we talked with Brad Ricca, author of the book Super Boys: The Amazing Adventures of Jerry Siegel and Joe Shuster - the Creators of Superman.
2018-04-20	Why The Rich Don’t Want To See Themselves As Rich	20:02	https://www.podtrac.com/pts/redirect.mp3/dovetail.prxu.org/106/57529423-eef8-4c09-8ff1-48b511d1cc24/IHUB_CSEG_WEB_042118.mp3		Let’s say that you make more than $500,000 a year. You have a million bucks in the bank. Maybe you have a second home in the Hamptons. You’re rich, right? Well, to most people, it certainly looks that way. But even if you’re part of the 1%, you might not think of yourself as that wealthy. Rachel Sherman is a professor of sociology at The New School and the author of Uneasy Street: The Anxieties of Affluence.” She interviewed 50 wealthy New Yorkers about their attitudes toward their money. What she found was surprising, and impacts the lives of even those who might not have a million dollars in the bank.
2018-04-20	How Small Problems Snowball Into Big Disasters	15:16	https://www.podtrac.com/pts/redirect.mp3/dovetail.prxu.org/106/c6db5c40-2994-4c67-9fba-e024f35afa5f/IHUB_ASEG_WEB_042118.mp3		The Three Mile Island disaster caused hundreds of thousands of people to evacuate their homes. It absolutely dominated the news cycle. It led to a complete rethinking of nuclear energy. And it all stemmed from a plumbing problem, a valve that didn’t shut. But the Three Mile Island accident isn’t the only meltdown caused by a seemingly small issue that snowballed into a gigantic disaster. To find out exactly how this happens, we talked with Chris Clearfield, co-author of “Meltdown: Why Our Systems Fail and What We Can Do About it.”
2018-04-20	Full Show: Looking Back, Looking Forward 	49:42	https://www.podtrac.com/pts/redirect.mp3/dovetail.prxu.org/106/2f287058-6ce6-4bf5-814e-1f227b46f305/IHUB_FULL_SHOW_WEB_BB_042118.mp3		First up: We live in a world run by complicated systems. And the failure to understand those systems can have pretty dire consequences. Then: What’s that one song you keep listening to on repeat? Turns out, that tune could be used as therapy to improve your quality of life as you get older. Finally: It might seem like rich people don’t have a care in the world, but sociology professor Rachel Sherman found that some 1 percenters feel uneasy about publicly displaying their wealth.
2018-04-20	Can Music Help Improve Memory?	12:50	https://www.podtrac.com/pts/redirect.mp3/dovetail.prxu.org/106/af8716a1-f70a-4886-adbb-fc1276bad2eb/IHUB_BSEG_WEB_042118.mp3		ABBA, Patsy Cline, and Frank Sinatra are filling the earbuds of elderly people all over America. Why? Eldercare services and nonprofit organizations are increasingly using music as a therapeutic tool to stir up memories and soothe anxiety. Innovation Hub takes a look at the science behind these programs, as well as the lives that they’re changing.
2018-04-13	What’s Your Job Really Worth?	13:43	https://www.podtrac.com/pts/redirect.mp3/dovetail.prxu.org/106/24ab2ffe-d668-4b51-bce0-54b684320c66/IHUB_CSEG_WEB_041418.mp3	Robert Frank; job satisfaction; salary	We know the old adage, “money can’t buy you love.” But, we also know the feeling that if we had just a little more money, we might be just a little more happy. Figuring out the balance between the two can be tough. How much value should you put in your paycheck? Cornell economist Robert Frank agrees that it’s complicated, but he might also have some answers for us.
2018-04-13	The Future Of Making Babies	16:52	https://www.podtrac.com/pts/redirect.mp3/dovetail.prxu.org/106/8912226c-2050-4ade-b6bb-82916e3fe56d/IHUB_BSEG_WEB_041418.mp3	Hank Greely; conception; genetics; reproduction	We’ve made babies pretty much the same for a very long time. No need to get into the specifics, but for the majority of people throughout human history, sex and reproduction have been inextricably linked. But, according to Hank Greely, a professor at Stanford and author of “The End of Sex and the Future of Human Reproduction,” that all may change. And it may change sooner than we think.
2018-04-13	Levittown And The Rise Of The American Suburb	17:36	https://www.podtrac.com/pts/redirect.mp3/dovetail.prxu.org/106/799a4f81-c95c-4e26-8371-6c93fe3e84aa/IHUB_ASEG_WEB_041418.mp3	Lawrence Levy; Levittown; suburbs	When people get sick of urban living, there’s a clear alternative: the suburbs. But how did the suburbs become so popular in America? After World War II, Bill Levitt cleared a few potato fields on Long Island, New York, and created an orderly suburb, Levittown. We talk with the Executive Dean of Hofstra University’s National Center for Suburban Studies, Lawrence Levy, about how Levittown, and the advent of the modern suburbs, changed the nation.
2018-04-13	Full Show: For Love Or Money	49:28	https://www.podtrac.com/pts/redirect.mp3/dovetail.prxu.org/106/e1d5fe10-aaf8-4831-832f-01708019f284/IHUB_BB_WEB_041418.mp3	Hank Greely; Lawrence Levy; Levittown; Robert Frank; conception; genetics; job satisfaction; reproduction; salary; suburbs	First up, after WWII, lots of soldiers came home and started families. And businessman Bill Levitt saw that as an opportunity. We’ll talk with Lawrence Levy, the Executive Dean of Hofstra University’s National Center for Suburban Studies, about the rise of the American suburbs and how this new version of the American dream left some people out. Then, an entirely different sort of baby boom. According to Stanford’s Hank Greely, “In 20 to 40 years, most babies born to people with good health coverage anywhere in the world will not have been conceived in bed or in the backseat of a car, but will have been conceived in a clinic.” Yep, you read that right. And finally, will a pay raise really make you happy? Turns out, not necessarily. Cornell economist Robert Frank walks us through the value people put into their paycheck - and what kinds of jobs are worth taking a pay cut for.
2018-04-06	Why Cities Shouldn’t Lure Companies With Tax Breaks	16:27	https://www.podtrac.com/pts/redirect.mp3/dovetail.prxu.org/106/d34f41e9-b028-44f2-9538-d1bf0428d598/IHUB_BSEG_WEB_040718.mp3	"""Nathan Jensen""; ""corporate incentives""; ""tax breaks""; Amazon; corporations"	The competition for Amazon’s second headquarters has gotten a lot of attention recently. And that makes sense. After all, cities have offered Amazon billions of dollars in tax incentives, free workforce training, and all sorts of other perks. Bloomington, Minnesota, even suggested building a monorail. But cities and states aren’t just trying to woo Amazon. They’re fighting over all sorts of corporations. And that might be a big mistake. Nathan Jensen, a professor at the University of Texas at Austin and co-author of Incentives to Pander: How Politicians Use Corporate Welfare for Political Gain, explains what’s going on in the incentives arms race.
2018-04-06	What’s Wrong With Our Bodies?	19:56	https://www.podtrac.com/pts/redirect.mp3/dovetail.prxu.org/106/bdcaf363-d96b-448b-8a31-cde0cdd04775/IHUB_ASEG_WEB_040718.mp3	"""Nathan Lents""; ""human error""; ""natural selection""; evolution"	Humans have a tailbone for a tail we don’t have, wisdom teeth that don’t fit in our mouths, and tonsils that only seem to cause problems. Each of these “mistakes” can tell us a little bit about how we evolved and why we were so successful in spite of these flaws. We talk about our body’s quirks with biologist Nathan Lents, author of “Human Errors: A Panorama of Our Glitches, from Pointless Bones to Broken Genes.”
2018-04-06	The History Of A Forgotten Plague	12:11	https://www.podtrac.com/pts/redirect.mp3/dovetail.prxu.org/106/62cb0f89-0692-41f4-9145-235563955abd/IHUB_CSEG_WEB_040718.mp3	"""Laura Spinney""; ""Spanish Flu of 1918""; ""World War I"""	The competition for Amazon’s second headquarters has gotten a lot of attention recently. And that makes sense. After all, cities have offered Amazon billions of dollars in tax incentives, free workforce training, and all sorts of other perks. Bloomington, Minnesota, even suggested building a monorail. But cities and states aren’t just trying to woo Amazon. They’re fighting over all sorts of corporations. And that might be a big mistake. Nathan Jensen, a professor at the University of Texas at Austin and co-author of Incentives to Pander: How Politicians Use Corporate Welfare for Political Gain, explains what’s going on in the incentives arms race.
2018-04-06	Full Show: When Things Go Wrong	49:40	https://www.podtrac.com/pts/redirect.mp3/dovetail.prxu.org/106/45aecf41-8a6c-4f60-a8ce-471dc4565880/IHUB_FULL_SHOW_WEB_BB_040718.mp3	"""Laura Spinner""; ""Nathan Jensen""; ""Nathan Lents""; ""Spanish Flu of 1918""; ""human error""; ""tax breaks""; Amazon; corporations; evolution; pandemics"	The human body is kind of a mess. Why is that? Politicians are willing to do anything to bring new jobs to their city. That’s not necessarily a good thing. The Spanish Flu was the most devastating pandemic since the Black Death. And it’s been mostly forgotten.
2018-03-30	The Difference Between Pleasure And Happiness	17:16	https://www.podtrac.com/pts/redirect.mp3/dovetail.prxu.org/106/6810cb66-07c4-473d-97d0-073efcaf1794/IHUB_WEB_CSEG_033118.mp3	Robert Lustig; corporations	In the last few decades, Americans have become fatter, sicker, more depressed, more addicted, and, often, unhappy. At least, that’s according to physician Robert Lustig, author of the book “The Hacking of the American Mind: The Science Behind the Corporate Takeover of Our Bodies and Brains.” He says that we’re facing four big crises in our country: a health care crisis, a social security crisis, an opioid crisis, and a depression crisis. And he argues that while these crises might seem different, they’re really all about the confusion of “pleasure” and “happiness.”
2018-03-30	How Neuroscience Is Changing The Law  	15:02	https://www.podtrac.com/pts/redirect.mp3/dovetail.prxu.org/106/f0dba125-d51e-42be-9a1b-c02e7237e7d6/IHUB_WEB_BSEG_033118.mp3	Francis Shen; neurolaw	Francis Shen says that he often calls neurolaw a “new” and “emerging” field, but even he doesn’t completely believe that. Shen is an associate law professor at the University of Minnesota and executive director of education for the MacArthur Foundation Research Network on Law. He says we’ve been using neuroscience in law for decades, but there have been some major developments over the last few years. For example, brain science is increasingly informing how we view criminals — especially adolescents — and how we sentence people. We talk with Shen about the influence neurolaw has on society and how the field has developed over time.
2018-03-30	Full Show: Mind Over Matter	49:24	https://www.podtrac.com/pts/redirect.mp3/dovetail.prxu.org/106/e73deda5-687b-4610-aa30-2f9a71fb48f6/IHUB_FULL_SHOW_WEB_BB_033118.mp3		American democracy. Where the people tell the politicians what to do… right? It turns out, politicians actually influence voters more than you think. Then: We know more about the brain than ever before. Law professor Francis Shen talks about how what we’ve learned is playing out in our legal system. Finally: That sugar-filled doughnut might bring you pleasure, but it probably doesn’t make you happy. Pediatrician Robert Lustig says, yes, there’s a difference between the two, and Americans are focusing too much on pleasure.
2018-03-30	Do We Shape Politicians, Or Do They Shape Us?	15:31	https://www.podtrac.com/pts/redirect.mp3/dovetail.prxu.org/106/6c33fe3d-6879-42f7-849c-59146a6f9fd8/IHUB_WEB_ASEG_033118.mp3	Gabriel Lenz; political influence	You’re at the voting booth, ready to cast your vote for the candidate who will support the issues you care about. But how did you come to care about those issues to begin with? Did you and your fellow Americans set the political agenda, or do politicians dictate what’s important? Gabriel Lenz is the author of “Follow the Leader?: How Voters Respond to Politicians’ Policies and Performance.” We talk with him about political influence and how it shapes democracy.
2018-03-23	Why Practice Rarely Makes Perfect	07:43	https://www.podtrac.com/pts/redirect.mp3/dovetail.prxu.org/106/8b49744f-b0cd-449c-9b44-06f1e5fd2e5d/IHUB_CSEG_WEB_032418.mp3		It’s 1:30 in the morning, and you’re obsessing over whether the conclusion you’ve written captures the essence of your research paper. But is putting in all this time and effort actually paying off? Eugenia Cheng, a scientist in residence at the School of the Art Institute of Chicago, explains that by using the concept of diminishing returns, we’ll find that perfectionism isn’t all that it’s cracked up to be.
2018-03-23	Selfies And The Self	21:23	https://www.podtrac.com/pts/redirect.mp3/dovetail.prxu.org/106/3f203bde-b2c9-46c8-9d29-8fe4572d1b41/IHUB_BSEG_WEB_032418.mp3		Twitter. Selfie-sticks. Reality TV. It can seem like our society is becoming more narcissistic and self-involved. (Just read a few of the boatload of articles and think-pieces on this topic) But are we really more self-centered? The answer involves Aristotle, Ayn Rand, and ‘80s-era California. At least, that’s according to Will Storr, author of the book, Selfie: How We Became Self-Obsessed and What It’s Doing to Us. He explains how our conception of self has changed throughout human history, and why we’re so self-involved today.
2018-03-23	Full Show: All For One	49:12	https://www.podtrac.com/pts/redirect.mp3/dovetail.prxu.org/106/7e44c1ee-5a3a-4168-9373-da641b0f58b2/IHUB_FULL_SHOW_WEB_BB_032418.mp3		Henry Ford didn’t just bring standardization to his plants. He also wanted to standardize his workers. Joshua Freeman walks us through the history of the factory. Doesn’t everyone seem so self-involved nowadays? Well, maybe, but not necessarily for the reasons you might think. Turns out, being a perfectionist might just make your work less perfect.
2018-03-23	From Ford to Foxconn: A History of Factories	18:44	https://www.podtrac.com/pts/redirect.mp3/dovetail.prxu.org/106/e3fdec11-a4f6-4307-9f69-b2c398db1715/IHUB_ASEG_WEB_032418.mp3		Look around you: at your computer, your phone, your water bottle, or the books on your desk. Chances are, all of these things were made in a factory. Factories fuel the modern world. And they’ve shaped our society - from politics, to work, to leisure. Joshua Freeman, author of Behemoth: A History of the Factory and the Making of the Modern World, walks us through the history of the factory, and how it still impacts our daily lives.
2018-03-16	Why Americans Pay So Much For Drugs	16:43	https://www.podtrac.com/pts/redirect.mp3/dovetail.prxu.org/106/b8b818e2-5225-4bc3-bddc-45c656bffd8f/IHUB_CSEG_WEB_031718_REV.mp3		If you've noticed the cost of your medication going up over the years, you're not alone. Humira, the top selling drug in the U.S., has doubled in price since 2012, costing more than $38,000 a year. Meanwhile, pharmaceutical companies are finding it harder and harder to develop new products. We talk with journalists Matthew Herper and Barry Werth about the challenges of developing affordable drugs.
2018-03-16	Full Show: Bring On The Competition 	49:05	https://www.podtrac.com/pts/redirect.mp3/dovetail.prxu.org/106/9133947e-603d-4a7b-9947-819e5aaf9c6f/IHUB_FULL_SHOW_WEB_BB_031718.mp3	Charles Mann; Martin Shkreli; Robert Morse; Scott Jaschik; college rankings; environment; pharmaceuticals; sustainability	First, U.S. News releases its college rankings each year to much fanfare. But are they actually hurting higher ed? We ask journalist Scott Jaschik and U.S. News’ Robert Morse. Then, there will be 10 billion people on the planet by 2050. That’s a lot of mouths to feed. Can we do it without destroying Earth’s resources? We talk with science writer Charles Mann about different approaches to tackling this problem. Finally, you’ve heard the name Martin Shkreli, but there are many other executives responsible for hiking drug prices. We peek into the complex world of Big Pharma.
2018-03-16	Feeding A Growing Global Population	17:24	https://www.podtrac.com/pts/redirect.mp3/dovetail.prxu.org/106/4299511d-c3fd-4d97-b656-3c802a1be611/IHUB_BSEG_WEB_031718.mp3		The global population is steadily climbing, and by 2050, scientists expect that 10 billion people will call Earth home. This got science writer Charles Mann wondering: How are we going to feed all of those mouths without completely destroying the planet? Mann explores this question in his new book, “The Wizard and the Prophet: Two Remarkable Scientists and their Dueling Visions to Shape Tomorrow’s World.” We talk with him about whether innovation, conservation, or some mixture of the two, that will save humanity.
2018-03-16	Are College Rankings Actually Useful?	13:27	https://www.podtrac.com/pts/redirect.mp3/dovetail.prxu.org/106/03f391a5-1cc9-45db-9821-dec98ecde03d/IHUB_ASEG_WEB_031718.mp3		In 1983, U.S. News & World Report began ranking America’s colleges. More than 30 years later, they continue to release annual lists of the “best” schools in the country. We talk with Inside Higher Ed’s Scott Jaschik and U.S. News’ Robert Morse about how these rankings have shaped how students select colleges in America.
2018-03-09	The Extremely Bloody And Unimaginably Gross History Of Surgery	17:10	https://www.podtrac.com/pts/redirect.mp3/dovetail.prxu.org/106/b3228448-1d20-4f32-9024-f0f5ef7de2a9/IHUB_FULL_SHOW_WEB_ASEG_031018.mp3		For most of 1800s, surgery was disgusting, filthy, and unsafe. Hospitals were places people desperately tried to avoid, and operations didn’t always result in a clean bill of health. You might even get your testicles accidentally sawed off during a leg amputation. But this all changed with Joseph Lister, who transformed the way that doctors approach surgeries. We talked to Lindsey Fitzharris, author of “The Butchering Art: Joseph Lister's Quest to Transform the Grisly World of Victorian Medicine” about how this shift happened.
2018-03-09	 Why Buying Time Makes You Happier	15:05	https://www.podtrac.com/pts/redirect.mp3/dovetail.prxu.org/106/6d358fc5-fcbd-401a-a074-3a898e8530ea/IHUB_FULL_SHOW_WEB_CSEG_031018.mp3		You’re counting down until payday, waiting for the moment when a direct deposit turns your bone-dry bank account into a lush oasis. But what should you spend your hard-earned money on? Fancy dinners? The new iPhone? Avocado toast? We talk with Harvard Business School associate professor Ashley Whillans, who says that if you truly want your money to make you happier, consider spending it on things that will save you time.
2018-03-09	 The Rise Of Big Philanthropy	16:29	https://www.podtrac.com/pts/redirect.mp3/dovetail.prxu.org/106/c3a18dd5-ff68-413d-acb9-800a07d9dae3/IHUB_FULL_SHOW_WEB_BSEG_031018.mp3		When the super-wealthy make the decision to give away their money, many of them choose causes that align with their personal values and politics. From Bill and Melinda Gates’ donations to put the Common Core in classrooms to the Koch brothers’ sweeping financial support of conservative causes, it is apparent that the wealthy can use philanthropy as a tool to shape the world in the ways they see fit. David Callahan explores the outsized influence that these donations can have -- and how they can undermine civic equality -- in his new book, The Givers: Wealth, Power, and Philanthropy in a New Gilded Age.
2018-03-09	 Full Show: Changing The System	49:44	https://www.podtrac.com/pts/redirect.mp3/dovetail.prxu.org/106/30838294-cde7-4fce-bb0e-e7f1366fea3b/IHUB_BB_FULL_SHOW_WEB_031018.mp3		Surgery in the 19th century was a special kind of gross. We’re talking maggot-ridden hospital beds and unwashed tools. We take a look at how surgery turned into the sterile practice we know today. Then, we tend to love or hate wealthy philanthropists depending on whether their politics align with our own. David Callahan explains how the political influence of billionaires is changing our world. Finally, it’s tempting to spend your hard-earned paycheck on fancy gadgets and kale. But what if, instead, we spent it on services that saved us time? Turns out, we all might be a lot happier.
2018-03-02	Why Americans Pay More For Solar Panels	13:46	https://www.podtrac.com/pts/redirect.mp3/dovetail.prxu.org/106/26ea5d05-2327-4689-afaa-a8b4bb43e110/IHUB_CSEG_WEB_030318.mp3	Andrew Birch; Australia; Innovation Hub; Kara Miller; PRI; WGBH; solar energy; solar panel	Let’s say you want to install some solar panels on your home. For the average homeowner, that will set you back around $16,000, according to Andrew Birch, former CEO of the solar installation company Sungevity. In Australia, you would pay about $7,000. And it’s not just Australia where it’s cheaper. Birch says that the US is an outlier when it comes to how much solar installation costs the regular consumer. Why? Birch explains.
2018-03-02	The Life of P.T. Barnum 	17:35	https://www.podtrac.com/pts/redirect.mp3/dovetail.prxu.org/106/371e994e-7368-4450-a9e8-8302393cb039/IHUB_ASEG_WEB_030318.mp3	Donald Trump; Kara Miller; P.T. Barnum; PRI; Stephen Mihm; WGBH	He was a huckster, a showman, and a consummate businessman. P.T. Barnum and his exhibitions presented “freaks” and oddities from abroad, while also shaping the definition of what it means to be an American. We speak with Stephen Mihm, editor of the book, The Life of P.T. Barnum, Written by Himself , about Barnum’s lasting contribution to American culture.
2018-03-02	Rodney Brooks Predicts The Future (Kinda) 	17:05	https://www.podtrac.com/pts/redirect.mp3/dovetail.prxu.org/106/c33868c6-60db-403f-8a5e-451e95bef496/IHUB_BSEG_WEB_030318.mp3	Innovation Hub; Kara Miller; MIT; PRI; Rodney Brooks; WGBH	If you could talk to some folks who attended the 1964 World’s Fair, they might be a little disgruntled. After all, they were promised jet packs, flying cars , and vacations to Mars in the near future. Alas, we have none of those things, and yet we still expect transformative technologies like self-driving cars to be part of our lives soon. This week, we talk with robotics pioneer Rodney Brooks about the art of predicting when new technology will go mainstream.
2018-03-02	 Full Show: Big Bets 	49:41	https://www.podtrac.com/pts/redirect.mp3/dovetail.prxu.org/106/6732dd16-9074-4d3d-9e06-3eedb996cb01/IHUB_BB_FULL_SHOW_WEB_030318.mp3	Andrew Birch; Innovation Hub; Kara Miller; MIT; P.T. Barnum; PRI; Rodney Brooks; Stephen Mihm; WGBH; robots Artificial Intelligence	He was a dynamic entertainer and a prolific business man, but P.T. Barnum was also responsible for shaping how we view celebrity and fake news. We look at how Barnum’s impact lives on. Then, we have a lot of faith that self-driving cars - and a bunch of other technologies - will be a part of our life very soon. But, according to roboticist Rodney Brooks, we should take that enthusiasm down a notch. Finally, Americans pay more for solar panels than people in other countries. Andrew Birch, former CEO of the solar installer Sungevity, says permits and regulations are to blame.
2018-02-23	When “Useless” Research Has Long-Term Benefits	15:37	https://www.podtrac.com/pts/redirect.mp3/dovetail.prxu.org/106/786405c6-bdf5-45ee-820b-c30a6f220edc/IHUB_CSEG_WEB_022418.mp3	Robbert Dijkgraaf; science research	Back in the 1990s, the Digital Libraries Initiative from the National Science Project supported a small project out of Stanford University. It sounded obscure, and a lot of people thought it wasn’t exciting, and would have little real-world application. But on that team were two graduate students – Larry Page and Sergey Brin – the founders of Google. The modest grant ended up paying off very well, according to Robbert Dijkgraaf, a physics professor and the director of the Institute for Advanced Studies at Princeton. He recently wrote a companion essay to Abraham Flexner’s 1939 piece, “The Usefulness of Useless Knowledge,” explaining why Flexner’s ideas are even more relevant today. We talk with Dijkgraaf about why governments should fund more basic research that doesn’t necessarily have immediate results, like the project at Stanford – and how it can actually reap huge rewards in the long run.
2018-02-23	How Your Brain Interacts With Food	18:03	https://www.podtrac.com/pts/redirect.mp3/dovetail.prxu.org/106/c3c611f3-f8f2-4ff2-99e4-3af0a0f864bf/IHUB_ASEG_WEB_022418_REV.mp3	Rachel Herz; food; psychology	We know that our brain plays tricks on us, but did you know the size of your plate can dictate how much you eat? Or that a bowl filled with jelly beans in a variety of colors will induce you to eat more than a series of bowls with the jelly beans separated out by color? Rachel Herz, a neuroscientist at Brown University and the author of Why You Eat What You Eat: The Science Behind Our Relationship with Food, describes the psychology that influences our eating habits.
2018-02-23	Full Show: Fooling Ourselves 	49:25	https://www.podtrac.com/pts/redirect.mp3/dovetail.prxu.org/106/1cf62d36-ffe5-4a2f-a7ea-0ee8e13c0e60/IHUB_FULL_SHOW_WEB_BB_022418.mp3	Eric Patashnik; Rachel Herz; Robbert Dijkgraaf; evidence-based medicine; food; psychology; useless research	Willpower isn’t the only thing dictating what you eat. Neuroscientist Rachel Herz says the color, shape, and presentation of food has a major impact on our diet. Then, there’s not as much evidence-based decision-making in medicine as you might expect. We take a look at why. Finally, we talk with physics professor Robbert Dijkgraaf about why funding basic scientific research can yield powerful results down the road.
2018-02-23	Are You Getting Evidence-Based Healthcare?	14:30	https://www.podtrac.com/pts/redirect.mp3/dovetail.prxu.org/106/2dfded8a-fff0-4eaa-bbc3-bc36eb60c6d0/IHUB_BSEG_WEB_022418_REV.mp3	Eric Patashnik; evidence-based medicine	Nearly half of medical procedures may not be based on sound science. That’s according to Eric Patashnik, director of Brown University’s public policy program. And he says it’s not necessarily your doctor’s fault. How did we get to this point? We put that question to Patashnik, who is co-author of the new book, “Unhealthy Politics: The Battle over Evidence-Based Medicine.”
2018-02-16	No Technology, No Problem for Innovative Amish	13:34	https://www.podtrac.com/pts/redirect.mp3/dovetail.prxu.org/106/765adcd8-5168-4f78-8812-635890812db8/IHUB_CSEG_WEB_021718.mp3	Amish; Donald Kraybill; business; innovation	How have the Amish thrived in a world without technology? They’ve hacked and innovated, says Elizabethtown College professor Donald Kraybill. Entrepreneurs can still succeed within the confines of their culture. It just takes a little imagination.
2018-02-16	Full Show: Cultural Impact	49:56	https://www.podtrac.com/pts/redirect.mp3/dovetail.prxu.org/106/0a3ad573-a155-4fca-848d-b821e7d1dbe2/IHUB_BB_021718.mp3	Amish; David Rose; Donald Kraybill; Hollywood; Marc Wanamaker; business; internet of things; movie industry; product design; sound	Behind movies like “Sunset Boulevard” and “Singin’ In The Rain,” there’s a real story about how Hollywood adapted to a groundbreaking innovation: sound.* * A smart watch might make sense… but a smart toilet? We talk with David Rose about the future of the connected home. Turns out, some members of the Amish community are using 3D printers. Find out how their community has thrived without - and with - technology.
2018-02-16	Enchanting Your Home	14:12	https://www.podtrac.com/pts/redirect.mp3/dovetail.prxu.org/106/a561f05a-ced6-435e-8c45-681e261fbafa/IHUB_BSEG_WEB_021718.mp3	David Rose; Internet of Things; product design	David Rose has spent much of his career designing products that try to make the ordinary devices we use every day more magical: an umbrella that can tell you whether you actually need an umbrella that day, a pill bottle that alerts someone if you haven’t opened it in a while. We ask him how our products are learning more and more about us… and why that’s both good and bad.
2018-02-16	Bringing Sound to Hollywood 	20:49	https://www.podtrac.com/pts/redirect.mp3/dovetail.prxu.org/106/a89f0dd0-2e62-40e7-9656-080a1ec923df/IHUB_ASEG_WEB_021718.mp3	Hollywood; Marc Wanamaker; movie industry; sound	IMAX, 3D glasses, VHS, technicolor… technology has continually reshaped Hollywood. But perhaps the biggest, most important change happened early in the industry’s history: the transition from silent films to talkies. Marc Wanamaker, a longtime Hollywood historian and consultant on films like “La La Land,” walks us through what happened, and how it forever transformed the silver screen.
2018-02-09	Rethinking Physical Limits	16:08	https://www.podtrac.com/pts/redirect.mp3/dovetail.prxu.org/106/e4f0a810-a121-42b4-8292-d455328ea5b3/IHUB_BSEG_WEB_021018.mp3	Alex Hutchinson; athletes; endurance	As you watch Shaun White execute a trick on the halfpipe, or Ashley Wagner land a triple axel, or Lindsey Vonn race down the slope… you might ask yourself a question. What exactly separates me from these Olympic athletes? Obviously, there’s the years of training and the fact that they’re extraordinarily fit, but there’s also something else. Something mental. Something that lets them push their limits. To find out exactly what this is, we talked with Alex Hutchinson, author of Endure: Mind, Body, and the Curiously Elastic Limits of Human Performance .
2018-02-09	How Nature Can Make You Healthier	13:43	https://www.podtrac.com/pts/redirect.mp3/dovetail.prxu.org/106/2aacc071-61ff-4dd6-88d6-3f38bedff765/IHUB_CSEG_WEB_021018.mp3	Florence Williams; health; nature	The sound of waves on a rocky beach. The smell of soil after the rain. The warmth of the sun on your skin. Nature just feels good. But a growing body of research suggests that it might be good for you, too. Florence Williams, author of The Nature Fix: Why Nature Makes Us Happier, Healthier, and More Creative, explains why going outside can make you feel better.
2018-02-09	Full Show: Unexpected Connections	49:54	https://www.podtrac.com/pts/redirect.mp3/dovetail.prxu.org/106/d02973da-da75-4a20-8147-d68818fbe8fd/IHUB_BB_021018.mp3	Alex Hutchinson; Facebook; Florence Williams; Niall Ferguson; athletes; endurance; health; nature; printing press; social networks	Turns out, the Russian Revolution can teach us a lot about the power of Twitter. Niall Ferguson walks us through the history of networks. Olympic athletes aren’t born with a tolerance for pain. They’ve just learned how to suffer. A tree a day keeps the doctor away. Florence Williams explains why going outside can make you feel better.
2018-02-09	500 years Of Social Networks	19:05	https://www.podtrac.com/pts/redirect.mp3/dovetail.prxu.org/106/95e2d1ba-8f6d-4b82-8883-a6339c1d1a19/IHUB_ASEG_WEB_021018.mp3	Facebook; Niall Ferguson; printing press; social networks	It’s easy to look at our social networks and think that they’re completely unprecedented. After all, it wasn’t like Abraham Lincoln could see how many likes he was getting on Facebook. But according to Niall Ferguson, that’s a narrow view of history. Ferguson, author of the new book, The Square and the Tower: Networks and Power, from the Freemasons to Facebook, explores how networks have altered the course of human events, and tells us what we can learn about our own social networks by examining the networks of the past.
2018-02-02	Why The Next China Is Africa	14:26	https://www.podtrac.com/pts/redirect.mp3/dovetail.prxu.org/106/74556c41-ea8c-4e0b-a3d9-d5b32855285a/IHUB_CSEG_WEB_020318.mp3	Africa; China; Irene Yuan Sun; jobs	If you listen to politicians, it may seem like America is losing its manufacturing jobs to China. If you’ve listened to our show before, you know that’s not the whole picture. Automation has taken many jobs, China isn’t the only manufacturing powerhouse, and even when jobs do move to China... they don’t necessarily stay there. In fact, some Chinese manufacturing is moving to an area of the world you might not expect: Africa. Irene Yuan Sun, author of the forthcoming book The Next Factory of the World, has studied this shift, and she thinks that it’s a big deal.
2018-02-02	When Big Business Wades Into Big Social Issues	16:17	https://www.podtrac.com/pts/redirect.mp3/dovetail.prxu.org/106/967e100b-16b6-478d-9354-45fe12211f22/IHUB_ASEG_WEB_020318_REV.mp3	Aaron Chatterji; business; social issues	"""The President Stole Your Land."" These words stood front and center on the website of outdoor gear company Patagonia last year. The message followed President Trump's announcement that he would severely reduce the size of several national monuments in Utah. Patagonia is one of many companies that have started taking public stances on social and political issues. We speak with Duke University associate professor Aaron Chatterji about what's motivating big business to get more political."
2018-02-02	The Women Who Broke World War II Codes	17:51	https://www.podtrac.com/pts/redirect.mp3/dovetail.prxu.org/106/4c397a26-813e-4b85-9e4e-1782ad8d0cea/IHUB_BSEG_WEB_020318_REV.mp3	Liza Mundy; codebreaking	During World War II, a flurry of coded messages were sent by the Axis powers. Data on troop movements, supplies, ship locations... all transmitted via code. But these messages didn't necessarily stay coded for long. The Allies were able to intercept, decode, and learn the vital wartime secrets contained within many of these transmissions. These codebreaking efforts were vital in ending the war. And the people who actually did a lot of this work were women - over ten thousand of them. Liza Mundy is the author of Code Girls: The Untold Story of the American Women Code Breakers of World War II, and she tells us about this little-known part of American history.
2018-02-02	Full Show: The Personal And The Political	49:56	https://www.podtrac.com/pts/redirect.mp3/dovetail.prxu.org/106/ece6789c-7b28-433b-abf9-38a28daeab9c/IHUB_BB_020318.mp3	Aaron Chatterji; Africa; China; Irene Yuan Sun; Liza Mundy; business; codebreaking; social issues	Corporations and brands are weighing in on hot-button issues. Aaron Chatterji explains why that might be good for business. More than 10,000 women worked as codebreakers during World War II, but their contributions have largely been ignored. Liza Mundy tells their story. The jobs that went to China? Well, a lot of them are moving to Africa.
2018-01-26	Russia And The 2018 Elections	19:17	https://www.podtrac.com/pts/redirect.mp3/dovetail.prxu.org/106/0579c73c-24ef-4627-9a81-c4df362a7385/IHUB_ASEG_WEB_012718.mp3	Elections; Hacking; Peter Singer; Russia	At this point, it's obvious that Russia attempted to influence the outcome of the 2016 Presidential election. But on the brink of another season of primaries and elections, the question becomes: what happens now? Is Russia going to get involved in the 2018 elections? And what, if anything, can America do about it? To answer these questions, we talked to Peter Singer, a senior fellow at the New America think tank, and author of Cybersecurity and Cyberwar: What Everyone Needs to Know.
2018-01-26	Journalism's Fight For Your Attention  	13:29	https://www.podtrac.com/pts/redirect.mp3/dovetail.prxu.org/106/193460ac-2a45-47f5-9556-1778217b3566/IHUB_CSEG_WEB_012718.mp3	Media; Paul Green	"For the last decade, newspaper circulation has seen a staggering drop. Meanwhile, more than 90 percent of today's adults get their news online. So how are journalism outlets adjusting to a digital world? We talk with Franklin Foer, author of the book, ""World Without Mind: The Existential Threat of Big Tech,"" about how social media and CEOs like Jeff Bezos have changed the journalism game."
2018-01-26	How Criticism Shapes Our Workplace	14:58	https://www.podtrac.com/pts/redirect.mp3/dovetail.prxu.org/106/d5e30186-1f44-4065-be95-c96d1d677ac8/IHUB_BSEG_WEB_012718.mp3	Paul Green; criticism	Whether it's at home or at the office, we're always facing criticism. And while feedback isn't always a bad thing, it can affect your relationships. We talk with Paul Green, a doctoral candidate at Harvard Business School, about his research on criticism and why it's important to build connections with people before doling out feedback.
2018-01-26	Full Show: Burying The Lede	48:40	https://www.podtrac.com/pts/redirect.mp3/dovetail.prxu.org/106/b6ed1e28-33d9-423f-80ce-f880d714fdc3/IHUB_FULL_SHOW_WEB_ASEG_012718.mp3	Criticism; Franklin Foer; Hacking; Innovation Hub; Media; Paul Green; Peter Singer	What do Russian hackers want in the 2018 elections? P. W. Singer says they're not engaged in a charm offensive. Instead, they're trying to divide Americans and sow distrust of the media. Then, from your romantic partner to your boss, there's no way of escaping criticism. But Paul Green says that negative feedback is actually changing the way we create social circles. Finally, media outlets are catering their content to your clicks. But what does that do to the news? Franklin Foer talks about how the digital media landscape is evolving and what it takes to turn a profit.
2018-01-19	When To Do Everything	20:09	https://www.podtrac.com/pts/redirect.mp3/dovetail.prxu.org/106/d259d1ee-9ca5-4f9b-bd5c-29f227425359/IHUB_A1_WEB_021018.mp3	Dan Pink; Psychology; Timing; When	"Does it matter when you go in for an operation? When a jury hears your case? What year you're born in? The answer in all three of these cases: yes. Dan Pink took a deep dive into the science behind how timing affects our lives. He's author of the new book, ""When: The Scientific Secrets of Perfect Timing."""
2018-01-19	Is Our Approach To Handling Rats All Wrong?	06:20	https://www.podtrac.com/pts/redirect.mp3/dovetail.prxu.org/106/864d6a42-576e-481e-a280-0678c9260ad6/IHUB_CSEG_WEB_012018.mp3	Cities; Extermination; Marc Filippino; Rats	Rats: The bane of any city-dweller’s existence. We spend millions of dollars each year trying to kill these pests, putting out poison and traps. But new research poses the question: Should we be killing rats at all? Innovation Hub producer Marc Filippino reports on what could be a surprising new solution to rat control.
2018-01-19	Full Show: Timing Is Everything	48:54	https://www.podtrac.com/pts/redirect.mp3/dovetail.prxu.org/106/62ae3df0-6a3e-4460-b9c5-afa0eb50f342/IHUB_FULL_SHOW_WEB_ASEG_012018.mp3	Allergies; Gillette; Health; Innovation Hub; Rats; Timing	We’re always so concerned about how to do something, but we don't always consider when we should do it. When should we start a new project? When should we take a nap? We talk to author Daniel Pink about why timing is everything. Even though beards are currently in style, there was a time when being clean shaven was the way to go. We take a look at the man who revolutionized the shaving industry. Plus, if it seems like food allergies are on the rise, they are. One in every 13 children in America has some sort of food allergy, which marks a huge spike over the last few decades. We look at what could be causing the allergy increase and what’s being done to combat it. Finally, killing rats may seem like the best way to deal with them. But, in fact, it's probably not be our best option when it comes to pest control. We find out what is.
2018-01-19	Fighting Food Allergies	18:16	https://www.podtrac.com/pts/redirect.mp3/dovetail.prxu.org/106/b840f6b0-f4c1-4a7f-b375-a4951ed157fc/IHUB_BSEG_WEB_012018.mp3	Allergies; Health; Katie Allen; Wayne Shreffler	Did you ever trade lunches at school when you were a kid? Maybe you gave away your peanut butter sandwich in exchange for some chocolate pudding. With rampant food allergies, a trade like that probably wouldn't happen today. And while schools and other organizations are very aware of the increased number of people who have allergies, we know little about what causes them. Innovation Hub spoke with Dr. Wayne Shreffler, the director of the Food Allergy Center at Massachusetts General Hospital and Dr. Katie Allen, the Group Leader of Gastro and Food Allergy at Murdoch Children's Research Institute in Melbourne, about the rise of food allergies, how to prevent them, and treatments that are in the pipeline.
2018-01-19	A Closer Look At Shaving History	03:54	https://www.podtrac.com/pts/redirect.mp3/dovetail.prxu.org/106/8b773e1f-0920-4711-8490-f9e28d17a621/IHUB_A2_WEB_012018.mp3	Gillette; King Camp Gillette; Razors; Shaving; Socialism	If you're the type of person who shaves, you've probably used a disposable razor at least once. But where did this seemingly ubiquitous part of American life come from? It all goes back to the late 19th century, and a man with the absolutely incredible name of King Camp Gillette.
2018-01-12	Where Do Babies Come From? 	20:31	https://www.podtrac.com/pts/redirect.mp3/dovetail.prxu.org/106/d323f6d6-7e00-40f4-992b-85819e3e0fc4/IHUB_ASEG_WEB_011318.mp3	Edward Dolnick; Innovation Hub; Kara Miller; Leonardo da Vinci; PRI; WGBH; babies; reproduction; sex	For most of human history, we didn’t know where babies come from. Sure, we knew it involved sex, but beyond that, things got a little fuzzy. The story of how we got clarity on the birds and the bees is as circuitous as it is strange. Its cast of characters includes kings, philosophers, sea urchins, and the father of microbiology. Science writer Edward Dolnick, author of the new book “The Seeds of Life,” tells the tale.
2018-01-12	What Nature Can Teach Science	12:04	https://www.podtrac.com/pts/redirect.mp3/dovetail.prxu.org/106/e3a5ada2-0e9f-4f66-8f91-1924e17ed94a/IHUB_BSEG_WEB_011318_REV.mp3	Harvard; Innovation Hub; Jeff Karp; Kara Miller; PRI; Spider-Man; WGBH	Who would’ve thought that geckos could revolutionize medical technology? Jeff Karp, an associate professor at Boston’s Brigham and Women’s Hospital and Harvard Medical School, was inspired research in nature, most specifically by the gecko’s incredible ability to stick to vertical walls. And he realized that that ability - sticking and unsticking easily, without leaving a residue behind, like a band-aid does - could be useful in the hospital. And this nature-inspired realization was just the beginning. We visit Karp’s lab to learn about his inventions, his reverence for evolution, and his biomimetic vision.
2018-01-12	Planning for 100	15:51	https://www.podtrac.com/pts/redirect.mp3/dovetail.prxu.org/106/56365713-635c-481c-b1bf-1ddd1c54fad2/IHUB_CSEG_WEB_011318.mp3	Andrew Scott; Death; Innovation Hub; Kara Miller; PRI; WGBH	Hopefully, you’re going to die a very long time from now, surrounded by friends and family, having lived a meaningful life. But exactly how far away is death going to be? When you look at the broad sweep of human history, life expectancy has pushed upwards (albeit not always in a straight line), almost doubling over the last century. And, it may well keep rising. Andrew Scott, co-author of The 100-Year Life: Living and Working in an Age of Longevity, believes that longer lifespans are about to alter society in some fundamental ways.
2018-01-12	Full Show: The Stages of Life 	49:07	https://www.podtrac.com/pts/redirect.mp3/dovetail.prxu.org/106/33d99b80-9d11-4674-b2a4-e387229a18f6/IHUB_FULL_SHOW_PODCAST_ASEG_011318.mp3	Andrew Scott; Edward Dolnick; Innovation Hub; Jeff Karp; Kara Miller; Leonardo da Vinci; PRI; WGBH; birth; death; reproduction; sex	First up, we examine a question that most kids ask at some point: “Where do babies come from?” Science writer Edward Dolnick walks us through how humanity discovered the answer to that question. And the story involves Leonardo Da Vinci, sea urchins, and staring at sperm under a primitive microscope. After that: What can scientists learn from the natural world? We visit the lab of Jeff Karp, a biomedical engineer who seeks inspiration from porcupines and geckos. Take a listen to find out how investigating sea slug slime led to the development of a glue that can adhere to almost any tissue in the human body. (The glue actually just received market approval in Europe.) Finally, humans are living longer and longer. What does that mean for our society? Andrew Scott, co-author of The 100-Year Life: Living and Working in an Age of Longevity, believes that we’re going to have to create entirely new stages* *of life.
2018-01-05	When Science Goes To War 	21:43	https://www.podtrac.com/pts/redirect.mp3/dovetail.prxu.org/106/2d699ce1-0067-4215-8036-599022318536/IHUB_ASEG_WEB_010618_REV.mp3	Innovation Hub; Jennet Conant; Kara Miller; PRI; WGBH; World War II	Growing up, Thanksgivings in Jennet Conant’s house were contentious. The Vietnam War was raging, and in Cambridge, Massachusetts, student protests were ubiquitous. But Conant’s family was especially combative. Her grandfather, James B. Conant, a former president of Harvard University, had both supervised the production of poison gas during World War I, and oversaw the development of the atomic bomb during World War II. Conant’s father argued her grandfather wasn’t a scientist who had served his country, but a mass murderer. Jennet Conant is the author of a new biography of her grandfather, “Man of the House: James B. Conant, Warrior Scientist,” as well other books about war, science, and the intersection of the two. She explains what happens when people use science to create weapons - and the fallout for the scientists themselves.
2018-01-05	Garry Kasparov And The Game Of Artificial Intelligence 	13:25	https://www.podtrac.com/pts/redirect.mp3/dovetail.prxu.org/106/dd5be167-37b9-44d2-8f1c-561a44b55a0c/IHUB_BSEG_WEB_010618.mp3	Deep Blue; Garry Kasparov; IBM; Innovation Hub; Kara Miller; PRI; WGBH; chess	For more than a 30-year span, chess grandmaster Garry Kasparov was nearly unbeatable. But, in 1997, he faced an unlikely competitor: the IBM supercomputer Deep Blue. Kasparov lost the final match, which ended up being a turning point both for him and for our understanding of artificial intelligence. We talk with Kasparov about his new book, “Deep Thinking: Where Machine Intelligence Ends and Human Creativity Begins.”
2018-01-05	Full Show: A Few Moves Ahead 	48:49	https://www.podtrac.com/pts/redirect.mp3/dovetail.prxu.org/106/8683636c-b289-4ac3-a242-64d1ff9e9473/IHUB_FULL_SHOW_WEB_ASEG_010618_REV.mp3	Chess; Cory Doctorow; Deep Blue; Garry Kasparov; IBM; Innovation Hub; Jennet Conant; Kara Miller; PRI; Sci-Fi; Science Fiction; WGBH; World War II	First, The lives – and regrets – behind the scientists who created our weapons of war. Then, Chess grandmaster Garry Kasparov tells us what he learned from losing to a very smart computer. And finally, writer and blogger Cory Doctorow explains how science-fiction can help us imagine the future, and prepare for it.
2018-01-05	 An Optimistic Look At The Apocalypse	13:14	https://www.podtrac.com/pts/redirect.mp3/dovetail.prxu.org/106/277f3d68-ee14-4149-a095-18de9fd36577/IHUB_CSEG_WEB_010618.mp3	Cory Doctorow; Innovation Hub; Kara Miller; PRI; Science Fiction; WGBH	Science-fiction is a genre that imagines the future. It doesn’t necessarily predict the future (after all, where are flying cars?), but it grapples with the technological and societal changes happening today to better understand our world and where it’s heading. So, what does it mean when so much of our most popular science-fiction - The Handmaid’s Tale, The Walking Dead, and The Hunger Games - present bleak, depressing futures? Cory Doctorow might just have an answer. He’s a blogger, writer, activist, and author of the new book “Walkaway,” an optimistic disaster novel.
2017-12-29	The Psychology Behind Popularity	17:43	https://www.podtrac.com/pts/redirect.mp3/dovetail.prxu.org/106/2afc77a4-3903-4a0e-91a1-51ee108a5c19/IHUB_ASEG_WEB_123017.mp3	Innovation Hub; Kara Miller; Mitch Prinstein; PRI; WGBH; popularity	Do you ever wonder why some people are more popular than others? The foundation for climbing up the social ladder starts early, and it turns out that parents actually have an enormous influence on how well-liked their kids are. Psychology professor Mitch Prinstein explains how popularity develops and why it matters.
2017-12-29	Full Show: Everybody Likes Me	47:48	https://www.podtrac.com/pts/redirect.mp3/dovetail.prxu.org/106/b9187e8c-3c03-467d-8cac-638d847d8585/IHUB_FULL_SHOW_WEB_ASEG_123017.mp3	Brooke Erin Duffy; Gaby Dunn; Innovation Hub; Kara Miller; Mitch Prinstein; Neeru Pahria; PRI; WGBH	It’s the holidays, which means you might head back to your hometown, grab a drink at the local bar, and compare yourself with the kids you knew in high school. Luckily, we’re serving up the perfect show for the status-obsessed. We have stories that look at what makes people popular in school, how your crammed calendar can actually make you more sought after, and why achieving online popularity is trickier than you think.
2017-12-29	Diving Into The Aspirational Economy 	14:27	https://www.podtrac.com/pts/redirect.mp3/dovetail.prxu.org/106/598bec36-4e23-4966-8a8f-a8dca17c02f1/IHUB_BSEG_WEB_123017.mp3		At the height of their career, YouTube stars can make millions of dollars. But it’s a rough road to the top for social media stars, if they can get there at all. We talk with author Brooke Erin Duffy and YouTuber Gaby Dunn about the aspirational economy, and how success can take a toll on our personal life.
2017-12-29	Can't You See I'm Busy? 	12:54	https://www.podtrac.com/pts/redirect.mp3/dovetail.prxu.org/106/37949b3d-5605-4508-b2d6-ea691ec80996/IHUB_C1SEG_WEB_123017.mp3	Busy; Innovation Hub; Kara Miller; Neeru Paharia; PRI; WGBH	Don’t feel bad the next time you have to blow off your friends. Being busy is considered a status symbol here in America. Georgetown University assistant professor Neeru Paharia explains why we’re impressed with people who have too much on their plates... though that may a relatively recent phenomenon.
2017-12-29	A Dip Into History: Different Wavelengths 	02:45	https://www.podtrac.com/pts/redirect.mp3/dovetail.prxu.org/106/ce0cb829-b67f-4f7c-9709-2e7dfd2284f5/IHUB_C2SEG_WEB_123017.mp3	Innovation Hub; Kara Miller; Microwave; PRI; Percy Spencer; Raytheon; WGBH	Listen to this one while you heat up your TV dinner. The story behind the microwave.
2017-12-22	The Invention Of Human Rights 	16:18	https://www.podtrac.com/pts/redirect.mp3/dovetail.prxu.org/106/adee3636-b980-4f97-8a85-3df581cd7f98/IHUB_ASEG_WEB_122317.mp3	Human Rights; Innovation Hub; Kara Miller; Lynn Hunt; PRI; WGBH	We all know Thomas Jefferson’s famous words immortalized in the Declaration of Independence: “We hold these truths to be self-evident, that all men are created equal.” But when did the world start thinking about equality? Lynn Hunt, a distinguished research professor at UCLA, and author of the book “Inventing Human Rights,” says we haven’t always recognized basic human rights, and the very concept wasn’t spoken much about until the end of the 1700s.
2017-12-22	How Childhood Trauma Affects Health	14:26	https://www.podtrac.com/pts/redirect.mp3/dovetail.prxu.org/106/d692ecfb-a2ae-4c8c-a0a4-605b3d859974/IHUB_BSEG_WEB_122317.mp3	Innovation Hub; Kaiser Permanente; Kara Miller; PRI; Vincent Felitti; WGBH; abuse; weight gain	Vincent Felitti first made the connection between childhood abuse and adult health during an obesity research study he ran in the 1980s. During a routine checkup with one of his patients, she mentioned that the year after she was raped, she gained 105 pounds. Felitti recalled what happened next: “She looked down at the carpet and muttered to herself, ‘Overweight is overlooked. And, that’s the way I needed to be.’” Felitti started asking all of his patients about sexual abuse. The results were shocking. “It seemed every other patient in the program was acknowledging a history of childhood sexual abuse,” he said. In the end, 55 percent of his patients disclosed that they had been abused. That study kicked off Felitti’s life work. Felitti partnered with the Centers for Disease Control and Prevention to survey more than 17,000 patients. He found that patients who experienced childhood trauma were more likely to be sick when they grew up. But, it took over 20 years for Vincent Felitti’s research to gain mainstream acceptance.
2017-12-22	How A Newspaper Moved Americans	17:06	https://www.podtrac.com/pts/redirect.mp3/dovetail.prxu.org/106/5b23f13c-be8b-4aa4-9ea6-ed2ea9c6e176/IHUB_CSEG_WEB_122317.mp3	Ethan Michaeli; Innovation Hub; Kara Miller; PRI; Science; The Chicago Defender; WGBH	The Chicago Defender has humble beginnings. Started by Robert Sengstacke Abbott in the rooms of a boardinghouse, the paper quickly grew into a nationally-distributed enterprise. (Abbott himself became one of the first black self-made millionaires.) Ethan Michaeli, author of “The Defender: The Legendary Black Newspaper Change d America,” traces the paper’s influence through history, from the Great Migration to the desegregation of the military.
2017-12-22	Full Show: The Ever-Present Past	48:07	https://www.podtrac.com/pts/redirect.mp3/dovetail.prxu.org/106/3f9a03fe-dbfc-4084-89d4-c0a8ede6a2f9/IHUB_FULL_SHOW_ASEG_122317.mp3	Innovation Hub; Kara Miller; PRI; WGBH; human rights; media; newspapers; trauma	“The past is never dead. It's not even past.” This week on Innovation Hub, we prove Faulkner right. We’ve got stories about how history still affects all our daily lives, in a myriad of different ways. We start by taking a look at the origin of the debates over human rights. The Declaration of Independence’s second paragraph begins with the immortal phrase: “We hold these truths to be self-evident, that all men are created equal, that they are endowed by their Creator with certain unalienable Rights, that among these are Life, Liberty and the pursuit of Happiness.” But when did those rights become self-evident? According to historian Lynn Hunt, the very concept of human rights weren’t really talked about until the 18th century. She explains how the concept began, and why we’re constantly changing our definition of equality. Then, how our own histories of trauma can affect our present health. Vincent Felitti is a doctor whose research has shown that patients who experienced childhood trauma were more likely to be sick when they grew up. He tells us how clinicians can use Adverse Childhood Experience scores to help people get better. And finally, a newspaper that changed America. Journalist and author Ethan Michaeli traces the rise of The Chicago Defender, a legendary black newspaper that began in 1905. From the Great Migration, to the desegregation of the military, to the rise of Barack Obama, we’ll learn how its legacy is still felt in American life. Also, as we promised in the show, here are some of Bobby Sengstacke’s photos. Bobby Sengstacke was a photojournalist and the last Sengstacke to edit The Chicago Defender.
2017-12-15	The Human Story Behind Our Genes	18:42	https://www.podtrac.com/pts/redirect.mp3/dovetail.prxu.org/106/412c4ddc-8d51-4155-82b9-a51c4b695b96/IHUB_ASEG_WEG_121617.mp3		As scientists apply our new understanding of the human genome to genetics, we’re getting answers to big-picture questions about our species. What is race? How did humanity spread around the globe? How should we pick a mate (genetically speaking)? We talk with Adam Rutherford, geneticist and author of A Brief History of Everyone Who Ever Lived:The Human Story Retold Through Our Genes. about the history of our genes, and what they reveal about our species.
2017-12-15	The Conversation High-Powered Couples Need To Have	13:30	https://www.podtrac.com/pts/redirect.mp3/dovetail.prxu.org/106/2cb472ea-e421-40cd-9c74-7d0d9977e34e/IHUB_BSEG_WEB_121617.mp3		The number of women running Fortune 500 companies is higher than it’s ever been. And yet, there are only 32 female CEOs on that list. So… why aren’t there more high-powered women in positions of power? There are a multitude of reasons, but according to Avivah Wittenberg-Cox, author of the article “If you Can’t Find a Spouse Who Supports Your Career, Stay Single,” part of the issue lies with the support these women are receiving.
2017-12-15	How To Design A Better Life	15:51	https://www.podtrac.com/pts/redirect.mp3/dovetail.prxu.org/106/cd3f1108-ee46-4114-883d-f6990cbb5f3d/IHUB_CSEG_WEB_121617.mp3		We all want fun and rewarding careers and personal lives. But, we never really learn how to achieve our life goals in college. Bill Burnett and Dave Evans, Stanford professors and co-authors of “Designing Your Life: How to Build a Well-Lived, Joyful Life,” invented a college course to change just that.
2017-12-15	Full Show: Only Human	48:54	https://www.podtrac.com/pts/redirect.mp3/dovetail.prxu.org/106/07640c8b-9d52-4996-97a3-f384f188729a/IHUB_FULL_SHOW_ASEG_121617.mp3		Your family tree is less of a tree and more of a tangled web. Geneticist Adam Rutherford explains why. There’s a conversation that all high-powered couples need to have. Two Stanford professors tell us how to use ideas from product design to create a more fulfilling life.
2017-12-08	The Unclean Business Of Clean Energy	16:06	https://www.podtrac.com/pts/redirect.mp3/dovetail.prxu.org/106/4b57ad21-a5dc-4673-ab97-c1337ea5c1c9/IHUB_BSEG_WEB_120917.mp3	Innovation Hub; Jay Whitacre; Kara Miller; PRI; WGBH; business; clean energy	Hybrid cars. Solar energy. Hydropower. In recent years, the federal government and private companies have both paid a lot of attention to clean energy. But, the future of the industry is uncertain — especially in the U.S. We talk withCarnegie Mellon University professor and Aquion Energy founder, Jay Whitacre, about the advancement of new energy technology.
2017-12-08	The Rules Of Conversation	12:04	https://www.podtrac.com/pts/redirect.mp3/dovetail.prxu.org/106/e43d8f25-4df1-4ff8-94de-39d62e70e2f9/IHUB_CSEG_WEB_120917.mp3	Innovation Hub; Kara Miller; NJ Enfield; PRI; WGBH; conversation; linguistics	As human beings, we spend a great deal of time talking with others, but we don’t always stop to think about how and* why* we choose to say what we say. N.J. Enfield, author of “How We Talk: The Inner Workings Of Conversation,” breaks down the rules of conversation for us.
2017-12-08	The Life And Legacy Of Grace Hopper	19:13	https://www.podtrac.com/pts/redirect.mp3/dovetail.prxu.org/106/189c5579-4de2-46e2-9dcd-2e5142ad414a/IHUB_ASEG_WEB_120917_1_.mp3	Grace Hopper; Innovation Hub; Kara Miller; Kurt Beyer; PRI; WGBH; coding; software	She’s been called “the first lady of software.” A conference named after her attracted over 18,000 attendees last year. She had her own Google doodle. She was even on Letterman. It’s fair to say that Grace Hopper is one of the most celebrated coders ever. But, behind all the accolades, who was she? And how exactly did she change technology? We talk with Kurt Beyer, author of “Grace Hopper and the Invention of the Information Age.”
2017-12-08	Full Show: The Ripple Effect	48:33	https://www.podtrac.com/pts/redirect.mp3/dovetail.prxu.org/106/f7910f4e-16bd-4caf-911e-76abc32a7a1d/IHUB_FULL_SHOW_WEB_ASEG_120917.mp3	Full Show; Grace Hopper; Innovation Hub; Jay Whitacre; Kara Miller; Kurt Beyer; NJ Enfield; PRI; Ripple Effect; WGBH; business; clean energy; coding; conversation; linguistics; software	We can thank one woman for a lot of the software still used today. A look back at the strides and struggles of Grace Hopper. Clean energy seems to be on the tip of everyone’s tongue. So why doesn’t the U.S. invest in it more? Jay Whitacre explains the business behind renewable energy technology. Ever notice the small pauses — like “um” and “uh” — that pepper our daily conversations? They actually serve a purpose. We break down the rules of conversation.
2017-12-01	The Birth Of Chocolate In America	16:29	https://www.podtrac.com/pts/redirect.mp3/dovetail.prxu.org/106/ec9f3ed9-7f8b-4176-8695-064f2c8b1fe7/IHUB_CSEG_WEB_120217_REV.mp3	Hershey; Innovation Hub; Kara Miller; Milton Hershey; Nancy Koehn; PRI; WGBH; chocolate; factory	Americans absolutely adore chocolate. The average American consumes 11 pounds of the stuff per year. But when did this love affair with chocolate start? Back in the 19th century, sugar was a luxury good, and chocolate was mostly for the rich. Milton Hershey, and his Hershey bar, changed all that. Historian Nancy Koehn, author of “Forged in Crisis: The Power of Courageous Leadership in Turbulent Times,” has written about Hershey’s life and company. She walks us through who he was, and how he gave America a taste for chocolate.
2017-12-01	The Battle Of The Retail Giants	13:36	https://www.podtrac.com/pts/redirect.mp3/dovetail.prxu.org/106/16821478-c048-4540-9e9a-a339759a4107/IHUB_BSEG_WEB_120217_REV.mp3	Amazon; Charles Fishman; Darrell Rigby; Innovation Hub; Kara Miller; Macy’s; PRI; WGBH; Walmart; online shopping; retail; retail giants; shopping	Middle-market stores, like Macy’s, are struggling to compete with large, low-priced retailers like Walmart and Amazon. And where we shop can have an enormous impact on jobs, communities, and how we spend our time. Darrell Rigby, a partner at Bain & Company, and journalist Charles Fishman, explore the battle of the retail giants, and the future of shopping.
2017-12-01	Levittown And The Rise Of The American Suburb	17:53	https://www.podtrac.com/pts/redirect.mp3/dovetail.prxu.org/106/9cfae82e-dc35-44bf-8517-18a855bda64e/IHUB_ASEG_WEB_REV3_120217.mp3	Bill Levitt; Innovation Hub; Kara Miller; Lawrence Levy; Levittown; PRI; WGBH; suburbia	When people get sick of urban living, there’s a clear alternative: the suburbs. But how did the suburbs become so popular in America? After World War II, Bill Levitt cleared a few potato fields on Long Island, New York, and created an orderly suburb, Levittown. We talk with the Executive Dean of Hofstra University’s National Center for Suburban Studies, Lawrence Levy, about how Levittown, and the advent of the modern suburbs, changed the nation.
2017-12-01	Full Show: Hallmarks Of The Holidays	48:57	https://www.podtrac.com/pts/redirect.mp3/dovetail.prxu.org/106/b653fd1f-2e1f-4d77-a799-7c3f33a50b41/PRX_FS_ASEG.mp3	Amazon; Bill Levitt; Charles Fishman; Darrell Rigby; Full Show; Hershey; Innovation Hub; Kara Miller; Lawrence Levy; Levittown; Macy’s; Milton Hershey; Nancy Koehn; PRI; WGBH; Walmart; chocolate; factory; online shopping; retail; shopping; suburbia	This week, we’re gearing up for the holidays with some serious shopping, a little chocolate... and a trip home. And when we say home, we’re talking Levittown, New York, where the modern suburb was born. We’ll examine the genius of businessman Bill Levitt, as well as his dark side. Then, a look at how retail has changed America. And finally, we dive into chocolate, and the story behind Hershey’s. That’s all this week on Innovation Hub.
2017-11-24	Full Show: What We Really Think 	49:34	https://www.podtrac.com/pts/redirect.mp3/dovetail.prxu.org/106/797aec47-c0e5-4f54-8b77-510a6a9a8e65/IHUB_ASEG_WEB_112517.mp3	Damion Searls; Frances Jensen; Innovation Hub; Kara Miller; PRI; Seth Stephens-Davidowitz; WGBH	Thanksgiving involves getting stressed about the best way to cook a turkey, gathering around a table with the people you love, eating mountains of stuffing… and trying not to tell your family what you really think of them. So, in celebration of Turkey Day, we’ve got stories that explore how and why we think the way we do: from what the Rorschach test actually tells us, to what exactly is going on inside teenagers’ brains.
2017-11-17	The Power And Fragility Of Modern Protests	15:37	https://www.podtrac.com/pts/redirect.mp3/dovetail.prxu.org/106/b9f36c90-b719-442e-a5b5-e0462cc53fba/1118_Tufecki_WEB.mp3	Culture; Innovation Hub; Kara Miller; March on Washington; PRI; Protests; Twitter; WGBH; Women's March; Zeynep Tufekci	Well over 5 million people around the world took part in the Women’s March. And hundreds of thousands attended the March for Science. With turnouts like that, you might expect such protests to reflect years of planning and organizational effort. In fact, though, they were organized online in the space of a couple months, using new tools like hashtags and Facebook events. Zeynep Tufekci studies what the rise of connectivity means for the efficacy of the protests. She’s an associate professor at the University of North Carolina, and the author of Twitter and Teargas: The Power and Fragility of Networked Protest.
2017-11-17	How Joseph Lister Made Surgery Safer	17:01	https://www.podtrac.com/pts/redirect.mp3/dovetail.prxu.org/106/d40abdc5-3421-436a-b035-e5546eff2052/1118_Fitzharris_WEB.mp3	Bacteria; Germs; Innovation Hub; Joseph Lister; Kara Miller; Lindsey Fitzharris; PRI; Surgery; WGBH	For most of 1800s, surgery was disgusting, filthy, and unsafe. Hospitals were places people desperately tried to avoid, and operations didn’t always result in a clean bill of health. You might even get your testicles accidentally sawed off during a leg amputation. But this all changed with Joseph Lister, who transformed the way that doctors approach surgeries. We talked to Lindsey Fitzharris, author of “The Butchering Art: Joseph Lister's Quest to Transform the Grisly World of Victorian Medicine” about how this shift happened.
2017-11-17	Getting The Creative Juices Flowing	15:22	https://www.podtrac.com/pts/redirect.mp3/dovetail.prxu.org/106/7866a95a-571f-4322-bb26-d72602ba01a6/1118_Creativity_WEB.mp3	Anthony Brandt; Creativity; David Eagleman; Innovation Hub; Kara Miller; PRI; WGBH	Our creativity is influenced by how we think and interact every day. So what makes us so creative? We talk with composer Anthony Brandt and neuroscientist David Eagleman, co-authors of “The Runaway Species: How Creativity Remakes the World,” about the origins of our creative thinking.
2017-11-17	Full Show: A Mental Reset	49:15	https://www.podtrac.com/pts/redirect.mp3/dovetail.prxu.org/106/1b3c167a-1758-4631-a4cf-86744312a162/11_18_FULL_SHOW_A_SEG_PRX.mp3	Anthony Brandt; Bacteria; Creativity; David Eagleman; Full Show; Germs; Innovation Hub; Joseph Lister; Kara Miller; Lindsey Fitzharris; PRI; Protests; Surgery; Twitter; WGBH; Zeynep Tufekci	Lice-infested beds, unwashed surgical tools, and cut-off fingers - healthcare in the 1800s was a bloody affair. We take a look at the man who changed all that. Then, how much power does a protest really have? Zeynep Tufekci explores whether they have the power to change politics. Finally, there’s a common thread in art, music, storytelling, and even business-creation: creativity.
2017-11-10	Why Buying Time Makes You Happier	15:52	https://www.podtrac.com/pts/redirect.mp3/dovetail.prxu.org/106/a0964842-c29e-49c5-813a-a1f4a49d5bec/111117-WHILLANS-MONEY.mp3	innovation hub; pri; kara miller; wgbh; ashley whillans	Everyone has their eye on the latest iPhone. But would we be happier if we spent our money on things that saved us time? Harvard Business School’s Ashley Whillans has the answer.
2017-11-10	What's The Use Of A Liberal Arts Degree?	15:15	https://www.podtrac.com/pts/redirect.mp3/dovetail.prxu.org/106/4fff3685-c0e7-4df4-8c8b-f7aa67dac060/111117-ANDERS-LIBERALARTS.mp3	wgbh; kara miller; pri; innovation hub	Choosing between an engineering and philosophy major? Here’s some help.
2017-11-10	Is China Pulling Ahead In The Global Race To Achieve?	18:20	https://www.podtrac.com/pts/redirect.mp3/dovetail.prxu.org/106/d4c91986-f2cc-4156-a074-7e439cf6126b/111117-CHU-CHINA.mp3	wgbh; pri; innovation hub; kara miller; lenora chu	Chinese students from cities like Shanghai are doing extremely well on worldwide standardized tests. What is the Chinese education system doing right? And what can we learn from it?
2017-11-10	Full Show: The Formula For Success	49:44	https://www.podtrac.com/pts/redirect.mp3/dovetail.prxu.org/106/4cee53ac-9a32-4095-bef9-8adabcc1e417/111117-FULLSHOW-SUCCESS.mp3	wgbh; pri; kara miller; innovation hub	Is China pulling ahead in the global race to achieve? What’s the use of a “useless” liberal arts degree? And should you be spending money on time or things? That’s all this week on Innovation Hub.
2017-11-03	When Fringe Ideas Go Mainstream	13:51	https://www.podtrac.com/pts/redirect.mp3/dovetail.prxu.org/106/32e71ede-8b0d-4098-b95b-67b1121c7b39/110417-BURSZTYN-FRINGE-WEBMIX.mp3	wgbh; pri; kara miller; innovation hub; leonardo bursztyn; fringe ideas; mainstream; election	Where do fringe ideas come from? It turns out these “unpopular” positions might have been here all along - and may actually be pretty popular.
2017-11-03	The Future of Making Babies	17:30	https://www.podtrac.com/pts/redirect.mp3/dovetail.prxu.org/106/ebc33cdb-1fed-4213-beac-b21d023c6bf7/110417-GREELY-ENDOFSEX-WEBMIX.mp3	wgbh; pri; kara miller; innovation hub; hank greely; sex; reproduction; babies	We may be moving baby-making from the bedroom to the lab. Hank Greely walks us through the future of reproduction.
2017-11-03	How Da Vinci Took Curiosity To A Whole New Level	18:17	https://www.podtrac.com/pts/redirect.mp3/dovetail.prxu.org/106/b82a44ae-0e59-49fe-a2ef-38d124c2d0b9/110417-ISAACSON-DAVINCI-WEBMIX.mp3	wgbh; pri; kara miller; innovation hub; walter isaacson; leonardo da vinci; innovator	You probably know him as the man who painted the Mona Lisa and The Last Supper. Walter Isaacson tells us there’s a lot more to Leonardo Da Vinci than that.
2017-11-03	Full Show: At Our Core	49:45	https://www.podtrac.com/pts/redirect.mp3/dovetail.prxu.org/106/352a3f62-c251-42e4-a9a8-72bb7f9c14d7/110417-FULLSHOW-CORE-WEBMIX.mp3	wgbh; pri; kara miller; innovation hub; full show; hank greely; sex; reproduction; babies; leonardo bursztyn; fringe ideas; mainstream; walter isaacson; leonardo da vinci; innovator; election	This week on Innovation Hub, we examine the future of reproduction, how fringe ideas become mainstream, and the life of Leonardo Da Vinci.
2017-10-27	The Reality of Merit-Based Immigration	14:02	https://www.podtrac.com/pts/redirect.mp3/dovetail.prxu.org/106/9ca651f1-df59-4682-a199-25f60263ba85/102817-JOHNSON-IMMIGRATION-WEBMIX.mp3	wgbh; pri; kara miller; innovation hub; immigration; kevin johnson	Lots of lawmakers are promoting “merit-based” immigration. But what is it? You’ve come to the right place.
2017-10-27	The Lies Behind Perfectionism	08:12	https://www.podtrac.com/pts/redirect.mp3/dovetail.prxu.org/106/d19b4ce4-22c4-4361-bc27-d930d87fc524/102817-CHENG-PERFECTIONSIM-WEBMIX.mp3	wgbh; pri; kara miller; innovation hub; eugenia cheng; perfectionism	Dotting your i’s and crossing your t’s is one thing. But mathematician Eugenia Cheng says obsessing over perfection leads to a lot of wasted effort.
2017-10-27	The Debate Over Charter Schools	26:41	https://www.podtrac.com/pts/redirect.mp3/dovetail.prxu.org/106/2a8def4a-6845-46a5-84cd-7e35ec07d900/102817-OSBORNE-FINN-CHARTERSCHOOLS-WEBMIX.mp3	wgbh; pri; kara miller; innovation hub; charter schools; education; david osborne; chester finn	What role should charter schools play in American education? We speak with two education experts about how charters came to be, and what lies in store for them.
2017-10-27	Full Show: Room for Improvement?	49:37	https://www.podtrac.com/pts/redirect.mp3/dovetail.prxu.org/106/890c0edd-0f46-44ca-b875-e68a6b685ca3/102817-FULLSHOW-IMPROVEMENT-WEBMIX.mp3	wgbh; pri; kara miller; innovation hub; charter schools; education; david osborne; chester finn; eugenia cheng; perfectionism; immigration; kevin johnson; full show	We look at how charter schools are impacting American education, whether perfection is actually an attainable goal, and the pros and cons of merit-based immigration. That’s all on this week’s Innovation Hub.
2017-10-20	The Political Lines That Divide Us	18:36	https://www.podtrac.com/pts/redirect.mp3/dovetail.prxu.org/106/9a184e29-0b1c-46bf-bac0-427d6f516120/102117-LEVITT-GERRYMANDERING-WEBMIX.mp3	wgbh; pri; kara miller; innovation hub; justin levitt; gerrymandering	Can ordinary people change a system designed to protect those in power?
2017-10-20	The Mind Behind An Online Troll	05:33	https://www.podtrac.com/pts/redirect.mp3/dovetail.prxu.org/106/016f8766-51e3-418b-85e8-f0e75ea95409/102117-DANESCU-TROLLS-WEBMIX.mp3	wgbh; pri; kara miller; innovation hub; cristian danescu-niculescu-mizil; online trolls	The average online troll isn’t actually a jerk. One professor found nasty commenters are just average people who might be a little cranky.
2017-10-20	How Evangelicals Changed Politics	25:06	https://www.podtrac.com/pts/redirect.mp3/dovetail.prxu.org/106/2ad36a22-ff7a-4147-8e93-17b7ee5a9bd8/102117-DOCHUCKWILLIAMS-EVANGELICALS-WEBMIX.mp3	wgbh; pri; kara miller; innovation hub; darren dochuck; darren williams; evangelicals; politics; christian	America has always prided itself on the ability to separate church and state. But that idea has been reimagined with the rise and influence of evangelicals over the last 50 years. We talk with two historians about how this group has influenced the political landscape.
2017-10-20	Full Show: Groupthink	49:40	https://www.podtrac.com/pts/redirect.mp3/dovetail.prxu.org/106/6ae0f32c-65af-4cb6-9ad8-81ca86122093/102117-FULLSHOW-GROUPTHINK-WEBMIX.mp3	wgbh; pri; kara miller; innovation hub; groupthink; gerrymandering; online trolls; evangelicals; daniel williams; darren dochuck; cristian danescu-niculescu-mizil; justin levitt	We look at how evangelicals changed American politics, why an online troll lives in all of us, and the history and lasting impact of gerrymandered elections. That’s all on this week’s Innovation Hub.
2017-10-13	Full Show: Obsessing Over Obsession	49:24	https://www.podtrac.com/pts/redirect.mp3/dovetail.prxu.org/106/59506126-b5f3-4896-a36f-124fa0f9cf58/101417-FULLSHOW-OBSESSION-WEBMIX.mp3	wgbh; pri; kara miller; obsession; innovation hub; zoe fraade-blanar; edwin land; ron fierstein; sharon begley	What do compulsions, fandoms, and the Polaroid camera have in common? Find out this week on Innovation Hub, where we’re obsessing over obsessions.
2017-10-06	Full Show: All About Accountability	49:20	https://www.podtrac.com/pts/redirect.mp3/dovetail.prxu.org/106/8c63cffd-6bd8-470f-bd48-53e380adb98c/100717-FULLSHOW-ALLABOUTACCOUNTABILITY-WEBMIX.mp3	innovation hub; wgbh; kara miller; pri; brewster kahle; brian lamb; paul offit; internet archive; c-span	This week on Innovation Hub, we learn about different ways to keep track of the facts -- from cataloging the internet to broadcasting live from the Senate.
2017-09-29	The Psychology Behind A Divided America	23:29	https://www.podtrac.com/pts/redirect.mp3/dovetail.prxu.org/106/21af7d26-2825-4f04-b9e0-a2d2c6aa26a2/093017-DIVISION-WEBMIX.mp3	wgbh; innovation hub; division	Why does it seem like America’s more divided than ever? We turn to psychology for the answer.
2017-09-29	Searching For Meaning (and Medians)	08:28	https://www.podtrac.com/pts/redirect.mp3/dovetail.prxu.org/106/7d487458-923b-4d4f-9324-316c7c3195f6/093017-CHENG-MEANMEADIAN-WEBMIX.mp3	wgbh; pri; innovation hub; kara miller; eugenia cheng; mean; median	Means and medians might induce flashbacks to junior high math class. But in a world awash in statistics, knowing the difference between the two is super useful.
2017-09-29	Is Bipartisanship Actually Dead?	14:43	https://www.podtrac.com/pts/redirect.mp3/dovetail.prxu.org/106/b2c68ff0-6f16-470b-ba5a-3d556a0282cc/093017-BIPARTISANSHIP-WEBMIX.mp3	wgbh; pri; kara miller; innovation hub; bipartisanship	Democrats and Republicans aren’t exactly known for their ability to set aside their differences. We take a look at whether bipartisanship is alive and well, floundering, or flatlining.
2017-09-29	Historic Innovation: Rebuilding The Furniture Game	03:21	https://www.podtrac.com/pts/redirect.mp3/dovetail.prxu.org/106/309ded0c-4d91-4c0c-8080-21b256e11ebd/093017-IKEA-WEBMIX.mp3	ikea	We learn the story of Ingvar Kamprad who revolutionized the furniture business, going from selling matches to selling matching bedroom sets.
2017-09-29	Full Show: Can We Meet in the Middle?	50:03	https://www.podtrac.com/pts/redirect.mp3/dovetail.prxu.org/106/0a6648fd-ceb7-4229-ae70-563fd337fb2f/093017-FULLSHOW-WEBMIX.mp3	innovation hub	This week on Innovation Hub, can we meet in the middle? We’re talking division, medians, and bipartisanship.
2017-09-22	The Questionable Health Benefits Of Artificial Sweeteners	23:39	https://www.podtrac.com/pts/redirect.mp3/dovetail.prxu.org/106/75df1b16-064f-4df1-ac16-4fa4634f5fd6/092317-SWEET-WEBMIX.mp3	innovation hub; kara miller; artificial sweeteners; wgbh; pri; meghan azad; carolyn thomas	On the surface, artificial sweeteners seem like a no-brainer for anyone trying to lose weight. But, before you reach for the Sweet’N Low, listen to the complex history, and possible negative health effects, of sugar substitutes.
2017-09-22	How Your Health Data Gets Sold	15:12	https://www.podtrac.com/pts/redirect.mp3/dovetail.prxu.org/106/d62eecc4-c82b-4199-801b-6f6cceee7405/092317-THOMAS-HEALTH-WEBMIX.mp3	kara miller; innovation hub; adam tanner; wgbh; pri; health data	Medical information stays between a patient and their doctor, right? Author Adam Tanner tells us that may not be the case.
2017-09-22	How Math Can Help You Understand Your Fear Of Flying	11:21	https://www.podtrac.com/pts/redirect.mp3/dovetail.prxu.org/106/900b020c-5cbb-439f-b82d-5f9aaba8c157/092317-CHENG-PROBABILITY.mp3	kara miller; innovation hub; wgbh; pri; eugenia cheng; probability; airplanes	Do you get nervous before every flight you take? This interview is for you.
2017-09-22	Full Show: What Ails You	50:31	https://www.podtrac.com/pts/redirect.mp3/dovetail.prxu.org/106/6e668313-e846-404f-b013-51531e8dc810/092317-FULL-WEBMIX.mp3	kara miller; innovation hub; wgbh; pri; eugenia cheng; meghan azad; adam tanner; carolyn thomas	On the surface, artificial sweeteners seem like a no-brainer for anyone trying to lose weight. But, before you reach for the Sweet’N Low, listen to the complex history, and possible negative health effects, of sugar substitutes.
2017-09-15	The Psychology Behind Popularity	18:46	https://www.podtrac.com/pts/redirect.mp3/dovetail.prxu.org/106/b3a530a6-ca7e-44f6-aef8-12c2bb9ac324/IHUB-ASEG-WEB-091617.mp3	innovation hub; kara miller; popularity; psychology; mitch prinstein	Sorry nerds, popularity matters. Psychology professor Mitch Prinstein explains why.
2017-09-15	The Aspirational Economy	15:01	https://www.podtrac.com/pts/redirect.mp3/dovetail.prxu.org/106/83c37f0a-4f6c-4426-9439-eaf7d745b870/IHUB-BSEG-WEB-091617.mp3	innovation hub; gaby dunn; brooke erin duffy; youtube	Turns out, being famous online doesn’t always translate into a stable income. Author Brooke Erin Duffy and Youtuber Gaby Dunn explain.
2017-09-15	No Rest For The Busy American	13:24	https://www.podtrac.com/pts/redirect.mp3/dovetail.prxu.org/106/48b4cfd4-df65-434e-8c22-8462025bbad1/IHUB-C1-WEB-091217.mp3	innovation hub; busy; psychology; neeru paharia	Too busy to listen to this podcast? In America, your unavailability is a status symbol.
2017-09-15	Historic Innovation: The Microwave	03:02	https://www.podtrac.com/pts/redirect.mp3/dovetail.prxu.org/106/b49d1693-e48b-467f-9261-4a7e2accf6d0/IHUB-C2-WEB-SEG-091617.mp3	innovation hub; kara miller	TV dinners, popcorn bags, hot pockets… the story behind the invention that led to an entirely new cuisine.
2017-09-15	Full Show: Everybody Likes Me	48:40	https://www.podtrac.com/pts/redirect.mp3/dovetail.prxu.org/106/f0c5e3e8-8025-4422-b6a5-9c9c6cbae323/IHUB-FULL-SHOW-WEB-091217.mp3	wgbh; innovation hub; kara miller; mitch prinstein; popularity; brooke erin duffy; gaby dunn; neeru paharia; busy	This week on Innovation Hub we’ll take a look at the science of popularity, the hard work that goes into making a living online, and the reason why we always say we’re busy.
2017-09-08	Where Babies Come From	22:02	https://www.podtrac.com/pts/redirect.mp3/dovetail.prxu.org/106/d814e803-d25d-4ca1-9ffa-380561a650b9/090817-Dolnick-BABIES-WEBMIX.mp3	wgbh; kara miller; innovation hub; pri; public radio; edward dolnick; leonardo da vinci	How did sea urchins help humanity figure out where babies come from? Science writer Edward Dolnick has the answer.
2017-09-08	The Winners And Losers Of Climate Change	14:39	https://www.podtrac.com/pts/redirect.mp3/dovetail.prxu.org/106/94981a1d-7b03-4508-a1fd-2f2439fe636b/090817-CTHOMAS-EXTINCTION-WEBMIX.mp3	wgbh; kara miller; pri; innovation hub; chris thomas; climate change; global warming; inheritors of earth	Scientists estimate that we could be losing thousands of species to climate change each year. But, take heart says ecologist Chris Thomas: there are also many new species being created.
2017-09-08	Naturally Good For You	14:14	https://www.podtrac.com/pts/redirect.mp3/dovetail.prxu.org/106/44186f38-b834-4a4b-8278-ea81a21bc3fa/090817-FWILIMIAMS-NATURE-WEBMIX.mp3	wgbh; innovation hub; kara miller; pri; florence williams; nature; japan	Tree huggers might be onto something. Florence Williams explains how nature can make us healthier.
2017-09-08	Full Show: It's Human Nature	50:00	https://www.podtrac.com/pts/redirect.mp3/dovetail.prxu.org/106/70c6c426-0af3-42e0-9a18-7e0903ca1219/090817-FULLSHOW-WEBMIX.mp3	wgbh; kara miller; innovation hub; pri; edward dolnick; public radio; florence williams; chris thomas	We look at when humans learned where babies come from, why a walk in the woods can lower your blood pressure, and which species are adapting well to climate change. That’s all on this week’s Innovation Hub.
2017-09-01	Full Show: A Better Way To Learn	50:07	https://www.podtrac.com/pts/redirect.mp3/dovetail.prxu.org/106/49ba59ac-9937-4df3-919a-fa1cb6a6b0e1/IHUB-FULL-SHOW-WEB-090217.mp3	wgbh; kara miller; innovation; pri	This week on Innovation Hub: A show on learning. First, do liberals really dominate academia? Then, if properly taught, everyone can grasp math. After that find out how reading links to health and longevity. Finally, Nancy Weiss Malkiel transports us to the moment when elite colleges finally started admitting women.
2017-08-25	The Rise Of The Restaurant	18:05	https://www.podtrac.com/pts/redirect.mp3/dovetail.prxu.org/106/00c9b75f-a2f8-4d97-9e0c-881b94aaa703/IHUB-A1-WEB-082617.mp3	kara miller; paul freedman; restaurant	Hungry for information? Then learn about the history of the American restaurant.
2017-08-25	The Launch Of The New Space Age	09:07	https://www.podtrac.com/pts/redirect.mp3/dovetail.prxu.org/106/cf514379-a1ce-451b-bba8-3e4a1132be5d/IHUB-CSEG-WEB-082617-REV.mp3	innovation hub; red works; space	Space: The final frontier. Now, more and more big businesses are eyeing that frontier. We look at the what a competitive market could mean for the future of space travel.
2017-08-25	Rebuilding Foster Care From The Ground Up	17:34	https://www.podtrac.com/pts/redirect.mp3/dovetail.prxu.org/106/6fe6fa66-63ef-476d-824c-2e85d9c85742/IHUB-BSEG-WEB-082617.mp3	treehouse; foster care	Judy Cockerton saw a problem and decided to do something about it. At 48, she shut down her toy store and created a village of sixty homes. The catch? They were reserved for seniors and families with foster kids. We visited Cockerton's village to learn how she built it.
2017-08-25	Los Angeles: City Of Angels, City Of Food	06:17	https://www.podtrac.com/pts/redirect.mp3/dovetail.prxu.org/106/38e4b151-8b0e-4212-84f6-2243a352e85d/IHUB-A2-WEB-082617.mp3	kara miller; josh kun; tien nguyen	Los Angeles has spurred countless culinary concoctions, including the chili burger, Korean tacos and the Cobb salad. Listen as our host Kara Miller takes a trip to California and learns how immigrants shaped LA’s food scene.
2017-08-25	Full Show: Building Something New	49:31	https://www.podtrac.com/pts/redirect.mp3/dovetail.prxu.org/106/56c52f02-df37-4e00-96ba-d7cbfa56cded/IHUB-FULL-SHOW-WEB-082617.mp3	innovation hub; kara miller	From Delmonico's to Howard Johnson's: Yale Professor Paul Freedman walks us through 10 of the most influential restaurants in American history. What can a restaurant menu tell us about society? Turns out, a lot. Our host Kara Miller finds out while researching the Los Angeles dining scene. Judy Cockerton is building villages around the country to change foster care. We take a look at why. Next stop: Mars? A look at how private companies are taking the giant leap into space.
2017-08-18	Full Show: Trust No One	49:53	https://www.podtrac.com/pts/redirect.mp3/dovetail.prxu.org/106/d1ac9f16-c483-4f22-aa80-8a3b6cbf1bea/IHUB-FULL-SHOW-WEB-081917.mp3	wgbh; pri; innovation hub; kara miller; robert frank; marc edwards; maria konnikova	We’re hardwired to trust people, luck matters a lot more than you think, and the lead crisis is so much bigger than Flint. That’s this week’s Innovation Hub.
2017-08-11	Full Show: Empathy And Its Consequences	49:24	https://www.podtrac.com/pts/redirect.mp3/dovetail.prxu.org/106/a19bff03-a268-42a4-a4c0-28a9ea05b00e/081217-FullShow-Webmix.mp3	wgbh; pri; innovation hub; kara miller; empathy; bloom	The case against empathy, the case for technocrats, and a look at the birth of PR. That’s all in this week’s Innovation Hub.
2017-08-04	Why The Next China Is Africa	14:38	https://www.podtrac.com/pts/redirect.mp3/dovetail.prxu.org/106/b52c9ab4-cb3f-41e4-962d-35deda05a3f2/080517-BSEG-WEBMIX.mp3	wgbh; pri; innovation hub; kara miller; irene yuan sun; china; africa	Manufacturing jobs may have moved to China… but not all of them have stayed there.
2017-08-04	Switching Gears In The Global Economy	17:12	https://www.podtrac.com/pts/redirect.mp3/dovetail.prxu.org/106/24068780-958f-46ad-904b-e00d8afa23b0/080517-ASEG-WEBMIX.mp3	wgbh; pri; innovation hub; kara miller; edward alden; trade	The global economy is getting more competitive. What can the U.S. do to keep up?
2017-08-04	How Code Runs Our Lives	18:08	https://www.podtrac.com/pts/redirect.mp3/dovetail.prxu.org/106/00846ee3-e128-43b3-947e-0ddac3b1d367/080517-CSEG-WEBMIX.mp3	wgbh; pri; innovation hub; kara miller; philip auerswald; code; computer	It’s impossible to imagine the modern world without code. But according to Philip Auerswald, we might all be coders - without even realizing it.
2017-08-04	Full Show: Making Trades	49:20	https://www.podtrac.com/pts/redirect.mp3/dovetail.prxu.org/106/25daad5d-c735-48aa-b87a-b3437860bc9d/080517-FULLSHOW-WEBMIX.mp3	wgbh; pri; innovation hub; kara miller; edward alden; irene yuan sun; philip auerswald; coding; trade; africa; china	America thinks of itself and its companies as exceptional. And because of that, we’ve ignored the pitfalls of globalization. For decades, blue-collar American jobs have moved to China. Why some of those same jobs are now moving to Africa. Julia Child was a chef, author, TV star... and coder? How expanding our definition of coding helps us look at the world in a whole new way.
2017-07-28	The Rise Of Big Philanthropy	17:00	https://www.podtrac.com/pts/redirect.mp3/dovetail.prxu.org/106/1a3dddeb-d5d9-4b04-a36a-61e9a3d427c6/072917-CALLAHAN-WEBMIX.mp3	pri; wgbh; innovation hub; kara miller; david callahan; philanthropy; mark zuckerberg	Big philanthropists like Bill Gates and the Koch Brothers are reshaping our society. But, we don’t really have much of a say as to how. We look at the rise of big philanthropy.
2017-07-28	Imagining A Hopeful Dystopia	13:50	https://www.podtrac.com/pts/redirect.mp3/dovetail.prxu.org/106/601798e0-76fb-4199-9969-6a5f2e07b723/072917-DOCTOROW-WEBMIX.mp3	pri; wgbh; innovation hub; kara miller; cory doctorow; science fiction	The Walking Dead. The Hunger Games. The Handmaid’s Tale. Why is so much of our most popular science-fiction bleak and depressing?
2017-07-28	How to Fix America's Broken Tax System	19:20	https://www.podtrac.com/pts/redirect.mp3/dovetail.prxu.org/106/df355572-b53c-48d6-ac23-9260a4b35152/072917-REID-TAXES-WEBMIX.mp3	pri; wgbh; innovation hub; kara miller; tr reid; taxes; tax	Americans spend a lot of time, money and energy filing taxes every year, and yet our tax system is both less fair and less efficient than other systems around the world. Author T.R. Reid says the U.S. government should look to other countries’ tax models to fix our own.
2017-07-28	Full Show: Things Could Be Different	49:41	https://www.podtrac.com/pts/redirect.mp3/dovetail.prxu.org/106/87e8fff3-ed75-4277-a090-2f4b2f81d802/072917-FULLSHOW-WEBMIX.mp3	pri; wgbh; innovation hub; kara miller; cory doctorow; science fiction; david callahan; philanthropy; tr reid	Is it a completely good thing when a billionaire gives away their money? David Callahan walks us through the new world of philanthropy. Why does so much of our most popular science-fiction feature bleak, depressing futures? We talk to a science-fiction writer to find out. Our tax system is inefficient, unfair, and infuriating. TR Reid tells us how to fix it.
2017-07-21	Full Show: Unseen Forces	49:26	https://www.podtrac.com/pts/redirect.mp3/dovetail.prxu.org/106/6e38d67e-e469-4e08-a617-8f07beb30f31/072117-REAIR-WEBMIX.mp3	pri; wgbh; innovation hub; kara miller; jane mayer; theda skocpol; tim wu; tomas chamorro-premuzic; holly bik; advertising; microbes; koch brothers	Dark money, microbes, oppressive ads, and overconfidence. It’s this week’s Innovation Hub.
2017-07-14	Why Scientists Make Mistakes	18:03	https://www.podtrac.com/pts/redirect.mp3/dovetail.prxu.org/106/20e8f13f-2f0f-4e81-afaf-ac84b5858d8f/071517-HARRIS-WEBMIX.mp3	wgbh; pri; innovation hub; kara miller; richard harris; npr; science	Science gave us penicillin, the moon landing, and the theory of evolution. But scientists also make mistakes. NPR’s Richard Harris tells us why, and what the consequences are.
2017-07-14	The Invention Of Human Rights	17:03	https://www.podtrac.com/pts/redirect.mp3/dovetail.prxu.org/106/804ac3b6-d91d-4a8a-81f9-611c7e22c4d6/071517-HUNT-WEBMIX.mp3	wgbh; pri; kara miller; innovation hub; human rights; lynn hunt; ucla; declaration of independence; thomas jefferson	Human rights are hotly-debated, but when did that debate begin? UCLA’s Lynn Hunt talks about what might have been the formative moment for human rights - and how we’re constantly changing our definition of equality.
2017-07-14	How Childhood Trauma Affects Health	15:03	https://www.podtrac.com/pts/redirect.mp3/dovetail.prxu.org/106/920dc520-9f2d-4d3e-8c17-8e3af4078d49/071517-FELITTI-WEBMIX.mp3	wgbh; pri; innovation hub; kara miller; vincent felitti; trauma health	There’s a health epidemic that doctors have been ignoring for decades. We talk with Dr. Vincent Felitti about how childhood trauma can affect adults’ health.
2017-07-14	Full Show: Big Oversights	50:08	https://www.podtrac.com/pts/redirect.mp3/dovetail.prxu.org/106/e73626b5-d36f-4afd-987e-2c95a5b6d7cd/071517-FULL%2520SHOW-WEBMIX.mp3	wgbh; pri; innovation hub; kara miller; vincent felitti; richard harris; lynn hunt; npr; ucla; science; trauma; health; human rights	When did the fight for human rights begin? According to Lynn Hunt, the 18th century. And why? One answer is rather unexpected: the rise of the novel. Childhood experiences can drastically affect a person’s health for the rest of their life. We talk to a doctor about what that means for medicine. Science gave us penicillin, the moon landing, and the theory of evolution. But scientists can also make really big mistakes.
2017-07-07	What Nature Can Teach Science	12:24	https://www.podtrac.com/pts/redirect.mp3/dovetail.prxu.org/106/c0f2f42c-d09a-40f0-b7e6-8b7e6d6d1b31/070817-KARP%2520LABS-WEBMIX.mp3	wgbh; pri; innovation hub; kara miller; jeff karp; biomimicry; the karp lab; spider man; geckos; porcupines	The key to advancing medicine might be found right in your backyard. Harvard’s Jeff Karp finds inspiration in nature to create medical solutions for humans.
2017-07-07	Shrinking Families And America's Future	18:15	https://www.podtrac.com/pts/redirect.mp3/dovetail.prxu.org/106/8726512d-967d-4f7a-affd-83f4e60b3451/070817-BIRTH%2520RATE-WEBMIX.mp3	wgbh; pri; kara miller; innovation hub; dowell myers; fariborz ghadar; baby boomers; birth rate; immigration	Our kids are our future, so what happens when we start having fewer of them? Dowell Myers and Fariborz Ghadar explain.
2017-07-07	How To Fight Loneliness	18:27	https://www.podtrac.com/pts/redirect.mp3/dovetail.prxu.org/106/a8a5b52f-650b-49a9-a980-0f303bce720e/0708-CSEG3.mp3	wgbh; pri; kara miller; innovation hub; john cacioppo; dhruv khullar; loneliness; obesity; community	Loneliness is a drag. But it’s also bad for your health. We find out why feeling lonely is as dangerous as obesity.
2017-07-07	Full Show: We're All Connected	49:24	https://www.podtrac.com/pts/redirect.mp3/dovetail.prxu.org/106/c89384ad-d1d6-48c8-b8fe-1e513d00357b/07-08-FULL-SHOW-WEB_mixdown2.mp3	wgbh; pri; innovation hub; kara miller; dowell myers; fariborz ghadar; jeff karp; john cacioppo; dhruv khullar; birth rate; baby boomers; biomimicry; loneliness	Parents won’t shut up about their kids being precious. And with American birth rates declining, they’re actually right. Geckos can help us perform surgery, and kingfishers can help us design trains. We dive into the world of biologically-inspired design. Being lonely isn’t just bad for your emotional health, it’s bad for your physical health. We talk about why Americans are lonelier than ever and what can be done about it.
2017-06-30	Full Show: Looking For America	49:47	https://www.podtrac.com/pts/redirect.mp3/dovetail.prxu.org/106/ba6ef068-ba32-41ee-b890-15f7d6ce6810/070117-FULL%2520SHOW-WEBMIX.mp3	pri; wgbh; innovation hub; kara miller; brennan; gilmore; kaplan; america; the american dream; canada; toll house cookies; chocolate chip cookie	As America celebrates the Fourth with fireworks and barbeques, we take a closer look at the ideals that have shaped our country.
2017-06-23	Full Show: Make Up Your Mind	50:00	https://www.podtrac.com/pts/redirect.mp3/dovetail.prxu.org/106/11280dbb-77a8-4a70-b9a4-6d6152e61af8/062417-FULL%2520SHOW%2520REAIR-WEBMIX.mp3	pri; wgbh; innovation hub; kara miller; benbow; lubinski; brotherton; gliovich	Camilla Benbow and David Lubinski spent their lives studying child geniuses. Their advice on how to create a baby Einstein? Do nothing. Then, conspiracy theories have gotten a lot of attention in the last year, but psychologist Rob Brotherton says they've been around for a long time. And finally, Thomas Gilovich thinks he can make you wise... or at least, the wisest person in the room.
2017-06-16	The Potential - And Possible Pitfalls - Of Modern Protests	18:30	https://www.podtrac.com/pts/redirect.mp3/dovetail.prxu.org/106/17a83a46-60b0-4761-95c0-09276a28fd9d/061717-TUFEKCI-PROTESTS-WEBMIX.mp3	pri; wgbh; innovation hub; kara miller; zeynep tufekci; protests; womens march	What’s the difference between the 2017 Women’s March, and the 1963 March on Washington? Zeynep Tufekci explores protests in an internet age.
2017-06-16	Millennials: More Sexist Than You'd Expect	21:15	https://www.podtrac.com/pts/redirect.mp3/dovetail.prxu.org/106/97e26cc5-c4e6-46c3-aa94-c8bb9c579232/061717-CASINO-GINSBERG-GENDER-WEBMIX.mp3	pri; wgbh; innovation hub; kara miller; kei kawashima-ginsberg; dan cassino; sexism; millennials; masculinity	Millennials are known for being liberal. But new research might upend that assumption.
2017-06-16	How To Empower Young Black Entrepreneurs	10:10	https://www.podtrac.com/pts/redirect.mp3/dovetail.prxu.org/106/27dfbef3-8aac-472a-ab43-bcc4ee302abf/061717-ROCK-ENTREPRENEURSHIP-WEBMIX.mp3	pri; wgbh; innovation hub; kara miller; henry rock; city startup labs; entrepreneurship	The wealth gap between white and black families has grown since the 1960s. But one man thinks he might have an entrepreneurial solution.
2017-06-16	Full Show: The Big Pushback	49:14	https://www.podtrac.com/pts/redirect.mp3/dovetail.prxu.org/106/4dc663e6-54df-4b01-b06a-1e2ed702b6d0/061717-FULLSHOW-WEBMIX.mp3	pri; wgbh; innovation hub; kara miller; key kawashima-ginsberg; dan cassino; zeynep tufekci; henry rock; protests; millennials	Millennials are feminist, progressive, and care a lot about gender equity. Right? According to Kei Kawashima-Ginsberg and Dan Cassino, it’s actually more complicated than that. It’s relatively simple to organize a massive protest using Twitter and Facebook. And Zeynep Tufekci says that can make resistance movements weaker. The average white family has 13 times the wealth of the average African-American family. Henry Rock explains how we can use entrepreneurship to lessen that divide.
2017-06-09	Why Experts Are Being Questioned	28:17	https://www.podtrac.com/pts/redirect.mp3/dovetail.prxu.org/106/822e7555-583d-4c4f-878f-6b212bc1840e/061017-NICHOLS-JACOBY-EXPERTISE-WEBMIX.mp3	innovation hub; tom nichols; susan jacoby; expertise	When America has a problem, we no longer turn to the experts. And that’s a problem, too. At least, according to Tom Nichols and Susan Jacoby.
2017-06-09	The Link Between School Lunches And Test Scores	08:31	https://www.podtrac.com/pts/redirect.mp3/dovetail.prxu.org/106/5984a261-fb3d-4df1-b6ff-f0bb9b750d4b/061017-GALLAGHER-LUNCH-WEBMIX.mp3	wgbh; pri; innovation hub; kara miller; justin gallagher; lunch; food	Healthy school lunches might not affect child obesity rates. But they do make a difference. Professor Justin Gallagher explains.
2017-06-09	Job Interviews Are Ineffective, Or Worse, Harmful	13:24	https://www.podtrac.com/pts/redirect.mp3/dovetail.prxu.org/106/8a4a26da-2757-4ffb-8cd0-693890ffe7ab/061017-DANA-INTERVIEWS-WEBMIX.mp3	jason dana; innovation hub; interviews; jobs	Job interviews are stressful, time-consuming, and not even a good way to decide who to hire. So why do we use them? Yale professor Jason Dana explains.
2017-06-09	Full Show: Get Smart	49:35	https://www.podtrac.com/pts/redirect.mp3/dovetail.prxu.org/106/5b28e01a-ccbd-4df5-948a-3d41fdb3ad35/061017-FULLSHOW-WEBMIX.mp3	wgbh; pri; innovation hub; kara miller; tom nichols; susan jacoby; jason dana; justin gallagher; experts; jobs; interviews; food; school lunch	The decline of experts, why interviews are awful, and how healthy lunches help kids. That's all this week, on Innovation Hub.
2017-06-02	Turning Sunlight Into Fuel	13:40	https://www.podtrac.com/pts/redirect.mp3/dovetail.prxu.org/106/5c81b15d-9626-4d14-b0d9-19f043fddf57/060317-LEWIS-SOLAR-WEBMIX.mp3	innovation hub; nathan lewis; fuel; solar; energy	It’s a feat that seems like alchemy: turn sunlight into fuel. We talk with CalTech scientist Nathan Lewis about how we may be able to do it one day soon.
2017-06-02	The Republic of California	13:27	https://www.podtrac.com/pts/redirect.mp3/dovetail.prxu.org/106/05ad1fb1-3824-486d-97b4-d7318b200be6/060317-JAFFE-CALIFORNIA-WEBMIX.mp3	innovation hub; jeffe; california	California is on a collision course with the federal government. And we’re going to take a look at the crash.
2017-06-02	The Birth of Talkies	21:30	https://www.podtrac.com/pts/redirect.mp3/dovetail.prxu.org/106/9a764dd4-0aff-4cb2-944f-875a872ed462/060317-WANAMAKER-HOLLYWOOD-REV-WEBMI.mp3	innovation hub; marc wanamaker; sound; movies; hollywood; films	Beyond “Singin’ in the Rain” and “Sunset Boulevard,” what was the transition to talkies really like for Hollywood?
2017-06-02	Full Show: Going to California	49:33	https://www.podtrac.com/pts/redirect.mp3/dovetail.prxu.org/106/1117cd6e-b9f4-46f9-9110-08c0492eab3b/060317-FULLSHOW.mp3		California is a place where big ideas collide against bigger realities, where scientists are trying to turn sunlight into fuel, and where Hollywood became Hollywood. This week, we go there.
2017-05-26	Full Show: Lending a Hand	49:52	https://www.podtrac.com/pts/redirect.mp3/dovetail.prxu.org/106/0f6ad74b-6ea9-4ed9-913a-0e9b51fc7d0d/052717-FULLSHOW-WEBMIX.mp3	innovation hub; kevin esvelt; mice; lyme disease; jessica tracy; pride; radha rajkotia; foreign aid; refugees	Bioengineering mice to stop Lyme disease, a new approach to refugee aid, and rethinking one of the seven deadly sins. This week, stories about the best way to help people.
2017-05-19	The Rise Of The Superfan	17:27	https://www.podtrac.com/pts/redirect.mp3/dovetail.prxu.org/106/144adb7f-7ccd-474f-b683-ff92c1c42d11/052017-FRAADE-BLANAR-SUPERFANS-WEBMIX.mp3	wgbh; pri; kara miller; zoe fraade-blanar; superfans	There are fans. And then there are superfans. Author Zoe Fraade-Blanar explains the difference between the two.
2017-05-19	The History Of Polaroid And Its Overlooked Founder	15:42	https://www.podtrac.com/pts/redirect.mp3/dovetail.prxu.org/106/7163a237-5b1a-4d45-adfc-b0f3993a7917/052017-FIRESTEIN-POLAROID-WEBMIX.mp3	wgbh; pri; kara miller; edwin land; ronald firestein; polaroid; steve jobs	Who was Steve Jobs’ Steve Jobs? Edwin Land. We explore the life and legacy of the founder of Polaroid.
2017-05-19	Our Compulsions And Anxieties	15:39	https://www.podtrac.com/pts/redirect.mp3/dovetail.prxu.org/106/386ddddd-27f3-44c3-a2ee-34885cfe609f/052017-BEGLEY-COMPULSION-WEBMIX.mp3	wgbh; pri; kara miller; sharon begley; compulsions; obsession	Can’t stop checking your phone? Blame your distant ancestors.
2017-05-19	Full Show: Obsession	49:25	https://www.podtrac.com/pts/redirect.mp3/dovetail.prxu.org/106/fd75e8f8-e8db-47bd-a347-8ea4dd1ee326/052017-FULLSHOW-OBSESSION-WEBMIX.mp3	wgbh; pri; kara miller; sharon begley; edwin land; ronald firestein; zoe fraade-blanar; superfans; compulsion	There’s a reason you constantly check your phone. Sharon Begley explains the science behind our compulsions. Plus, who was Steve Jobs’ Steve Jobs? Edwin Land. We explore the life and legacy of the founder of Polaroid. Finally, fandom is a multi-billion dollar industry. Zoe Fraade-Blanar tells us how companies use our obsessions to make money.
2017-05-12	Why the Rorschach Test Isn't A Rorschach Test	16:03	https://www.podtrac.com/pts/redirect.mp3/dovetail.prxu.org/106/760b2bdc-8cf9-4970-9588-a67ba9ba575b/051317-SEARLS-RORSCHACH-WEBMIX.mp3	wgbh; pri; innovation hub; kara miller; damion searls; rorschach; rorschach test	Whether you’ve encountered them in real life, or just in the video for Gnarls Barkley’s “Crazy,” Rorschach tests are everywhere. Damion Searls tells us about their history and impact.
2017-05-12	The AARP For Kids?	13:48	https://www.podtrac.com/pts/redirect.mp3/dovetail.prxu.org/106/942689fa-1230-43ac-a907-80bf1c9a8676/051317-STOYER-KIDS-WEBMIX.mp3	innovation hub; kara miller; wgbh; pri; jim steyer; common sense media	Older Americans have the AARP. Gun owners have the NRA. But one of the biggest swaths of our population has very little political power.
2017-05-12	How The Internet Reveals Our Innermost Desires	20:04	https://www.podtrac.com/pts/redirect.mp3/dovetail.prxu.org/106/05700997-7a40-4a42-9f81-fd93a4a09177/051317-DAVIDOWITZ-REV2-WEBMIX.mp3	kara miller; wgbh; pri; seth stephens-davidowitz; google; internet; data; big data	Racism doesn’t just exist in the South, men really care about penis size, and having mutual friends doesn’t mean your relationship will work out. Turns out, there’s a lot you can learn from online data.
2017-05-12	Full Show: What We Really Think	49:27	https://www.podtrac.com/pts/redirect.mp3/dovetail.prxu.org/106/1f82e69f-dd86-4118-b7d4-0701e7d50636/051317-FULLSHOW-REV-WEBMIX.mp3	innovation hub; wgbh; pri	It can be difficult to know what people are thinking. So how can we unearth our real selves? Google, says Seth Stephens-Davidowitz. Older Americans have the AARP. Gun owners have the NRA. And now, kids have Common Sense Media. What can a couple of inkblots say about you? Apparently, a lot. We talk with Damion Searls about the rise of the Rorschach test.
2017-05-05	The Science Of Freezing	03:36	https://www.podtrac.com/pts/redirect.mp3/dovetail.prxu.org/106/89ca7fc1-69ff-4d65-8503-16fa0972f850/050617-FARADAY-HISTORIC-WEBMIX.mp3	wgbh; pri; innovation hub; kara miller; science; michael faraday; historic innovation	Scientists experiment, test, hypothesize… and sometimes they discover something completely and utterly by accident.
2017-05-05	The Dark Side Of Scientific Progress	16:35	https://www.podtrac.com/pts/redirect.mp3/dovetail.prxu.org/106/fc1f3e5c-c296-4a22-9dea-828a8e15aecb/050617-OFFIT-SCIENCE-WEBMIX.mp3	wgbh; pri; innovation hub; kara miller; paul offit; science	Science gave us penicillin, space travel, and computers. But, it also gave us TNT, guns, and heroin. Paul Offit tells us about when science goes wrong.
2017-05-05	Sleep's Restless History	15:34	https://www.podtrac.com/pts/redirect.mp3/dovetail.prxu.org/106/08007104-518b-4d7e-8531-edcd2f75ab01/050617-REISS-SLEEP-WEBMIX.mp3	wgbh; pri; innovation hub; kara miller; benjamin reiss; sleep	You may spend a third of your life asleep… but how much do you know about it, really? Benjamin Reiss walks us through the history of sleep.
2017-05-05	How The World Revolves Around Superhubs	15:28	https://www.podtrac.com/pts/redirect.mp3/dovetail.prxu.org/106/23a5c0c2-9672-457e-9538-5aa55438383b/050617-NAVIDI-SUPERHUBS-WEBMIX.mp3	wgbh; pri; kara miller; superhubs; elites; financial system; economy; sandra navidi	Who pulls the levers of the global financial system? Superhubs. Sandra Navidi explains who they are and what they’re doing.
2017-05-05	Full Show: Strange Shifts	49:55	https://www.podtrac.com/pts/redirect.mp3/dovetail.prxu.org/106/9261b093-8325-49cd-8b0b-6fae8203e52c/050617-REV-FULLSHOW-SHIFTS.mp3	wgbh; pri; innovation hub; kara miller; sleep; economy	Science is great. Except when it gives us stuff like heroin and TNT. Paul Offit explains what we can all learn from science’s mistakes. A small, insular group controls the world’s financial system. No, they aren’t lizard-people. They’re superhubs. The way we sleep now was invented in the 18th century. Benjamin Reiss takes us on a tour of sleep’s history.
2017-04-28	Why Age Doesn't Matter In Science	15:15	https://www.podtrac.com/pts/redirect.mp3/dovetail.prxu.org/106/f145fb0d-4dd9-4a6c-8855-920951bd025b/042917-BARABASI-SCIENCE-WEBMIX.mp3	wgbh; pri; kara miller; albert-laszlo barabasi; genius; science	Unlike in music, science has few one-hit wonders. We talk with professor Albert-Laszlo Barabasi about how age and skill figure into scientific discoveries.
2017-04-28	When We Live to 100	16:24	https://www.podtrac.com/pts/redirect.mp3/dovetail.prxu.org/106/ae51a22b-15eb-4ad3-959a-8f9f79389db5/042917-SCOTT-100-WEBMIX.mp3	wgbh; pri; kara miller; andrew scott; life span	Pretty soon, a lot more people are going to live to 100. We talk with Andrew Scott about how that’s going to reshape our society.
2017-04-28	The Right To Free Time	15:27	https://www.podtrac.com/pts/redirect.mp3/dovetail.prxu.org/106/b71d2bfd-0e79-4d77-8912-e4c616da2e33/042917-ROSE-TIME-WEBMIX.mp3	wgbh; pri; kara miller; julie rose; free time; leisure; labor	It feels great to carve out a few leisure hours each week. But, Professor Julie Rose says that free time should be a right, not a privilege.
2017-04-28	How Sun City Changed Retirement	04:01	https://www.podtrac.com/pts/redirect.mp3/dovetail.prxu.org/106/643636c5-979a-4b39-8ed1-08acc58d20aa/042917-HISTORICINNO-RETIREMENT-WEBMIX.mp3	wgbh; pri; kara miller; del webb; retirement; sun city	These days, people retire to sun, sand, and shuffleboard. But, it wasn’t always that way. We learn the story of one man who changed the way many people spend their golden years.
2017-04-28	Full Show: The Days Of Our Lives	49:29	https://www.podtrac.com/pts/redirect.mp3/dovetail.prxu.org/106/810d13ab-dc9c-45dd-b259-0250c245a1bb/042917-FULLSHOW-DAYS-WEBMIX.mp3	wgbh; pri; kara miller; andrew scott; life span; del webb; albert-laszlo barabasi; julie rose; work; free time; genius	What happens when people regularly start living past 100? Plus, if you haven’t made that big scientific discovery yet, don’t worry: there’s time. Finally, we work four more weeks a year now than we did in the 1970s. And that’s a problem.
2017-04-21	The Biggest Little Network In Town	19:10	https://www.podtrac.com/pts/redirect.mp3/dovetail.prxu.org/106/d59e259a-67ed-4b6a-b0ec-1069bbfe3f7e/042217-LAMB-CSPAN-WEBMIX.mp3	wgbh; pri; kara miller; c-span; brian lamb	No ratings, no stars, and no commercials. We talk with C-SPAN founder Brian Lamb about the secret to success, even when nobody's watching.
2017-04-21	Out Of The Echo Chamber	15:04	https://www.podtrac.com/pts/redirect.mp3/dovetail.prxu.org/106/ac3ad39e-f255-48c9-8602-2f4051969a6b/042217-SUNSTEIN-POLARIZATION-WEBMIX.mp3	wgbh; pri; kara miller; sunstein; polarization; politics	Our Facebook newsfeeds have become echo chambers. To break out, professor Cass Sunstein says we should embrace a diversity of information.
2017-04-21	How Trump is Changing TV	16:01	https://www.podtrac.com/pts/redirect.mp3/dovetail.prxu.org/106/89145a5e-7b1f-41c3-9510-7d27830ad09c/042217-SCHNEIDER-TRUMP-WEBMIX.mp3	wgbh; pri; kara miller; trump; tv; television; michael schneider	The Trump phenomenon was built, in large part, by television. Michael Schneider tells us how the former star of The Apprentice is shaking up Hollywood - and creating some unexpected winners.
2017-04-21	Full Show: Politics and Screens	50:04	https://www.podtrac.com/pts/redirect.mp3/dovetail.prxu.org/106/b803ae37-c58f-47b6-91d6-6b670de7043f/042217-FULLSHOW-POLITICS-WEBMIX.mp3	wgbh; pri; kara miller; trump; tv; politics; polarization	Scrolling through your newsfeed and noticing something… eerie? Facebook can be an echo chamber. Professor Cass Sunstein tells us how social media has contributed to groupthink. Plus, which channel has no ratings, no stars, and no commercials, and wants to keep it that way? And finally, our president may have been ubiquitous on Twitter for the past few years. But his first love will always be TV. And it loves him right back. IndieWire executive editor Michael Schneider explains.
2017-04-14	Full Show: Fragile Memories	49:26	https://www.podtrac.com/pts/redirect.mp3/dovetail.prxu.org/106/7dbf27ed-51fd-487c-8a7e-54887b3c8c1e/041417-FULLSHOW-FRAGILEMEM-WEBMIX.mp3	wgbh; pri; kara miller; julia shaw; abby smith rumsey; emelyn rude; don ingber; david sinclair; jackson labs	Our memories are terrible, mice can lead us astray, and Americans didn't always love chicken. This week, we've got a show packed with surprising facts about both human brains and animal realities.
2017-04-07	Why International Students Might Not Want to Come to the US	03:47	https://www.podtrac.com/pts/redirect.mp3/dovetail.prxu.org/106/c9c17b62-de20-4d77-b0de-fb151c17acf4/040817-REDDEN-COLLEGE-WEBMIX.mp3	wgbh; pri; kara miller; elizabeth redden; inside higher ed	With President Trump in office, are international students turning away from the US? Inside Higher Ed’s Elizabeth Redden joins us to explain.
2017-04-07	The Booming Business Of Private Prisons	19:26	https://www.podtrac.com/pts/redirect.mp3/dovetail.prxu.org/106/79fce141-ce2d-45e2-b258-e06dcf299ece/040817-EISENMAUER-PRISONS-WEBMIX.mp3	wgbh; pri; kara miller; lauren-brooke eisen; marc mauer; brennan center for justice; sentencing project	Why do federal and local governments pay private contractors to lock inmates up? The answer is surprising.
2017-04-07	Tackling Public Problems With Private Strategies	12:32	https://www.podtrac.com/pts/redirect.mp3/dovetail.prxu.org/106/349f32ed-322d-4ad0-8940-9cc7d180a2b1/040817-SHAH-SOCIAL-WEBMIX.mp3	wgbh; pri; kara miller; sonal shah; social; innovation	What does social innovation look like? How about prisons in New Zealand that try to keep prisoners out, not in.
2017-04-07	Saving Facts On The Internet	14:59	https://www.podtrac.com/pts/redirect.mp3/dovetail.prxu.org/106/876e1761-c0be-4161-aeb6-a973b2247b3a/040817-KAHLE-INTERNET-WEBMIX.mp3	wgbh; pri; kara miller; brewster kahle; internet; archives	Brewster Kahle isn’t just a librarian, he’s the internet’s librarian. And it turns out, that’s a really important job.
2017-04-07	Full Show: Between Private And Public	50:01	https://www.podtrac.com/pts/redirect.mp3/dovetail.prxu.org/106/5f85ba2e-d827-412f-bd4e-bf43f3b713f9/040817-FULLSHOW-PP-WEBMIX.mp3	wgbh; pri; sonal shah; brewster kahle; elizabeth redden; lauren-brooke eisen; marc mauer; public; private	Internet librarian is a real job. And it’s real important. Plus, in 2016, two of the largest private prison companies made 4 billion dollars in revenue. But are they saving us any money. And finally, Social innovation looks like a lot of things. Among them, a prison in New Zealand that try to keep prisoners out, not in.
2017-03-31	The Newspaper That Moved America	17:35	https://www.podtrac.com/pts/redirect.mp3/dovetail.prxu.org/106/2a6c5eac-c6ed-43b1-83ab-0c7f3762f3c9/031717-MICHAELI-DEFENDER-WEBMIX.mp3	wgbh; pri; kara miller; ethan michaeli; the chicago defender	From the Great Migration to President Obama’s political career, here’s how one newspaper saw - and shaped - history.
2017-03-31	Is The American Dream In Canada?	15:37	https://www.podtrac.com/pts/redirect.mp3/dovetail.prxu.org/106/1063ac5e-ca37-4a70-8584-c41edeb07ac5/031717-GILMORE-CANADA-WEBMIX.mp3	wgbh; pri; kara miller; scott gilmore; canada	The American dream has found a new home: Canada. Author and former Canadian diplomat Scott Gilmore believes that Canada has become a more realistic setting for modern-day, rags-to-riches stories.
2017-03-31	How Geography Made Us... Us	16:06	https://www.podtrac.com/pts/redirect.mp3/dovetail.prxu.org/106/e62e4135-0f26-490c-8c6e-d41865c365e5/031717-KAPLAN-GEOGRAPHY-WEBMIX.mp3	wgbh; pri; kara miller; robert kaplan; geography	What made America great? Well, according to author Robert Kaplan is has a lot to do with our landscape.
2017-03-31	Full Show: You Are Here	49:16	https://www.podtrac.com/pts/redirect.mp3/dovetail.prxu.org/106/fe850dc4-5801-456f-8bd8-1b1cc149c371/031717-FULLSHOW-YOUAREHERE-WEBMIX.mp3	wgbh; pri; kara miller; robert kaplan; scott gilmore; ethan michaeli; the chicago defender; canada; geography	The American Dream isn’t dead, it’s just found a new home. Plus, it's our geography that makes this country great, says Robert Kaplan. From the Great Migration to President Obama’s political career, here’s how one newspaper saw - and shaped - history.
2017-03-24	Why Ideology Matters On Campus	16:47	https://www.podtrac.com/pts/redirect.mp3/dovetail.prxu.org/106/6f485ecf-e8af-4d10-925e-b97f7fe4edfb/032517-ABRAMS-COLLEGE-WEBMIX.mp3	wgbh; pri; kara miller; sam abrams; higher education	Yes, liberal thought does dominate in academia, and professor Sam Abrams says it’s a problem for higher education.
2017-03-24	When Women Entered The Ivies	19:00	https://www.podtrac.com/pts/redirect.mp3/dovetail.prxu.org/106/b4c4568d-08e7-4870-b258-78ae8f514a98/032517-MALKIEL-COED-WEBMIX.mp3	wgbh; pri; kara miller; nancy weiss malkiel; higher education	What was it like when men and women started going to elite colleges together? Turns out… pretty awkward.
2017-03-24	The Complicated Story of Reading in America	13:17	https://www.podtrac.com/pts/redirect.mp3/dovetail.prxu.org/106/633a1c68-72fc-4915-ab21-486b732a75bf/032517-SEIDENBERG-READING-WEBMIX.mp3	wgbh; pri; kara miller; mark seidenberg; higher education	Millions of American adults can’t read at a high enough level to keep track of their health care or help with their kids’ homework. Professor Mark Seidenberg says a disconnect between reading researchers and teachers is partly to blame.
2017-03-24	Full Show: The (Mis)Education of America	50:08	https://www.podtrac.com/pts/redirect.mp3/dovetail.prxu.org/106/f0954428-128e-4d40-a6b2-327f0b270d68/032517-FULLSHOW-HIGHERED-WEBMIX.mp3	wgbh; pri; kara miller; sam abrams; nancy weiss malkiel; mark seidenberg; higher education	"Academics skew liberal. Plus, forty percent of Americans read at -- or below -- a basic level. Finally, Going co-ed wasn’t easy for the Ivies. Just ask the Dartmouth alums who wrote this appeal in 1970: ""For God’s sake, for Dartmouth’s sake, and for everyone’s sake, keep the damned women out."""
2017-03-17	What Inequality Looks Like Right Now	16:15	https://www.podtrac.com/pts/redirect.mp3/dovetail.prxu.org/106/896c4893-0232-4ca9-ade1-5c24129b9957/031817-ROUNDTABLE-INEQUALITY-WEBMIX.mp3	wgbh; pri; kara miller; alan berube; alexandra killewald	Beyond the headlines, beyond the soundbites, what is the state of inequality in America? Alan Berube of The Brookings Institution, and Harvard’s Alexandra Killewald joins us to answer that question.
2017-03-17	The High Cost of Health Care Innovation	11:54	https://www.podtrac.com/pts/redirect.mp3/dovetail.prxu.org/106/828d4e2f-8729-4197-b8e8-f5d077aeb5d6/031817-GRUBER-HEALTHCARE-WEBMIX.mp3	wgbh; pri; kara miller; jon gruber	The innovations that have made our health care so effective also contribute to what makes it so expensive. MIT economist (who also worked on the Affordable Healthcare Actt) Jon Gruber says we should do a cost-benefit analysis on new drugs to keep costs low.
2017-03-17	Inequality's Terrible Cure	16:40	https://www.podtrac.com/pts/redirect.mp3/dovetail.prxu.org/106/1dc9875e-8e13-45fe-a303-790004a0736c/031817-SCHIEDEL-VIOLENCE-WEBMIX.mp3	wgbh; pri; kara miller; walter scheidel; inequality	There’s a way to reduce inequality… but you aren’t going to like it.
2017-03-17	How The New Health Care Bill Could Affect Your Uber Ride	05:59	https://www.podtrac.com/pts/redirect.mp3/dovetail.prxu.org/106/ab2465c5-0cc1-48b4-9ff6-487f49e7125f/031817-LESTER-HEALTHCARE-WEBMIX.mp3	wgbh; pri; kara miller; paul ryan; caroline lester; avra siegel; melinda buntin	The gig economy has exploded over the past decade. Could Paul Ryan's new health care proposal halt that progress?
2017-03-17	Full Show: Walking the Divide	50:04	https://www.podtrac.com/pts/redirect.mp3/dovetail.prxu.org/106/c5033589-3dc6-4757-adbe-4639a456a711/031817-FULLSHOW-INEQUALITY-WEBMIX.mp3	wgbh; kara miller; pri; alexandra killewald; alan berube; walter scheidel; jon gruber; caroline lester; melinda buntin; avra siegal; american health care act; affordable care act	How does inequality affect our lives? Alan Berube and Alexandra Killewald explain. Then, according to Walter Scheidel, there are ways to significantly reduce inequality. But they're all... uncomfortable. Then, why does America spend more on health care than any other country in the world. And finally, you can thank Obama for your next Uber ride. But don’t get too comfortable: here’s how the new health care proposal might affect the gig economy.
2017-03-10	Full Show: Making Connections	50:22	https://www.podtrac.com/pts/redirect.mp3/dovetail.prxu.org/106/0a7bd3c9-e969-41c7-a7f6-d92fe1c14ead/031117-MAKINGCONNECTIONS-FULLSHOW-WE.mp3	elizabeth bernstein; moira weigel; virginia heffernan; kara miller; wgbh; pri	Dating in the digital age equates to a slew of websites and apps that all purport to offer paths to love. But, while we may have more ways to find that special someone than ever before, actually forging those bonds isn’t quite as easy as swiping right.
2017-03-03	Why Scheduling Your Free Time Might Ruin It	07:00	https://www.podtrac.com/pts/redirect.mp3/dovetail.prxu.org/106/2c3b4e82-055a-4fde-8756-2233ac4b3cc3/030417-Malkoc-Time.mp3	innovation hub; wgbh; kara miller; selin malkoc; time; time management; play	Americans are becoming increasingly dependant on our calendars. But what happens when you start to schedule free time? Bad things, says Selin Malkoc.
2017-03-03	What Lurks In Our Pipes	17:54	https://www.podtrac.com/pts/redirect.mp3/dovetail.prxu.org/106/2f0b7401-ffa1-4c67-ad1e-c07b6b3ff7a1/030417-Edwards-Flint.mp3	innovation hub; wgbh; marc edwards; epa; flint; water; lead	Marc Edwards was one of the first scientists to confirm lead poisoning in Flint. But it’s the second time he found himself battling the EPA. He tells us why our country’s lead crisis will only get worse.
2017-03-03	We're All Suckers	18:14	https://www.podtrac.com/pts/redirect.mp3/dovetail.prxu.org/106/5deb7b36-f22f-4b27-a18c-e34dfaf0b79f/030417-Konnikova-Cons.mp3	innovation hub; wgbh; maria konnikova; cons	Should you respond to that suspiciously attractive suitor on OkCupid? Should you invest your money in a “too good to be true” land deal? Before you trust anyone, listen to Maria Konnikova talk about the history and psychology of cons.
2017-03-03	Time for a New Time?	05:46	https://www.podtrac.com/pts/redirect.mp3/dovetail.prxu.org/106/587fd2db-dc20-4e93-a27e-fd514ed2d4a8/030417-Hanke-Zones.mp3	innovation hub; wgbh; steve hanke; time; time zones	North Korea invented its own time zone. Arizona and Hawaii refuse to participate in daylight savings. Steve Hanke thinks it’s time to overhaul, well, time.
2017-03-03	Full Show: Mismanagement	50:26	https://www.podtrac.com/pts/redirect.mp3/dovetail.prxu.org/106/6881ca32-cfea-4845-9ebe-6901ae27b664/030417-Mismanagement-FullShow.mp3	innovation hub; wgbh	Three things to know: Con men - and women - have been around for as long as we’ve been around. So why do we keep falling for their tricks? Maria Konnikova explains the science of the swindle. There’s no international law on time zones or daylight savings. And the result? Chaos. But Steve Hanke has a simple solution: universal time. Flint, Michigan, was just the beginning. Marc Edwards says that our country is relying on a network of very old pipes, many of them lined with lead.
2017-02-24	Treating Violence Like a Disease	20:24	https://www.podtrac.com/pts/redirect.mp3/dovetail.prxu.org/106/9a13de89-7068-44e1-888e-fe0abe2de330/022517-SLUTKIN-VIOLENCE-WEBMIX.mp3	wgbh; pri; kara miller; gary slutkin; violence	What if the spread of violence was treated like the spread of a disease? University of Illinois at Chicago’s Gary Slutkin tells us why we need to take a public health approach to preventing violence in America.
2017-02-24	The Birth of a Chocolate Empire	03:29	https://www.podtrac.com/pts/redirect.mp3/dovetail.prxu.org/106/94a36ca9-331c-4a78-9b72-47e19958a0d5/022517-HISTORIC-CHOCOLATE-WEBMIX.mp3	innovation hub; ihub; pri; kara miller; chocolate; mars; historic innovation	One man’s life turns around because, of all things, nougat. We recount the surprising rise of a giant in the world of candy.
2017-02-24	Paging Through History	14:45	https://www.podtrac.com/pts/redirect.mp3/dovetail.prxu.org/106/4b8b161c-0a6d-4721-b7b1-992620edeef9/022517-HOUSTON-BOOKS-WEBMIX.mp3	wgbh; pri; kara miller; keith houston; books; book	From illuminated manuscripts to your dog-eared copy of The Hobbit, the book has had a tremendously important place in human history. Keith Houston talks about how books changed the world.
2017-02-24	Making A More Versatile Chocolate	07:46	https://www.podtrac.com/pts/redirect.mp3/dovetail.prxu.org/106/59c5f459-4b25-483a-8aec-7a99d97d27b3/022517-LEISSLE-CHOCOLATE-WEBMIX.mp3	wgbh; pri; innovation hub; kara miller; chocolate	Chocolate’s melting point makes it one of the most fickle sweets in the world. It also prevents manufacturers from transporting it to large swaths of the globe. But the discovery of one of its most important genes could make a big difference.
2017-02-24	How Reading Helps You Live Longer	05:14	https://www.podtrac.com/pts/redirect.mp3/dovetail.prxu.org/106/090eb2e4-7228-4b21-b17b-8d8e26aa63a9/022517-BAVISHI-BOOKS-WEBMIX.mp3	wgbh; pri; kara miller; books; avni bavishi	This just in: reading just might help you live longer. Bookworms everywhere celebrate by going to the library.
2017-02-24	Full Show: The Network Effect	50:09	https://www.podtrac.com/pts/redirect.mp3/dovetail.prxu.org/106/2c5e46e1-ed76-46a0-a943-b7e5d5d55bf8/022517-FULLSHOW-NETWORK-WEBMIX.mp3	innovation hub; ihub; pri; kara miller	Violence is usually seen as some sort of moral failing. Gary Slutkin says we should instead treat it like a disease. As anyone who’s left a Hershey’s bar too long in their pocket can tell you… chocolate melts pretty easily. A scientist has uncovered the gene that could change that. The shape and form of the book hasn’t changed all that much since the Middle Ages. But it has definitely changed us.
2017-02-17	Full Show: Our Bodies, Our Selves	50:09	https://www.podtrac.com/pts/redirect.mp3/dovetail.prxu.org/106/228945ec-de29-4266-9507-fe2483b7af81/021817-FULLSHOW-BODIES-WEBMIX.mp3	wgbh; pri; kara miller; dariush mozaffarian; bruce lee; andrew smith; carl zimmer	Winter can be the hardest time of the year to stay in shape. But now that the holidays have passed, many Americans are looking to lose a few pounds in preparation for beach weather. It's a perfect time to focus in on our country’s growing obesity problem -- what’s caused it and what we can do about it.
2017-02-10	Why We Love Money	14:41	https://www.podtrac.com/pts/redirect.mp3/dovetail.prxu.org/106/90dbae2c-7af8-4d29-9129-9c8519af0d78/021117-SEHGAL-MONEY-WEBMIX.mp3	wgbh; pri; kara miller; kabir sehgal; money	We get high from making money. Literally. Former Wall Street executive and author Kabir Sehgal explains our obsession with cash and coin.
2017-02-10	The Birth of PR	19:32	https://www.podtrac.com/pts/redirect.mp3/dovetail.prxu.org/106/b59770cb-efad-4a21-98c1-cf7ca707c68b/021117-TYE-BERNAYS-WEBMIX.mp3	wgbh; pri; kara miller; edward bernays; larry tye; pr	Spin may have been a part of American life since the beginning, but PR began in the early 20th century.
2017-02-10	Opening Up The Internet	15:19	https://www.podtrac.com/pts/redirect.mp3/dovetail.prxu.org/106/bcf6658c-be15-4d1c-93ec-26bc86bca506/021117-SCHNEIDER-INTERNET-WEBMIX.mp3	wgbh; pri; kara miller; nathan schneider; internet	What would the internet look like if you owned a piece of it? Nathan Schneider thinks it's time for some of the biggest internet players to get cut down to size.
2017-02-10	Full Show: Reality And Appearances	49:55	https://www.podtrac.com/pts/redirect.mp3/dovetail.prxu.org/106/ebf999d6-fea6-44a3-a602-83f20c7f4e03/021117-FULLSHOW-REALITY-WEBMIX.mp3	wgbh; pri; kara miller; edward bernays; larry tye; kabir sehgal; nathan schneider	Once upon a time, women didn't smoke cigarettes. Until a PR maestro linked smoking with both femininity and female empowerment. Then, brain scans of a person high on cocaine and of a person expecting a cash windfall look almost identical. Kabir Sehgal tells us why we love money SO much. And finally, Nathan Schneider explains how we can own the web.
2017-02-03	Why Are Americans Moving Less?	11:55	https://www.podtrac.com/pts/redirect.mp3/dovetail.prxu.org/106/daff4795-ee03-481c-a6a2-404b37f9f8f8/020417-WOZNIAK-MOBILITY-WEBMIX.mp3	kara miller; wgbh; pri; mobility; abigail wozniak	American workers are becoming less mobile. Abigail Wozniak explains what that can tell us about our economy.
2017-02-03	What Immigration Does For Innovation	08:21	https://www.podtrac.com/pts/redirect.mp3/dovetail.prxu.org/106/a3b53060-4478-4bfc-9a41-d3341de0c8aa/020417-MOSERHUNT-CUT-WEMIX.mp3	wgbh; pri; kara miller; jennifer hunt; petra moser; einstein; tesla; immigration	Some of America’s best scientists (think Einstein and Tesla) immigrated here from other countries. We talk with a few economists who’ve calculated their impact on American innovation.
2017-02-03	Trump, Immigration, and Silicon Valley	15:54	https://www.podtrac.com/pts/redirect.mp3/dovetail.prxu.org/106/3d6024c3-e652-4507-8ae1-36456335e7f8/020417-BILAL-SV-WEBMIX.mp3	wgbh; pri; kara miller; donald trump; bilal zuberi; silicon valley	How’s Silicon Valley reacting to Trump’s immigration ban? We talk with Bilal Zuberi to find out.
2017-02-03	Silicon Valley's Immigrant Roots	13:23	https://www.podtrac.com/pts/redirect.mp3/dovetail.prxu.org/106/3b30fcb0-3e00-4f2a-8e2e-9f0149455a6e/020417-ISAACSON-IMMIGRANTS-WEBMIX.mp3	wgbh; pri; kara miller; walter isaacson; silicon valley; andrew grove	Where else have we seen an immigration ban like Trump's? Walter Isaacson walks us through the history of immigration and innovation.
2017-02-03	Full Show: Immigration and Innovation	49:34	https://www.podtrac.com/pts/redirect.mp3/dovetail.prxu.org/106/c0839e39-9ad1-4eb1-bd20-d6cda5052065/020417-FULLSHOW-IMMIGRATION-WEBMIX.mp3	wgbh; pri; kara miller; walter isaacson; donald trump; bilal zuberi; abigail wozniak; petra moser; jennifer hunt; immigration; innovation	First, Walter Isaacson walks us through the historical links between innovation and immigration. Then, how’s Silicon Valley taking Trump’s immigration orders? And finally, Americans are moving less because new jobs aren’t worth it. Abigail Wozniak explains the declining dynamism of the job market.
2017-01-27	Why You're Surrounded By Ads	07:47	https://www.podtrac.com/pts/redirect.mp3/dovetail.prxu.org/106/4ee78ad2-7834-4684-aa8a-40d064045d36/012817-WU-ADVERTISING-WEBMIX.mp3	wgbh; pri; kara miller; tim wu; advertising	Buy this! Drink that! Does it ever feel like advertisements are becoming more and more omnipresent? Author Tim Wu explains.
2017-01-27	The Patent Trap	04:31	https://www.podtrac.com/pts/redirect.mp3/dovetail.prxu.org/106/af4e946d-6c23-4cae-8c56-6cffdda5d7f7/012817-REBEN-PATENTS-WEBMIX.mp3	wgbh; pri; kara miller; alex reben; patent	Is a patent troll coming after your idea? Well, maybe you should check out Alex Reben's algorithm.
2017-01-27	How We Mistake Confidence For Competence	14:25	https://www.podtrac.com/pts/redirect.mp3/dovetail.prxu.org/106/835c6f7d-3bbd-40fa-ae40-d640268e16f4/012817-CHAMORRO-LEADERSHIP-WEBMIX.mp3	wgbh; pri; kara miller; tomas chamorro-premuzic; leadership	One of the reasons there aren't more women in leadership positions? Professor Tomas Chamorro-Premuzic says that it's our inability to differentiate between confidence and competence.
2017-01-27	How Money Sways Politics	22:55	https://www.podtrac.com/pts/redirect.mp3/dovetail.prxu.org/106/85f170f9-aef6-44c5-b5d3-fca7d78b875f/012817-SKOCPOLMAYER-POLITICS-WEBMIX.mp3	wgbh; pri; kara miller; theda skocpol; jane mayer; koch; politics	Money and politics have always been paired. But journalist Jane Mayer and professor Theda Skocpol both say that something new is afoot, thanks in part to a couple of very rich brothers.
2017-01-27	Full Show: The Levers Of Power	49:22	https://www.podtrac.com/pts/redirect.mp3/dovetail.prxu.org/106/57ee1979-da7e-4471-a970-eb9a6cd97505/012817-LEVERS-FULLSHOW-WEBMIX.mp3	wgbh; pri; kara miller; theda skocpol; jane mayer; tim wu; tomas chamorro-premuzic; alex reben	Money and politics go together like Thelma and Louise. But that relationship has started to spin out of control. Plus, Tim Wu explains how advertising has infiltrated our lives. And finally, we talk with psychologist Tomas Chamorro-Premuzic about how incompetent managers always seem to find their way to the top, and why that's bad for women.
2017-01-20	Utopias from A to Z	14:47	https://www.podtrac.com/pts/redirect.mp3/dovetail.prxu.org/106/cbd77911-8896-4565-82c8-0f80c773b63d/012117-JENNINGS-UTOPIA-WEBMIX.mp3	wgbh; pri; kara miller; chris jennings; utopias	What would your personal utopia look like? Well, it probably wouldn't involve furniture making and no sex. Chris Jennings talks 19th century American utopias.
2017-01-20	Rebuilding Foster Care From The Ground Up	19:15	https://www.podtrac.com/pts/redirect.mp3/dovetail.prxu.org/106/9bdda5bc-652e-4d00-9801-0a77f6efcb6e/012117-TREEHOUSE-FOSTER-WEBMIX.mp3	wgbh; pri; kara miller; judy cockerton; joe ryan; foster care; re-envisioning foster care in america; treehouse village	Judy Cockerton saw a problem and decided to do something about it. At 48, she shut down her toy store and created a village of sixty homes. The catch? They were reserved for seniors and families with foster kids. We visited Cockerton's village to learn how she built it.
2017-01-20	No Technology, No Problem for Innovative Amish	14:00	https://www.podtrac.com/pts/redirect.mp3/dovetail.prxu.org/106/8a623dc5-14c7-4566-93fc-d631d095d00c/012117-KRAYBILL-AMISH-WEBMIX.mp3	wgbh; pri; kara miller; donald kraybill; amish	Even without cars and computers, the Amish have managed to start and grow successful businesses. Professor Donald Kraybill tells us how they've developed a surprising culture of innovation without the help of the latest tech.
2017-01-20	Full Show: How To Make A Perfect World	49:33	https://www.podtrac.com/pts/redirect.mp3/dovetail.prxu.org/106/c02d7b65-79f7-4db6-b275-89581bdcef31/012117-UTOPIA-FULLSHOW-WEBMIX.mp3		The Industrial Revolution spawned more than just machinery. Author Chris Jennings says it was a catalyst for a pretty old idea: that heaven could be found on Earth. Plus, Judy Cockerton saw a problem and set out to fix it. And finally, something surprising: the Amish have wildly successful businesses, often without using cell phones, websites or email addresses.
2017-01-13	Full Show: Leaders Have Issues	49:37	https://www.podtrac.com/pts/redirect.mp3/dovetail.prxu.org/106/475e9d05-0718-4b7e-a032-d39301e94a82/011417-FULLSHOW-LEADERS-WEBMIX.mp3	wgbh; pri; innovation hub; kara miller; paul bloom; jim murley; michael ranney; climate change; empathy; technocracy	Our leaders should be deeply empathetic people, right? Well, according to Paul Bloom, empathy can actually get in the way of helping people. Mandatory voting, a council of presidents, more bureaucrats... Parag Khanna says that this is what American democracy should look like. Man-made climate change is one of the greatest challenges of our time. So why exactly aren’t we doing more about it?
2017-01-12	Why We Can't Agree on Climate Change	19:51	https://www.podtrac.com/pts/redirect.mp3/dovetail.prxu.org/106/173bbe95-32f8-4c56-8b6e-b3ff9a692502/011417-RANNEY-MURLEY-CLIMATE-WEBMIX.mp3	wgbh; pri; innovation hub; kara miller; michael ranney; jim murley; climate change; miami	Climate change looks like it will drastically change all of our lives. So why aren’t we doing more about it? We’ll take a look at why some are reticent to accept the consensus view on climate science, and what those in power are doing now to prepare for a new world.
2017-01-12	Technocracy Now!	09:31	https://www.podtrac.com/pts/redirect.mp3/dovetail.prxu.org/106/e5e1e0b8-24aa-425e-95b3-f9a59088729a/011417-KHANNA-TECHNOCRACY-WEBMIX.mp3	wgbh; pri; innovation hub; kara miller; parag khanna; technocracy	Parag Khanna believes technocrats get a bad rap in America, and our country could improve - and recover from what he calls “degenerative politics” - if it had more of them in office.
2017-01-12	How Empathy Leads Us Astray	20:21	https://www.podtrac.com/pts/redirect.mp3/dovetail.prxu.org/106/24c6b606-69eb-456a-9063-04dd169b21d1/011417-BLOOM-EMPATHY-WEBMIX.mp3	wgbh; pri; innovation hub; kara miller; paul bloom; empathy	Empathy is an inherently good human quality. So, why is Yale psychologist Paul Bloom against it? We talk with him about why feeling others' pain makes for bad public policy.
2017-01-06	Full Show: It's All In Your Head	50:06	https://www.podtrac.com/pts/redirect.mp3/dovetail.prxu.org/106/33be6966-7717-403b-981d-45252a2cb56b/010717-FULLSHOW-HEAD-WEBMIX.mp3	wgbh; pri; kara miller; camilla benbow; david lubinski; genius; thomas gilovich; rob brotherton	Camilla Benbow and David Lubinski spent their lives studying child geniuses. Their advice on how to create a baby Einstein? Do nothing. Plus, conspiracy theories have gotten a lot of attention in the last year, but psychologist Rob Brotherton says they've been around for a long time. And finally, Thomas Gilovich thinks he can make you wise... or at least, the wisest person in the room.
2017-01-05	What Wisdom Really Is	10:19	https://www.podtrac.com/pts/redirect.mp3/dovetail.prxu.org/106/ae020e80-1c6d-4d42-804f-20cd98bb5a20/010717-GILOVICH-WISE-WEBMIX.mp3	wgbh; pri; kara miller; thomas gilovich	Want to become wise? Well, you should first figure out what wisdom actually is. Psychology Professor Thomas Gilovich explains.
2017-01-05	What THEY Don't Want You To Know About Conspiracy Theories	19:04	https://www.podtrac.com/pts/redirect.mp3/dovetail.prxu.org/106/8c3ae2ec-c608-4ba0-9e11-f664a401ff10/010717-BROTHERTON-CONSPIRACY-WEBMIX.mp3	wgbh; pri; kara miller; thomas gilovich; genius	Do you believe that the illuminati run the world? That there was a second gunman? That everything is NOT WHAT IT APPEARS? Well, even if you don't, conspiracy theories help shape our world. We look at the psychology behind them.
2017-01-05	Want To Raise A Genius? Do Nothing.	19:24	https://www.podtrac.com/pts/redirect.mp3/dovetail.prxu.org/106/d368a689-7856-4223-98b5-a70d7c431359/010717-BENBOW-GENIUS-WEBMIX.mp3	wgbh; pri; kara miller; camilla benbow; david lubinski; genius	What makes a genius? Camilla Benbow and David Lubinski have worked on that question for decades; they think they might have some answers.
2016-12-30	Full Show: Money Problems	49:13	https://www.podtrac.com/pts/redirect.mp3/dovetail.prxu.org/106/96f84af1-2012-4987-8788-150907815d66/123116-FULLSHOW-MONEY-WEBMIX.mp3	wgbh; pri; kara miller; evelyn forget; matthew zwolinski; sarah jeong; garrett bradley	It's been quite a year. Whether you started 2016 on the Trump train, heavily invested in the rising British pound, or confident that Pantone's color of the year was an accurate forecast of the twelve months to come, you're probably surprised. Don’t worry -- we are too. But thankfully, we've curated some of our favorite segments to help you bookmark a very surreal year.
2016-12-23	Full Show: Hidden Truths	49:00	https://www.podtrac.com/pts/redirect.mp3/dovetail.prxu.org/106/6d4f9ce4-81b2-49f4-926d-499f32f8554a/122416-FULLSHOW-HIDDEN-WEBMIX.mp3	wgbh; pri; kara miller; robb willer; matthew mayhew; maura appleberry; nathalia holt	A winter chill is in the air, and there's way too much Christmas music being played. So curl up in an armchair, grab yourself a mug of something, and take a mental vacation with some fascinating conversations from Innovation Hub.
2016-12-16	Full Show: City Life, Take Two	49:39	https://www.podtrac.com/pts/redirect.mp3/dovetail.prxu.org/106/997e550d-2b72-44ef-8d80-485ce4997f7e/121716-FULLSHOW-CITIES-WEBMIX.mp3	wgbh; pri; kara miller; alan ehrenhalt; kilian kleinschmidt; robin chase; holly bik	If you want to live near a vibrant downtown but don't want to share a walk-in-closet with eleven roommates… maybe you should consider someplace other than San Francisco or New York. And yes, we know, self-driving cars are coming. But you'll never guess how they're actually going to change your city. Finally, refugee camps are becoming more and more permanent. And we need to build them better.
2016-12-15	The Return of the Urban	16:05	https://www.podtrac.com/pts/redirect.mp3/dovetail.prxu.org/106/90be8c11-075b-4b17-8909-b94cb0b3e9ed/121716-EHRENHALT-CITIES-WEBMIX.mp3	wgbh; pri; kara miller; alan ehrenhalt	Back in the mid-20th century, wealthy people fled big cities in droves for a quiet life in the suburbs. Now they're coming back. Alan Ehrenhalt, author of The Great Inversion and the Future of the American City, tells us why, and how it's going to change.
2016-12-15	Self Driving Cars and the Future of Cities	16:44	https://www.podtrac.com/pts/redirect.mp3/dovetail.prxu.org/106/623a2d63-7dc4-4ce0-9d8d-89c3a8c2dccc/121716-CHASE-CARS-WEBMIX.mp3	wgbh; pri; kara miller; robin chase; self-driving cars; zipcar	Self-driving cars are going to be a thing. Soon. But how are they going to reshape cities?
2016-12-15	Permanently Displaced: Rethinking Refugee Cities	12:08	https://www.podtrac.com/pts/redirect.mp3/dovetail.prxu.org/106/9d40b1fc-3b4d-474a-9f4b-48c3d050c368/121716-KLEINSCHMIDT-REFUGEES-WEBMIX.mp3	wgbh; pri; kara miller; kilian kleinschmidt	Kilian Kleinschmidt thinks we need to wake up to the world's refugee crisis. And it starts by reimagining where they live.
2016-12-15	How ATMs Spread Money and Microbes	04:48	https://www.podtrac.com/pts/redirect.mp3/dovetail.prxu.org/106/08326d95-dfaf-402c-9320-d6818938e0d0/121716-BIK-MICROBIOME-WEBMIX.mp3	wgbh; pri; kara miller; holly bik; microbiome	There's an invisible world that’s right at your fingertips. Literally. Trillions and trillions of tiny microbes live alongside us in our cities and we don't even see them. A team of scientists recently swiped a whole bunch of ATM keypads in New York, looking for evidence of our minuscule neighbors.
2016-12-09	Full Show: A Wiser, Better You	49:28	https://www.podtrac.com/pts/redirect.mp3/dovetail.prxu.org/106/63b61161-9754-42d2-be9e-f915461ff496/121016-FULLSHOW-WISER-WEBMIX.mp3	wgbh; pri; kara miller; mark bittman; megan tan; barbara oakley; tabasco sauce	First, If you want to learn how to roast the perfect chicken, you’ve come to the right place. Mark Bittman talks about cooking - and eating - without fear. Then, Your dream job doesn’t always turn out to be your dream job. Millennial’s Megan Tan explains how she turned her part-time passion into her full-time career. Finally, Having trouble learning something? Take a break. Barbara Oakley dives into how we actually learn.
2016-12-08	Math? It's All Russian To Me	18:43	https://www.podtrac.com/pts/redirect.mp3/dovetail.prxu.org/106/e071e30b-2ce0-46eb-9703-a2db0ca5889f/121016-OAKLEY-LEARNING-WEBMIX.mp3	wgbh; pri; kara miller; barbara oakley; math; education	Want to be a scientist, but never made it past high school algebra? Barbara Oakley talks with us about why there may still be hope for you - and why you might even have a leg up.
2016-12-08	Making Millennial	12:06	https://www.podtrac.com/pts/redirect.mp3/dovetail.prxu.org/106/170bcc08-202a-4202-9740-340919ebd9ad/121016-TAN-MILLENIAL-WEBMIX.mp3	wgbh; pri; kara miller; megan tan; millenial	Megan Tan’s portfolio project accidentally became a certified hit. Here’s how she created Millennial.
2016-12-08	Historic Innovation: Muy Picante	04:05	https://www.podtrac.com/pts/redirect.mp3/dovetail.prxu.org/106/34830f53-0907-460e-b3c8-d84630997876/121016-HISTORIC-EDMUND-WEBMIX.mp3	wgbh; pri; kara miller; tabasco; historic innovation	Here’s the story of a culinary experience you’ve almost certainly had - with a backstory you may not know as well.
2016-12-08	Food For Thought: A Conversation With Mark Bittman	16:10	https://www.podtrac.com/pts/redirect.mp3/dovetail.prxu.org/106/7219d7a2-9804-4f31-b30c-2c49e4404095/121016-BITTMAN-FOOD-WEBMIX.mp3	wgbh; pri; kara miller; mark bittman; food; science	Want to know anything and everything about cooking? There’s one person you should turn to. Mark Bittman.
2016-12-01	The New World Of Digital Memory	09:12	https://www.podtrac.com/pts/redirect.mp3/dovetail.prxu.org/106/c9ef7212-5fa0-4cea-b7dd-da84f5b69755/120316-RUMSEY-MEMORY-WEBMIX.mp3	wgbh; pri; kara miller; abby smith rumsey; memory; tech	You can read a book from 100 years ago… but will your descendants be able to access a USB drive? A look at the world of digital memory.
2016-12-01	The Changing Science of Memory	17:11	https://www.podtrac.com/pts/redirect.mp3/dovetail.prxu.org/106/3dec9677-2a45-456c-9e8b-5dcd28499e42/120316-SHAW-MEMORY-WEBMIX.mp3	wgbh; pri; kara miller; julia shaw; memory; tech	How well do you remember your past? Dr. Julia Shaw explains why your memory isn't nearly as good as you think it is.
2016-12-01	Of Mice And Medicine	08:02	https://www.podtrac.com/pts/redirect.mp3/dovetail.prxu.org/106/4268fb1a-1851-46de-a753-55e74a006c8f/120316-MOUSE-LESTER-WEBMIX.mp3	wgbh; pri; kara miller; caroline lester; david sinclair; don ingber	Why do we use mice for medical research? As I-Hub's Caroline Lester found out, it all started with fancy mice.
2016-12-01	Innovation: It Tastes Like Chicken	16:12	https://www.podtrac.com/pts/redirect.mp3/dovetail.prxu.org/106/37f8a77c-474d-4ac4-8dde-6c643c5fd439/120316-RUDE-CHICKEN-WEBMIX.mp3	wgbh; pri; kara miller; emelyn rude; chicken	Less than a century ago, chicken was as expensive as lobster. Now, Americans eat. 6 million pounds of chicken every hour of every day. Emelyn Rude tells us how thinking about the chicken as a piece of technology can help explain this change.
2016-11-22	Full Show: Place Matters	50:34	https://www.podtrac.com/pts/redirect.mp3/dovetail.prxu.org/106/1e2cb979-8ddc-4ad5-a028-b209127bff2a/112616-FULLSHOW-PLACE-WEBMIX.mp3	wgbh; pri; kara miller; brian feldman; jonathan wynn; julie ritchey; janet smiley	This week, we're gifting you I-Hub a few days early. Just another thing to be thankful for. There are a lot of lessons one can learn from the election. But one of the most vital is how important place is; how where you live can shape your worldview and how your worldview can shape the place you live. This episode, we’re exploring the idea of place.
2016-11-18	Full Show: Imperfections	49:42	https://www.podtrac.com/pts/redirect.mp3/dovetail.prxu.org/106/9878814d-f95c-42f2-8c07-ee937869af3b/111816-IMPERFECTIONS-FULLSHOW-WEBMIX.mp3	wgbh; pri; kara miller; ezra cornell; historic innovation; western union; radha rajkotia; jessica tracy; kevin esvelt	Helping refugees - and others - generally means giving them things like blankets, clothes, and food. Radha Rajkotia thinks we should try handing out cash. Plus, Jessica Tracy explains why one of the seven deadly sins could be a good thing, after all. And finally, advances in genetic engineering have allowed scientists to make decisions that could affect millions of people. Kevin Esvelt thinks the public should have a voice in those decisions.
2016-11-17	Why Cash Could Be The Future Of Foreign Aid	11:36	https://www.podtrac.com/pts/redirect.mp3/dovetail.prxu.org/106/afe245a5-1dde-4d94-80c1-d8d030adfabd/111816-RAJKOTIA-REFUGEE-WEBMIX.mp3	wgbh; pri; kara miller; radha rajkotia; refugees; cash	Do we know what refugees need better than they do? Radha Rajkotia of the International Rescue Committee tells us why giving cash, rather than food and other supplies, could be a better model for foreign aid to refugees.
2016-11-17	We Are Proud Of This Segment About Pride	18:56	https://www.podtrac.com/pts/redirect.mp3/dovetail.prxu.org/106/61dde924-6a9f-414e-92e6-e17b18f86d1f/111816-TRACY-PRIDE-WEBMIX.mp3	wgbh; pri; kara miller; jessica tracy; pride	Pride isn’t just for cheating athletes or bullies. Psychology professor Jessica Tracy explains why pride is a key emotion in human civilization.
2016-11-17	How To Engineer Thoughtful Science	16:32	https://www.podtrac.com/pts/redirect.mp3/dovetail.prxu.org/106/caca935a-70a6-4838-8314-c0779b4dccb6/111816-ESVELT-MICE-WEBMIX.mp3	wgbh; pri; kara miller; kevin esvelt; gene drive	Gene technology is becoming more and more powerful… and could affect more and more people. MIT researcher Kevin Esvelt tells us why he thinks the public needs to have a say in how we use it.
2016-11-17	Historic Innovation: Raising Wires	03:23	https://www.podtrac.com/pts/redirect.mp3/dovetail.prxu.org/106/3b436954-3e28-4642-b739-89d59c4c5623/111816-WESTERN-HISTORIC-WEBMIX.mp3	wgbh; pri; kara miller; ezra cornell; historic innovation; western union	Ezra Cornell was fired from his job due to after the Panic of 1837… then helped create our modern communication network.
2016-11-11	Want To Know Why Trump Won? Pay Attention.	14:56	https://www.podtrac.com/pts/redirect.mp3/dovetail.prxu.org/106/8baf9230-92ba-4e6f-bf0b-3ec7c3b5a136/111216-WU-ATTENTION-WEBMIX.mp3	wgbh; pri; kara miller; tim wu; donald trump; reality tv	How exactly was Donald Trump able to captivate us on his path to the White House? Columbia University Professor Tim Wu explains.
2016-11-11	The Myth of Manufacturing's Return	17:14	https://www.podtrac.com/pts/redirect.mp3/dovetail.prxu.org/106/726f6a72-c8e5-4e24-8bc0-b54213f1d152/111216-MCAFEE-AUTOMATION-WEBMIX.mp3	wgbh; pri; kara miller; andrew mcnamee; election 2016; politics; tech	America's manufacturing industry has been hollowed out by globalization and automation. Donald Trump promises he can revive it. MIT researcher Andrew McAfee says that’s not possible.
2016-11-11	Hidden Biases: How Our Unconscious (Might Have) Shaped the Election	17:05	https://www.podtrac.com/pts/redirect.mp3/dovetail.prxu.org/106/4b03f1ac-cae5-432c-af37-16e7a699a515/111216-BANAJI-BIAS-WEBMIX.mp3	pri; wgbh; kara miller; mahzarin banaji; election 2016; bias	Surprised by the election? Us too. Psychologist Mahzarin Banaji thinks our unconscious biases might explain the difference between the public’s expectations and the results.
2016-11-11	Full Show: What Happened In This Election? Trump, our Fears, and the Future	49:49	https://www.podtrac.com/pts/redirect.mp3/dovetail.prxu.org/106/9d74695f-170d-4716-a246-6ed269f77d3f/111216-ELECTION-FULLSHOW-WEBMIX.mp3	wgbh; pri; kara miller; andrew mcnamee; tim wu; mahzarin banaji; election 2016; politics; tech	Trump promised to bring back jobs from China and Mexico. But, according to MIT researcher Andrew McAfee, not only are those jobs not coming back - they don’t even exist anymore. No matter who you voted for, you were probably surprised by Trump’s triumph. Psychology professor Mahzarin Banaji thinks implicit bias might help us understand the difference between the polls and the actual results. A former reality TV star will be the 45th president of the United States. Columbia Law School’s Tim Wu explains how Donald Trump was able to capture our attention.
2016-11-04	Full Show: Fear and Our Future	49:31	https://www.podtrac.com/pts/redirect.mp3/dovetail.prxu.org/106/7c1e51d2-80af-4aa7-8076-d04baea535bc/110516-FULLSHOW-FEAR-WEBMIX.mp3	wgbh; pri; kara miller; annalee newitz; cary fowler; juliette kayyem; apocalypse; extinction; fear	There are things you should be very afraid of. According to security expert Juliette Kayyem, terrorism isn’t one of them. But science writer Annalee Newitz tells us that mass extinction is. Plus, our seeds are becoming less diverse. Conservationist Cary Fowler says this is something you should care about, if you consider eating crucial to your health.
2016-11-03	What Should We Really Be Afraid Of?	15:13	https://www.podtrac.com/pts/redirect.mp3/dovetail.prxu.org/106/62ef1d8e-a416-4c4c-820f-dbab5cd63182/110516-KAYYEM-SECURITY-WEBMIX.mp3	wgbh; pri; kara miller; juliette kayyem; security mom; fear	It’s very unlikely that you will be killed by a far-off terrorist group. So why do we worry about it so much? National security expert Juliette Kayyem explains what we should - and shouldn’t - be afraid of.
2016-11-03	The Great Extinction - A Survivor's Guide	18:43	https://www.podtrac.com/pts/redirect.mp3/dovetail.prxu.org/106/84670bd0-90c1-4155-ae17-2b663739f5a6/110516-NEWITZ-EXTINCTION-WEBMIX.mp3	wgbh; pri; kara miller; annalee newitz; apocalypse; extinction	Afraid of the apocalypse? Well, maybe you shouldn’t worry too much. The Earth has already gone through at least five.
2016-11-03	Sowing the Seeds for Food Security	15:53	https://www.podtrac.com/pts/redirect.mp3/dovetail.prxu.org/106/62470776-20b4-491b-b1dd-b1cb6ad36af2/110516-FOWLER-SEEDS-WEBMIX.mp3	wgbh; pri; kara miller; cary fowler; svalbard seed vault; the crop trust; fear	Cary Fowler thinks we might be in trouble. But he’s got a solution. A tiny, tiny solution.
2016-10-28	Why You Can't Get Work Done	17:42	https://www.podtrac.com/pts/redirect.mp3/dovetail.prxu.org/106/1931166d-b82a-452b-ab91-257d3c4810ff/102916-NEWPORT-DEEP-WEBMIX.mp3	wgbh; pri; kara miller; cal newport; deep work	Think glancing at Facebook isn’t a big deal? Well, Cal Newport says it can significantly derail your train of thought for about 10 minutes.
2016-10-28	Why Immigrants Aren't Stealing Our Jobs (Unless You're a CEO)	11:13	https://www.podtrac.com/pts/redirect.mp3/dovetail.prxu.org/106/a0a229b6-9274-40c8-acca-c5e42f9b376d/102916-CONTRERAS-JOBS-WEBMIX.mp3	contreras-sweet; pri; wgbh; kara miller; obama; small business administration	Do you remember your first job? Odds are, it was with a local small business. One of President Obama’s cabinet members talks small businesses, immigration, and jobs.
2016-10-28	What's Your Job Really Worth?	14:05	https://www.podtrac.com/pts/redirect.mp3/dovetail.prxu.org/106/c024b177-e03f-4df8-9a98-c2197a4c52db/102916-FRANK-SATISFACTION-WEBMIX.mp3	wgbh; pri; kara miller; robert frank; money; jobs	How do money and happiness intersect when it comes to finding a job? Economist Robert Frank thinks he might have the answer.
2016-10-28	The Career-Boosting Power Of Your Spouse	05:45	https://www.podtrac.com/pts/redirect.mp3/dovetail.prxu.org/106/524d570d-8b6c-4771-9cdc-55d0274e3a6d/102916-SOLOMON-SPOUSE-WEBMIX.mp3	wgbh; pri; kara miller; brittany solomon; spouse; success	According to researcher Brittany Solomon, there’s one personality trait in a husband or wife that can predict success for their spouse: conscientiousness.
2016-10-28	Redefining Office Space	49:04	https://www.podtrac.com/pts/redirect.mp3/dovetail.prxu.org/106/ceaba4ab-ac55-4349-8e3d-b323b03db47f/IHUB_WEB_WHOLE_SHOW_102916.mp3	wgbh; pri; kara miller; robert propst; cubicles; historic innovation	Robert Propst was a brilliant inventor who wanted to make a better office. Instead, he created something he hated.
2016-10-28	Full Show: You Can Take This Job	49:20	https://www.podtrac.com/pts/redirect.mp3/dovetail.prxu.org/106/bb0ae943-9dfe-4b4a-9374-2625ec9b1241/102916-FULLSHOW-JOBS-WEBMIX.mp3	wgbh; pri; kara miller; robert propst; robert frank; brittany solomon; maria contreras-sweet; cal newport	That quick glance at Facebook… it’s kind of a big deal. Professor Cal Newport says it can significantly derail your train of thought for about 10 minutes. Plus, Immigration may be a contentious issue in this election, but immigrants are absolutely essential to our economic success. Cabinet member Maria Contreras-Sweet explains. And finally, economist Robert Frank talks love, money, and happiness.
2016-10-21	Reconsidering Democracy	16:30	https://www.podtrac.com/pts/redirect.mp3/dovetail.prxu.org/106/8ad13c00-3c7d-41e6-bde4-7f41053797b8/IHUB_ASEG_WEB_SEG_102216.mp3	wgbh; pri; kara miller; jason brennan; democracy	Thinking about this election kinda makes you wonder: is there a better system than democracy? Jason Brennan thinks there should be.
2016-10-21	Inside The Teenage Brain	20:26	https://www.podtrac.com/pts/redirect.mp3/dovetail.prxu.org/106/19a45076-3a0e-4e5f-bce5-77025dd48cb1/IHUB_CSEG_WEB_SEG_102216.mp3	wgbh; pri; kara miller; frances jensen; teenage; brain	Why can’t you get your teen out of bed in the morning? Why are they so impulsive? Frances Jensen says their still-developing brains are to blame.
2016-10-21	How Much Do Campaigns Really Matter?	11:23	https://www.podtrac.com/pts/redirect.mp3/dovetail.prxu.org/106/46d30533-0688-4ddd-b498-59449c78a47b/IHUB_BSEG_WEB_SEG_102216.mp3	wgbh; pri; kara miller; lynn vavreck; election; 2016; campaign	It seems like every election is a high-wire race whose outcome is always in doubt. But what if campaigns weren’t as important as you thought?
2016-10-21	Full Show: What You Thought You Knew	49:54	https://www.podtrac.com/pts/redirect.mp3/dovetail.prxu.org/106/5f417070-3733-4029-a1b1-b82311d8b5c8/102216-FULLSHOW-WHATYOUTHOUGHT-WEBMIX.mp3	wgbh; pri; kara miller; jason brennan; democracy; frances jensen; lynn vavreck; teenage; brain; election	Are you really, really tired of this election? Well, maybe democracy isn’t the best form of government. Plus, teenagers are… hard to understand. Neurology professor Frances Jensen says it’s all because of their still-developing brains. And finally, what if campaigns aren’t as important as you thought?
2016-10-14	Full Show: Technical Know-How	36:21	https://www.podtrac.com/pts/redirect.mp3/dovetail.prxu.org/106/aa11a88f-4ff9-45eb-bcad-8f8e000795bd/10151-PLEDGE-FULLSHOW-WEBMIX.mp3	wgbh; pri; kara miller; steven strogatz; kyle wiens; jennifer van vleck	Even if you don’t know an Allen wrench from an isosceles triangle, we’ve got a show for you. From why high school math is overrated to why you aren’t able to repair your iPhone, here are some of our best conversations about the fun side of our technical world.
2016-10-14	Full Show: Mind the Health Gap	49:31	https://www.podtrac.com/pts/redirect.mp3/dovetail.prxu.org/106/ebf7b173-00e6-44cb-b8d4-242899883e9d/IHUB_FULL_SHOW_WEB_101516_NEWEST.mp3	wgbh; pri; kara miller; michael marmot; becky kanis margiotta; john ioannidis; bob wachter; health; body and mind	Healthcare in our society needs a band-aid. Here are a few of our favorite conversations about the big challenges in health – and how we might fix them.
2016-10-07	Full Show: Electing the Future	49:28	https://www.podtrac.com/pts/redirect.mp3/dovetail.prxu.org/106/d507cb66-a515-4d9c-8bab-90f7a89cf2f0/IHUB_FULL_SHOW_WEB_100816.mp3	wgbh; pri; kara miller; roger mcnamee; sasha issenberg; kellian adams pletcher; election 2016; politics; tech	There was a battle for the soul of Silicon Valley, and the libertarians won. Investing legend Roger McNamee talks about how the tech world has changed - and why that could slow future progress. Then, Sasha Issenberg tells us how campaigns are using data to make sure their candidate wins. And finally, Pokemon Go may or may not be a fad… but augmented reality will change the way we see the world.
