date	post_id	title	url	text_chars	file	kind
2017-07-03	5509	Runtime All-Hands June 2017 Summary	https://www.chesnok.com/daily/2017/07/03/runtime-all-hands-june-2017-summary/	3933	by/2017--runtime-all-hands-june-2017-summary.md	post
2016-08-03	5379	TaskCluster 2016Q2 Retrospective	https://www.chesnok.com/daily/2016/08/03/taskcluster-2016q2-retrospective/	7517	by/2016--taskcluster-2016q2-retrospective.md	post
2016-05-11	5370	TaskCluster Platform Team: Q1 retrospective	https://www.chesnok.com/daily/2016/05/11/taskcluster-platform-team-q1-retrospective/	5324	by/2016--taskcluster-platform-team-q1-retrospective.md	post
2016-03-11	5365	[workweek] tc-worker workweek recap	https://www.chesnok.com/daily/2016/03/11/workweek-tc-worker-workweek-recap/	3397	by/2016--workweek-tc-worker-workweek-recap.md	post
2016-03-08	5355	Tier-1 status for Linux 64 Debug build jobs on March 14, 2016	https://www.chesnok.com/daily/2016/03/08/tier-1-status-for-linux-64-debug-build-jobs-on-march-14-2016/	2110	by/2016--tier-1-status-for-linux-64-debug-build-jobs-on-march-14-2016.md	post
2016-03-07	5357	[portland] taskcluster-worker Hello, World	https://www.chesnok.com/daily/2016/03/07/portland-taskcluster-worker-hello-world/	1864	by/2016--portland-taskcluster-worker-hello-world.md	post
2015-10-05	5338	[berlin] TaskCluster Platform: A Year of Development	https://www.chesnok.com/daily/2015/10/05/berlin-taskcluster-platform-a-year-of-development/	3466	by/2015--berlin-taskcluster-platform-a-year-of-development.md	post
2015-10-05	5322	TaskCluster Platform: 2015Q3 Retrospective	https://www.chesnok.com/daily/2015/10/05/taskcluster-platform-2015q3-retrospective/	8536	by/2015--taskcluster-platform-2015q3-retrospective.md	post
2015-06-03	5289	TaskCluster migration: about the Buildbot Bridge	https://www.chesnok.com/daily/2015/06/03/taskcluster-migration-about-the-buildbot-bridge/	6630	by/2015--taskcluster-migration-about-the-buildbot-bridge.md	post
2015-06-02	5306	TaskCluster migration: a “hello, world” for worker task creator	https://www.chesnok.com/daily/2015/06/02/taskcluster-migration-a-hello-world-for-worker-task-creator/	1678	by/2015--taskcluster-migration-a-hello-world-for-worker-task-creator.md	post
2015-05-29	5300	Migrating to Taskcluster: work underway!	https://www.chesnok.com/daily/2015/05/29/migrating-to-taskcluster-work-underway/	4380	by/2015--migrating-to-taskcluster-work-underway.md	post
2015-05-28	5287	pushlog from last night, a brief look at Try	https://www.chesnok.com/daily/2015/05/28/pushlog-from-last-night-a-brief-look-at-try/	4951	by/2015--pushlog-from-last-night-a-brief-look-at-try.md	post
2014-07-21	5279	My recent op-ed published about Portland and startups	https://www.chesnok.com/daily/2014/07/21/my-recent-op-ed-published-about-portland-and-startups/	1140	by/2014--my-recent-op-ed-published-about-portland-and-startups.md	post
2014-06-09	5244	Some thoughts on handling harassment and toxic behavior privately	https://www.chesnok.com/daily/2014/06/09/some-thoughts-on-handling-harassment-and-toxic-behavior-privately/	3141	by/2014--some-thoughts-on-handling-harassment-and-toxic-behavior-priv.md	post
2014-05-26	5240	Personal email sabbatical, July 10 – October 15 2014	https://www.chesnok.com/daily/2014/05/26/personal-email-sabbatical-july-10-october-15-2014/	2069	by/2014--personal-email-sabbatical-july-10-october-15-2014.md	post
2014-05-23	5234	Things I’ve learned from my personal trainer	https://www.chesnok.com/daily/2014/05/23/things-ive-learned-from-my-personal-trainer/	9370	by/2014--things-ive-learned-from-my-personal-trainer.md	post
2014-05-10	5202	Monitorama 2014 wrapup	https://www.chesnok.com/daily/2014/05/10/monitorama-2014-wrapup/	4278	by/2014--monitorama-2014-wrapup.md	post
2014-05-06	5214	The Final Crontab: an introduction to crontabber	https://www.chesnok.com/daily/2014/05/06/the-final-crontab-an-introduction-to-crontabber/	1026	by/2014--the-final-crontab-an-introduction-to-crontabber.md	post
2014-05-02	5204	Release Engineering: A draft of an architecture diagram	https://www.chesnok.com/daily/2014/05/02/release-engineering-a-draft-of-an-architecture-diagram/	2510	by/2014--release-engineering-a-draft-of-an-architecture-diagram.md	post
2014-04-09	5188	Python Core Summit: notes from my talk today	https://www.chesnok.com/daily/2014/04/09/python-core-summit-notes-from-my-talk-today/	3935	by/2014--python-core-summit-notes-from-my-talk-today.md	post
2014-03-07	5172	Weekly Feminist Work in Tech by Mozillians roundup – Week of March 3, 2014	https://www.chesnok.com/daily/2014/03/07/weekly-feminist-work-in-tech-by-mozillians-roundup-week-of-march-3-2014/	5165	by/2014--weekly-feminist-work-in-tech-by-mozillians-roundup-week-of-m.md	post
2014-02-18	5161	Printing flashcards on 3×5 index cards	https://www.chesnok.com/daily/2014/02/18/printing-flashcards-on-3x5-index-cards/	1754	by/2014--printing-flashcards-on-3x5-index-cards.md	post
2014-02-01	5150	PyLadies Meeting notes from “Negotiating the job market: a panel discussion”	https://www.chesnok.com/daily/2014/02/01/pyladies-meeting-notes-from-negotiating-the-job-market-a-panel-discussion/	9859	by/2014--pyladies-meeting-notes-from-negotiating-the-job-market-a-pan.md	post
2014-01-30	5148	Everyday Postgres: Describing an “ideal” Postgres Operational Environment	https://www.chesnok.com/daily/2014/01/30/everyday-postgres-describing-an-ideal-postgres-operational-environment/	1126	by/2014--everyday-postgres-describing-an-ideal-postgres-operational-e.md	post
2014-01-14	5137	Everyday Postgres: Specifying all your INSERT columns	https://www.chesnok.com/daily/2014/01/14/everyday-postgres-specifying-all-your-insert-columns/	2328	by/2014--everyday-postgres-specifying-all-your-insert-columns.md	post
2014-01-08	5107	My nerd story: it ran in the family, but wasn’t inevitable	https://www.chesnok.com/daily/2014/01/08/my-nerd-story-it-ran-in-the-family/	7304	by/2014--my-nerd-story-it-ran-in-the-family.md	post
2013-11-19	5090	Everyday Postgres: INSERT with SELECT	https://www.chesnok.com/daily/2013/11/19/everyday-postgres-insert-with-select/	2855	by/2013--everyday-postgres-insert-with-select.md	post
2013-11-14	5072	Postgres now offered in Amazon RDS	https://www.chesnok.com/daily/2013/11/14/postgres-now-offered-in-amazon-rds/	364	by/2013--postgres-now-offered-in-amazon-rds.md	post
2013-11-13	5082	Everyday Postgres: Tuning a brand-new server (the 10-minute edition)	https://www.chesnok.com/daily/2013/11/13/everyday-postgres-tuning-a-brand-new-server-the-10-minute-edition/	2060	by/2013--everyday-postgres-tuning-a-brand-new-server-the-10-minute-ed.md	post
2013-11-12	5068	Everyday Postgres: How I write queries using psql: Common Table Expressions	https://www.chesnok.com/daily/2013/11/12/how-i-write-queries-using-psql-ctes/	6115	by/2013--how-i-write-queries-using-psql-ctes.md	post
2013-11-06	5058	Everyday Postgres: Top 10 psql ‘\’ commands I use	https://www.chesnok.com/daily/2013/11/06/top-10-psql-commands-i-use/	3455	by/2013--top-10-psql-commands-i-use.md	post
2013-11-05	5051	Eliminating duplicate code: our backfill functions for Socorro	https://www.chesnok.com/daily/2013/11/05/eliminating-duplicate-code-our-backfill-functions-for-socorro/	2258	by/2013--eliminating-duplicate-code-our-backfill-functions-for-socorr.md	post
2013-11-04	5046	JOINing against VIEWs can be harmful	https://www.chesnok.com/daily/2013/11/04/joining-against-views-can-be-harmful/	7533	by/2013--joining-against-views-can-be-harmful.md	post
2013-10-18	5027	VPN Problems and Ubuntu: killing off the dnsmasq zombie	https://www.chesnok.com/daily/2013/10/18/vpn-problems-and-ubuntu-killing-off-the-dnsmasq-zombie/	4522	by/2013--vpn-problems-and-ubuntu-killing-off-the-dnsmasq-zombie.md	post
2013-10-13	5022	An experiment in attention	https://www.chesnok.com/daily/2013/10/13/an-experiment-in-attention/	2919	by/2013--an-experiment-in-attention.md	post
2013-08-26	5011	Fancy SQL Monday: format() instead of quote_*()	https://www.chesnok.com/daily/2013/08/26/fancy-sql-monday-format-instead-of-quote_/	2040	by/2013--fancy-sql-monday-format-instead-of-quote.md	post
2013-08-16	4963	Catalog SQL Friday: using DO when we’ve got tables as variables	https://www.chesnok.com/daily/2013/08/16/catalog-sql-friday-using-do-when-weve-got-tables-as-variables/	2378	by/2013--catalog-sql-friday-using-do-when-weve-got-tables-as-variable.md	post
2013-08-09	4986	Why I gave $1024 to the Ada Initiative	https://www.chesnok.com/daily/2013/08/09/why-i-gave-1024-to-the-ada-initiative/	3825	by/2013--why-i-gave-1024-to-the-ada-initiative.md	post
2013-08-06	4888	Using JSON data type in production with Socorro	https://www.chesnok.com/daily/2013/08/06/using-json-data-type-in-production-with-socorro/	3728	by/2013--using-json-data-type-in-production-with-socorro.md	post
2013-08-05	4964	Fancy SQL Monday: Why use OVER() instead of a CROSS JOIN?	https://www.chesnok.com/daily/2013/08/05/why-use-over-instead-of-a-cross-join/	5612	by/2013--why-use-over-instead-of-a-cross-join.md	post
2013-08-01	4960	Speaking at the Cash Music Summit today	https://www.chesnok.com/daily/2013/08/01/speaking-at-the-cash-music-summit-today/	1279	by/2013--speaking-at-the-cash-music-summit-today.md	post
2013-07-25	4920	What I mean when I talk about collaboration with teachers: part I	https://www.chesnok.com/daily/2013/07/25/what-i-mean-when-i-talk-about-collaboration-with-teachers-part-i/	12771	by/2013--what-i-mean-when-i-talk-about-collaboration-with-teachers-pa.md	post
2013-07-24	4916	What Open Source developers can do for teachers: volunteer to speak in a classroom	https://www.chesnok.com/daily/2013/07/24/what-open-source-developers-can-do-for-teachers-volunteer-to-speak-in-a-classroom/	2220	by/2013--what-open-source-developers-can-do-for-teachers-volunteer-to.md	post
2013-07-02	4891	A practical guide to using Alembic	https://www.chesnok.com/daily/2013/07/02/a-practical-guide-to-using-alembic/	7031	by/2013--a-practical-guide-to-using-alembic.md	post
2013-06-26	4884	Why give credit to reviewers?	https://www.chesnok.com/daily/2013/06/26/giving-credit-to-reviewers/	3852	by/2013--giving-credit-to-reviewers.md	post
2013-06-24	4858	AdaCamp Day 2: Welcoming hackerspaces, Being Feminine in Tech and messing around with IR LEDs	https://www.chesnok.com/daily/2013/06/24/adacamp-day-2-welcoming-hackerspaces-being-feminine-in-tech-and-messing-around-with-ir-leds/	5949	by/2013--adacamp-day-2-welcoming-hackerspaces-being-feminine-in-tech-.md	post
2013-06-09	4866	AdaCamp day 1: Allies workshop, OPW, The likeability paradox and depression/activism	https://www.chesnok.com/daily/2013/06/09/adacamp-day-1-allies-workshop-opw-the-likeability-paradox-and-depressionactivism/	5463	by/2013--adacamp-day-1-allies-workshop-opw-the-likeability-paradox-an.md	post
2013-06-08	4857	At AdaCamp this weekend – reception & plotting for the imposter syndrome workshop	https://www.chesnok.com/daily/2013/06/08/at-adacamp-this-weekend-reception-plotting-for-the-imposter-syndrome-workshop/	3037	by/2013--at-adacamp-this-weekend-reception-plotting-for-the-imposter-.md	post
2013-05-31	4849	More about JavaScript and PostgreSQL	https://www.chesnok.com/daily/2013/05/31/more-about-javascript-and-postgresql/	2014	by/2013--more-about-javascript-and-postgresql.md	post
2013-05-31	4828	JSON, PLV8 and Postgres 9.3	https://www.chesnok.com/daily/2013/05/31/json-plv8-and-postgres-9-3/	1657	by/2013--json-plv8-and-postgres-9-3.md	post
2013-05-24	4816	The People of Postgres: Tom Lane	https://www.chesnok.com/daily/2013/05/24/the-people-of-postgres-tom-lane/	3227	by/2013--the-people-of-postgres-tom-lane.md	post
2013-05-20	4808	Distributed databases: a series of posts including 2-phase commit in Postgres	https://www.chesnok.com/daily/2013/05/20/distributed-databases-a-series-of-posts-including-2-phase-commit-in-postgres/	717	by/2013--distributed-databases-a-series-of-posts-including-2-phase-co.md	post
2013-05-17	4761	Migrations with Alembic: a lightspeed tour	https://www.chesnok.com/daily/2013/05/17/migrations-with-alembic-a-lightspeed-tour/	1529	by/2013--migrations-with-alembic-a-lightspeed-tour.md	post
2013-05-10	4793	TIL: Formatting, search_path and colorcolumn	https://www.chesnok.com/daily/2013/05/10/til-formatting-search_path-and-colorcolumn/	2665	by/2013--til-formatting-search-path-and-colorcolumn.md	post
2013-04-25	4760	Keynote at OSDC.tw: What Beginners Teach Us	https://www.chesnok.com/daily/2013/04/25/keynote-at-osdc-tw-what-beginners-teach-us/	3306	by/2013--keynote-at-osdc-tw-what-beginners-teach-us.md	post
2013-04-04	4744	PostgreSQL security releases now available: versions 9.2.4, 9.1.9, 9.0.13 and 8.4.17	https://www.chesnok.com/daily/2013/04/04/postgresql-security-releases-now-available-versions-9-2-4-9-1-9-9-0-13-and-8-4-17/	2173	by/2013--postgresql-security-releases-now-available-versions-9-2-4-9-.md	post
2013-04-04	4742	Tech literacy and learning to code for girls in middle and high school in Portland, OR	https://www.chesnok.com/daily/2013/04/04/tech-literacy-and-learning-to-code-for-girls-in-middle-and-high-school-in-portland-or/	950	by/2013--tech-literacy-and-learning-to-code-for-girls-in-middle-and-h.md	post
2013-03-11	4715	Remember the tekpub Postgres videocast?	https://www.chesnok.com/daily/2013/03/11/remember-the-tekpub-postgres-videocast/	391	by/2013--remember-the-tekpub-postgres-videocast.md	post
2013-03-10	4716	About high school computer science teachers	https://www.chesnok.com/daily/2013/03/10/about-high-school-computer-science-teachers/	3439	by/2013--about-high-school-computer-science-teachers.md	post
2013-02-23	4661	Why PyLadies?	https://www.chesnok.com/daily/2013/02/23/why-pyladies/	3299	by/2013--why-pyladies.md	post
2013-02-23	4657	Recent talks: How to get a job like mine, Command-line essentials, Restore FTW	https://www.chesnok.com/daily/2013/02/23/recent-talks-how-to-get-a-job-like-mine-command-line-essentials-restore-ftw/	1720	by/2013--recent-talks-how-to-get-a-job-like-mine-command-line-essenti.md	post
2013-02-09	4646	WebTools workweek, start of a symbols database, Kasturba Ghandi	https://www.chesnok.com/daily/2013/02/09/webtools-workweek-start-of-a-symbols-database-kasturba-ghandi/	5070	by/2013--webtools-workweek-start-of-a-symbols-database-kasturba-ghand.md	post
2013-01-20	4582	Setting up HBase for Socorro	https://www.chesnok.com/daily/2013/01/20/setting-up-hbase-for-socorro/	5036	by/2013--setting-up-hbase-for-socorro.md	post
2013-01-18	4599	Abstract for PSU Tech Talk, Feb 1, 4pm	https://www.chesnok.com/daily/2013/01/18/abstract-for-psu-tech-talk-feb-1-4pm/	1385	by/2013--abstract-for-psu-tech-talk-feb-1-4pm.md	post
2013-01-18	4593	Updates on my Lenovo X230 situation: Skype, screencap work; Vidyo not so much	https://www.chesnok.com/daily/2013/01/18/updates-on-my-lenovo-x230-situation-skype-screencap-work-vidyo-not-so-much/	1672	by/2013--updates-on-my-lenovo-x230-situation-skype-screencap-work-vid.md	post
2013-01-14	4581	Current status: little victories	https://www.chesnok.com/daily/2013/01/14/current-status-little-victories/	3976	by/2013--current-status-little-victories.md	post
2012-11-16	4528	Code review for the new PyLadies in your life	https://www.chesnok.com/daily/2012/11/16/code-review-for-the-new-pyladies-in-your-life/	4140	by/2012--code-review-for-the-new-pyladies-in-your-life.md	post
2012-11-13	4501	A mostly working Lenovo x230 running Ubuntu and Gnome3: Two weeks later	https://www.chesnok.com/daily/2012/11/13/a-mostly-working-lenovo-x230-running-ubuntu-and-gnome3-two-weeks-later/	5930	by/2012--a-mostly-working-lenovo-x230-running-ubuntu-and-gnome3-two-w.md	post
2012-11-13	4489	A rosetta stone for Mac OS X installers for PostgreSQL	https://www.chesnok.com/daily/2012/11/13/a-rosetta-stone-for-mac-os-x-installers-for-postgresql/	1154	by/2012--a-rosetta-stone-for-mac-os-x-installers-for-postgresql.md	post
2012-10-30	4478	Save the Ada Initiative	https://www.chesnok.com/daily/2012/10/30/save-the-ada-initiative/	2352	by/2012--save-the-ada-initiative.md	post
2012-09-22	4467	Wrapping up Postgres Open, new job, shift away from twitter	https://www.chesnok.com/daily/2012/09/22/wrapping-up-postgres-open-new-job-shift-away-from-twitter/	1477	by/2012--wrapping-up-postgres-open-new-job-shift-away-from-twitter.md	post
2012-09-08	4431	Feminist reading: Creating a wiki page, reading	https://www.chesnok.com/daily/2012/09/08/feminist-reading-creating-a-wiki-page-reading/	2362	by/2012--feminist-reading-creating-a-wiki-page-reading.md	post
2012-09-06	4409	What features do developers get excited about in Postgres?	https://www.chesnok.com/daily/2012/09/06/what-features-do-developers-get-excited-about-in-postgres/	1419	by/2012--what-features-do-developers-get-excited-about-in-postgres.md	post
2012-09-05	4410	While we’re here, let’s fix computer science education: DjangoCon keynote and resources	https://www.chesnok.com/daily/2012/09/05/while-were-here-lets-fix-computer-science-education-djangocon-keynote-and-resources/	2007	by/2012--while-were-here-lets-fix-computer-science-education-djangoco.md	post
2012-08-26	4401	FrOSCon: Mistakes were Made: Education Edition talk slides and notes	https://www.chesnok.com/daily/2012/08/26/froscon-mistakes-were-made-education-edition-talk-slides-and-notes/	27266	by/2012--froscon-mistakes-were-made-education-edition-talk-slides-and.md	post
2012-08-25	4378	Europe’s open source advantage	https://www.chesnok.com/daily/2012/08/25/europes-open-source-advantage/	3777	by/2012--europes-open-source-advantage.md	post
2012-08-15	4368	Submissions for Lightning Talks for Postgres Open being accepted	https://www.chesnok.com/daily/2012/08/15/submissions-for-lightning-talks-for-postgres-open-being-accepted/	932	by/2012--submissions-for-lightning-talks-for-postgres-open-being-acce.md	post
2012-08-15	4359	Giving back: “Career advice in less than 5 minutes”	https://www.chesnok.com/daily/2012/08/15/giving-back-career-advice-in-less-than-5-minutes/	1035	by/2012--giving-back-career-advice-in-less-than-5-minutes.md	post
2012-08-11	4349	LA Postgres first meeting is on for Tuesday, Aug 28!	https://www.chesnok.com/daily/2012/08/11/la-postgres-first-meeting-is-on-for-tuesday-aug-28/	1610	by/2012--la-postgres-first-meeting-is-on-for-tuesday-aug-28.md	post
2012-08-08	4341	Postgres Open 2012 schedule announced!	https://www.chesnok.com/daily/2012/08/08/postgres-open-2012-schedule-announced/	4893	by/2012--postgres-open-2012-schedule-announced.md	post
2012-08-06	4323	Los Angeles Meetup Group formed!	https://www.chesnok.com/daily/2012/08/06/los-angeles-meetup-group-formed/	604	by/2012--los-angeles-meetup-group-formed.md	post
2012-08-05	4317	Re-thinking “Mistakes were made”: free and open source software and teaching	https://www.chesnok.com/daily/2012/08/05/re-thinking-mistakes-were-made-free-and-open-source-software-and-teaching/	1443	by/2012--re-thinking-mistakes-were-made-free-and-open-source-software.md	post
2012-08-03	4290	Leveling up: handling conflict like a boss	https://www.chesnok.com/daily/2012/08/03/leveling-up-handling-conflict-like-a-boss/	7516	by/2012--leveling-up-handling-conflict-like-a-boss.md	post
2012-07-31	4283	Activism in a giant, hierarchical bureaucracy: Lessons from a consultant to the millitary	https://www.chesnok.com/daily/2012/07/31/activism-in-a-giant-hierarchical-bureaucracy-lessons-from-a-consultant-to-the-millitary/	1332	by/2012--activism-in-a-giant-hierarchical-bureaucracy-lessons-from-a-.md	post
2012-06-27	4272	Postgres Open CFP extended 1 week!	https://www.chesnok.com/daily/2012/06/27/postgres-open-cfp-extended-1-week/	464	by/2012--postgres-open-cfp-extended-1-week.md	post
2012-06-12	4228	Call for Presentations for Postgres Open 2012 is open	https://www.chesnok.com/daily/2012/06/12/call-for-presentations-for-postgres-open-2012-is-open/	3060	by/2012--call-for-presentations-for-postgres-open-2012-is-open.md	post
2012-05-30	4220	Registering as a Foreign Corporation in Virginia	https://www.chesnok.com/daily/2012/05/30/registering-as-a-foreign-corporation-in-virginia/	1905	by/2012--registering-as-a-foreign-corporation-in-virginia.md	post
2012-05-25	4199	Thoughts from Think Out Loud’s Women in Tech radio broadcast	https://www.chesnok.com/daily/2012/05/25/thoughts-from-think-out-louds-women-in-tech-radio-broadcast/	6083	by/2012--thoughts-from-think-out-louds-women-in-tech-radio-broadcast.md	post
2012-05-17	4154	Embedding and Checkmarkable: the Five Whys	https://www.chesnok.com/daily/2012/05/17/trying-out-the-five-whys-in-checkmarkable/	568	by/2012--trying-out-the-five-whys-in-checkmarkable.md	post
2012-05-11	4150	What I mean when I say I would like more women in the software industry	https://www.chesnok.com/daily/2012/05/11/what-i-mean-when-i-say-i-would-like-more-women-in-the-software-industry/	3610	by/2012--what-i-mean-when-i-say-i-would-like-more-women-in-the-softwa.md	post
2012-04-20	4127	Desire paths, habits and the power of observation	https://www.chesnok.com/daily/2012/04/20/desire-paths-habits-and-the-power-of-observation/	4715	by/2012--desire-paths-habits-and-the-power-of-observation.md	post
2012-04-16	4090	Wikipedia Edit-a-thon in Portland, April 21, 11-3pm, P-I-E	https://www.chesnok.com/daily/2012/04/16/wikipedia-edit-a-thon-in-portland-april-21-11-3pm-p-i-e/	1808	by/2012--wikipedia-edit-a-thon-in-portland-april-21-11-3pm-p-i-e.md	post
2012-04-11	4109	Who do you trust for business advice?	https://www.chesnok.com/daily/2012/04/11/who-do-you-trust-for-business-advice/	3835	by/2012--who-do-you-trust-for-business-advice.md	post
2012-04-09	4094	Facebook acquires Instagram (and a Postgres cluster) for $1billion	https://www.chesnok.com/daily/2012/04/09/facebook-acquires-instagram-and-a-postgres-cluster-for-1billion/	1516	by/2012--facebook-acquires-instagram-and-a-postgres-cluster-for-1bill.md	post
2012-03-16	3778	GSoC Acceptance, Hstore in Heroku, Inheritance & Sharding, Wikimedia Women’s History Month Editathon	https://www.chesnok.com/daily/2012/03/16/gsoc-acceptance-hstore-in-heroku-inheritance-sharding-wikimedia-womens-history-month/	1581	by/2012--gsoc-acceptance-hstore-in-heroku-inheritance-sharding-wikime.md	post
2012-03-14	3757	Inheritance and sharding with Postgres	https://www.chesnok.com/daily/2012/03/14/inheritance-and-sharding-with-postgres/	3492	by/2012--inheritance-and-sharding-with-postgres.md	post
2012-03-09	3751	Postgres Open 2012, SQL Server Guys discover Postgres, Tom Lane’s quote of the week & GSoC	https://www.chesnok.com/daily/2012/03/09/postgres-open-2012-sql-server-guys-discover-postgres-tom-lanes-quote-of-the-week-gsoc/	1017	by/2012--postgres-open-2012-sql-server-guys-discover-postgres-tom-lan.md	post
2012-02-27	3740	Security and maintenance release for PostgreSQL: versions 9.1.3, 9.0.7, 8.4.11 and 8.3.18	https://www.chesnok.com/daily/2012/02/27/security-and-maintenance-release-for-postgresql-versions-9-1-3-9-0-7-8-4-11-and-8-3-18/	833	by/2012--security-and-maintenance-release-for-postgresql-versions-9-1.md	post
2012-02-23	3727	Student Loan Sharks: Mohela is shady (but the CSR I talked to was really nice)	https://www.chesnok.com/daily/2012/02/23/mohela-is-shady/	3481	by/2012--mohela-is-shady.md	post
2012-02-16	3698	“This story seems too negative. Can you fix that?”	https://www.chesnok.com/daily/2012/02/16/this-story-seems-too-negative-can-you-fix-that/	4939	by/2012--this-story-seems-too-negative-can-you-fix-that.md	post
2012-02-13	3708	My first Flickr photo	https://www.chesnok.com/daily/2012/02/13/my-first-flickr-photo/	231	by/2012--my-first-flickr-photo.md	post
2012-02-11	3704	Logging into Google Talk with bitlbee	https://www.chesnok.com/daily/2012/02/11/logging-into-google-talk-with-bitlbee/	309	by/2012--logging-into-google-talk-with-bitlbee.md	post
2012-02-07	3686	Catching up with pgsql-hackers: CRCs, checkpoint performance, SKIP LOCKED ROWS, dry-run pg_archivecleanup	https://www.chesnok.com/daily/2012/02/07/catching-up-with-pgsql-hackers-crcs-checkpoint-performance-skip-locked-rows-dry-run-pg_archivecleanup/	2198	by/2012--catching-up-with-pgsql-hackers-crcs-checkpoint-performance-s.md	post
2012-01-27	3658	What you need to change culture	https://www.chesnok.com/daily/2012/01/27/what-you-need-to-change-culture/	5219	by/2012--what-you-need-to-change-culture.md	post
2012-01-23	3640	Getting real about post-mortems	https://www.chesnok.com/daily/2012/01/23/getting-real-about-post-mortems/	1536	by/2012--getting-real-about-post-mortems.md	post
2012-01-22	3637	I’m keynoting today at SCALE10x	https://www.chesnok.com/daily/2012/01/22/im-keynoting-today-at-scale10x/	502	by/2012--im-keynoting-today-at-scale10x.md	post
2012-01-20	3610	I am a feminist hacker: Reflections on the first AdaCamp	https://www.chesnok.com/daily/2012/01/20/i-am-a-feminist-hacker-reflections-on-the-first-adacamp/	4090	by/2012--i-am-a-feminist-hacker-reflections-on-the-first-adacamp.md	post
2012-01-11	3601	Thinking like BJ Fogg	https://www.chesnok.com/daily/2012/01/11/thinking-like-bj-fogg/	3005	by/2012--thinking-like-bj-fogg.md	post
2012-01-11	3586	Podcasts recommended to me in January 2012	https://www.chesnok.com/daily/2012/01/11/podcasts-recommended-to-me-in-january-2012/	2517	by/2012--podcasts-recommended-to-me-in-january-2012.md	post
2012-01-10	3580	Where to find me at #LCA2012	https://www.chesnok.com/daily/2012/01/10/where-to-find-me-at-lca2012/	1093	by/2012--where-to-find-me-at-lca2012.md	post
2012-01-09	3516	Packing list for LCA 2012	https://www.chesnok.com/daily/2012/01/09/packing-list-for-lca-2012/	11519	by/2012--packing-list-for-lca-2012.md	post
2011-12-13	3504	Support the Ada Initiative	https://www.chesnok.com/daily/2011/12/13/support-the-ada-initiative/	3073	by/2011--support-the-ada-initiative.md	post
2011-11-02	3468	Puppet Faces: defaults and ‘puppet node clean’	https://www.chesnok.com/daily/2011/11/02/puppet-faces-defaults-and-puppet-node-clean/	2945	by/2011--puppet-faces-defaults-and-puppet-node-clean.md	post
2011-10-28	3420	Going from Vagrant and Puppet into EC2: A short survey of 5 tools (and two I didn’t bother trying)	https://www.chesnok.com/daily/2011/10/28/going-from-vagrant-and-puppet-into-ec2-a-short-survey-of-5-tools-and-two-i-didnt-bother-trying/	6889	by/2011--going-from-vagrant-and-puppet-into-ec2-a-short-survey-of-5-t.md	post
2011-10-21	3400	Day 3 at PgConf.EU: the future, replication, performance and the closing keynote	https://www.chesnok.com/daily/2011/10/21/day-3-at-pgconf-eu-the-future-replication-performance-and-the-rising-tide-of-daas/	3387	by/2011--day-3-at-pgconf-eu-the-future-replication-performance-and-th.md	post
2011-10-20	3396	Day 2 at PgConf.EU: hallway track and the marketing of Postgres	https://www.chesnok.com/daily/2011/10/20/day-2-at-pgconf-eu/	1795	by/2011--day-2-at-pgconf-eu.md	post
2011-10-18	3386	Day 0: PgConf.EU	https://www.chesnok.com/daily/2011/10/18/day-0-pgconf-eu/	2072	by/2011--day-0-pgconf-eu.md	post
2011-10-17	3382	Headed to PgConf.EU	https://www.chesnok.com/daily/2011/10/17/headed-to-pgconf-eu/	918	by/2011--headed-to-pgconf-eu.md	post
2011-10-12	3334	Dennis Richie passed away.	https://www.chesnok.com/daily/2011/10/12/dennis-richie-passed-away/	352	by/2011--dennis-richie-passed-away.md	post
2011-09-26	3372	Update releases for 9.1.1, 9.0.5, 8.4.9, 8.3.16 and 8.2.22	https://www.chesnok.com/daily/2011/09/26/update-releases-for-9-1-1-9-0-5-8-4-9-8-3-16-and-8-2-22/	1707	by/2011--update-releases-for-9-1-1-9-0-5-8-4-9-8-3-16-and-8-2-22.md	post
2011-09-22	3358	My Postgres Performance Checklist	https://www.chesnok.com/daily/2011/09/22/my-postgres-performance-checklist/	1956	by/2011--my-postgres-performance-checklist.md	post
2011-09-21	3355	Seeking: Database Disaster Stories	https://www.chesnok.com/daily/2011/09/21/seeking-database-disaster-stories/	692	by/2011--seeking-database-disaster-stories.md	post
2011-09-20	3353	9.1 presentation at Windy City Perl Mongers	https://www.chesnok.com/daily/2011/09/20/9-1-presentation-at-windy-city-perl-mongers/	706	by/2011--9-1-presentation-at-windy-city-perl-mongers.md	post
2011-09-19	3338	Postgres Open: next year (!), resources, video	https://www.chesnok.com/daily/2011/09/19/postgres-open-next-year-resources-video/	3069	by/2011--postgres-open-next-year-resources-video.md	post
2011-09-02	3325	Looking toward Chicago: Postgres Open, local user groups, parties and on to October!	https://www.chesnok.com/daily/2011/09/02/looking-toward-chicago-postgres-open-local-user-groups-parties-and-on-to-october/	1956	by/2011--looking-toward-chicago-postgres-open-local-user-groups-parti.md	post
2011-08-17	3318	High availability and Postgres	https://www.chesnok.com/daily/2011/08/17/high-availability-and-postgres/	1201	by/2011--high-availability-and-postgres.md	post
2011-08-15	3295	#fml: Relearning how to install perl	https://www.chesnok.com/daily/2011/08/15/fml-relearning-how-to-install-perl/	1578	by/2011--fml-relearning-how-to-install-perl.md	post
2011-08-01	3300	Reflections on a negotiation workshop: we’re better at it than we know	https://www.chesnok.com/daily/2011/08/01/reflections-on-a-negotiation-workshop-were-better-at-it-than-we-know/	3201	by/2011--reflections-on-a-negotiation-workshop-were-better-at-it-than.md	post
2011-08-01	3286	The importance of doing things badly	https://www.chesnok.com/daily/2011/08/01/the-importance-of-doing-things-badly/	3383	by/2011--the-importance-of-doing-things-badly.md	post
2011-07-29	3264	OSCON: We’re at the end…	https://www.chesnok.com/daily/2011/07/29/oscon-were-at-the-end/	1717	by/2011--oscon-were-at-the-end.md	post
2011-07-23	3262	OSCON: Postgres represent! And my links for Harder, Better, Faster, Stronger talk	https://www.chesnok.com/daily/2011/07/23/oscon-postgres-represent-and-my-links-for-harder-better-faster-stronger-talk/	4402	by/2011--oscon-postgres-represent-and-my-links-for-harder-better-fast.md	post
2011-07-23	3247	Getting ready for OSCON, code of conduct and cultural change	https://www.chesnok.com/daily/2011/07/23/getting-ready-for-oscon-code-of-conduct-and-cultural-change/	3499	by/2011--getting-ready-for-oscon-code-of-conduct-and-cultural-change.md	post
2011-07-14	3226	Aww. Thanks! :) And I just cleaned out my inbox.	https://www.chesnok.com/daily/2011/07/14/aww-thanks-and-i-just-cleaned-out-my-inbox/	832	by/2011--aww-thanks-and-i-just-cleaned-out-my-inbox.md	post
2011-07-12	3207	Shaking the etch-a-sketch	https://www.chesnok.com/daily/2011/07/12/shaking-the-etch-a-sketch/	771	by/2011--shaking-the-etch-a-sketch.md	post
2011-07-08	3220	Looking for worthy “mistakes were made” stories	https://www.chesnok.com/daily/2011/07/08/looking-for-worthy-mistakes-were-made-stories/	438	by/2011--looking-for-worthy-mistakes-were-made-stories.md	post
2011-07-01	3204	The end, and what happens next.	https://www.chesnok.com/daily/2011/07/01/the-end-and-what-happens-next/	2525	by/2011--the-end-and-what-happens-next.md	post
2011-06-27	3190	Robert Clark: 1932 – 2011	https://www.chesnok.com/daily/2011/06/27/robert-h-clark-1932-2011/	2007	by/2011--robert-h-clark-1932-2011.md	post
2011-06-12	3182	Weekly tweet digest for 2011-06-12	https://www.chesnok.com/daily/2011/06/12/weekly-tweet-digest-for-2011-06-12/	973	by/2011--weekly-tweet-digest-for-2011-06-12.md	tweet-digest
2011-06-09	3124	ePDX and #PDX11 resources!	https://www.chesnok.com/daily/2011/06/09/epdx-and-pdx11-resources/	955	by/2011--epdx-and-pdx11-resources.md	post
2011-06-08	3176	twittering on 2011-06-08	https://www.chesnok.com/daily/2011/06/08/twittering-on-2011-06-08/	270	by/2011--twittering-on-2011-06-08.md	tweet-digest
2011-06-07	3151	twittering on 2011-06-07	https://www.chesnok.com/daily/2011/06/07/twittering-on-2011-06-07/	228	by/2011--twittering-on-2011-06-07.md	tweet-digest
2011-06-06	3136	ePDX – Identify yourself as a mentor	https://www.chesnok.com/daily/2011/06/06/epdx-identify-yourself-as-a-mentor/	1196	by/2011--epdx-identify-yourself-as-a-mentor.md	post
2011-06-06	3135	twittering on 2011-06-06	https://www.chesnok.com/daily/2011/06/06/twittering-on-2011-06-06/	471	by/2011--twittering-on-2011-06-06.md	tweet-digest
2011-06-05	3122	Weekly tweet digest for 2011-06-05	https://www.chesnok.com/daily/2011/06/05/weekly-tweet-digest-for-2011-06-05/	3521	by/2011--weekly-tweet-digest-for-2011-06-05.md	tweet-digest
2011-06-05	3121	twittering on 2011-06-05	https://www.chesnok.com/daily/2011/06/05/twittering-on-2011-06-05/	1295	by/2011--twittering-on-2011-06-05.md	tweet-digest
2011-06-05	3074	Summer’s finally here: Plans and more plans	https://www.chesnok.com/daily/2011/06/05/summers-finally-here-plans-and-more-plans/	1646	by/2011--summers-finally-here-plans-and-more-plans.md	post
2011-06-04	3120	twittering on 2011-06-04	https://www.chesnok.com/daily/2011/06/04/twittering-on-2011-06-04/	546	by/2011--twittering-on-2011-06-04.md	tweet-digest
2011-06-03	3119	twittering on 2011-06-03	https://www.chesnok.com/daily/2011/06/03/twittering-on-2011-06-03/	93	by/2011--twittering-on-2011-06-03.md	tweet-digest
2011-06-02	3118	twittering on 2011-06-02	https://www.chesnok.com/daily/2011/06/02/twittering-on-2011-06-02/	216	by/2011--twittering-on-2011-06-02.md	tweet-digest
2011-06-01	3117	twittering on 2011-06-01	https://www.chesnok.com/daily/2011/06/01/twittering-on-2011-06-01/	731	by/2011--twittering-on-2011-06-01.md	tweet-digest
2011-05-31	3115	twittering on 2011-05-31	https://www.chesnok.com/daily/2011/05/31/twittering-on-2011-05-31/	470	by/2011--twittering-on-2011-05-31.md	tweet-digest
2011-05-30	3058	twittering on 2011-05-30	https://www.chesnok.com/daily/2011/05/30/twittering-on-2011-05-30/	158	by/2011--twittering-on-2011-05-30.md	tweet-digest
2011-05-29	3057	Weekly tweet digest for 2011-05-29	https://www.chesnok.com/daily/2011/05/29/weekly-tweet-digest-for-2011-05-29/	1454	by/2011--weekly-tweet-digest-for-2011-05-29.md	tweet-digest
2011-05-29	3056	twittering on 2011-05-29	https://www.chesnok.com/daily/2011/05/29/twittering-on-2011-05-29/	108	by/2011--twittering-on-2011-05-29.md	tweet-digest
2011-05-28	3055	twittering on 2011-05-28	https://www.chesnok.com/daily/2011/05/28/twittering-on-2011-05-28/	399	by/2011--twittering-on-2011-05-28.md	tweet-digest
2011-05-27	3054	twittering on 2011-05-27	https://www.chesnok.com/daily/2011/05/27/twittering-on-2011-05-27/	230	by/2011--twittering-on-2011-05-27.md	tweet-digest
2011-05-26	3053	twittering on 2011-05-26	https://www.chesnok.com/daily/2011/05/26/twittering-on-2011-05-26/	196	by/2011--twittering-on-2011-05-26.md	tweet-digest
2011-05-25	3052	twittering on 2011-05-25	https://www.chesnok.com/daily/2011/05/25/twittering-on-2011-05-25/	100	by/2011--twittering-on-2011-05-25.md	tweet-digest
2011-05-23	3051	twittering on 2011-05-23	https://www.chesnok.com/daily/2011/05/23/twittering-on-2011-05-23/	411	by/2011--twittering-on-2011-05-23.md	tweet-digest
2011-05-22	3046	Weekly tweet digest for 2011-05-22	https://www.chesnok.com/daily/2011/05/22/weekly-tweet-digest-for-2011-05-22/	10210	by/2011--weekly-tweet-digest-for-2011-05-22.md	tweet-digest
2011-05-22	3045	twittering on 2011-05-22	https://www.chesnok.com/daily/2011/05/22/twittering-on-2011-05-22/	1158	by/2011--twittering-on-2011-05-22.md	tweet-digest
2011-05-22	3037	PgCon 2011: PL/Summit notes	https://www.chesnok.com/daily/2011/05/22/pgcon-2011-plsummit-notes/	1287	by/2011--pgcon-2011-plsummit-notes.md	post
2011-05-21	3035	twittering on 2011-05-21	https://www.chesnok.com/daily/2011/05/21/twittering-on-2011-05-21/	2869	by/2011--twittering-on-2011-05-21.md	tweet-digest
2011-05-21	3007	PgCon Pub Track: Learning more about Synchronous Replication	https://www.chesnok.com/daily/2011/05/21/pgcon-pub-track-learning-more-about-synchronous-replication/	1382	by/2011--pgcon-pub-track-learning-more-about-synchronous-replication.md	post
2011-05-20	3034	twittering on 2011-05-20	https://www.chesnok.com/daily/2011/05/20/twittering-on-2011-05-20/	3378	by/2011--twittering-on-2011-05-20.md	tweet-digest
2011-05-19	3012	twittering on 2011-05-19	https://www.chesnok.com/daily/2011/05/19/twittering-on-2011-05-19/	1037	by/2011--twittering-on-2011-05-19.md	tweet-digest
2011-05-19	3011	Announcing Postgres Open	https://www.chesnok.com/daily/2011/05/19/announcing-postgres-open/	2741	by/2011--announcing-postgres-open.md	post
2011-05-18	3005	twittering on 2011-05-18	https://www.chesnok.com/daily/2011/05/18/twittering-on-2011-05-18/	1108	by/2011--twittering-on-2011-05-18.md	tweet-digest
2011-05-18	3004	PgCon Day 1 – Cluster summit and catching up with folks	https://www.chesnok.com/daily/2011/05/18/pgcon-day-1-cluster-summit-and-catching-up-with-folks/	1818	by/2011--pgcon-day-1-cluster-summit-and-catching-up-with-folks.md	post
2011-05-17	3002	twittering on 2011-05-17	https://www.chesnok.com/daily/2011/05/17/twittering-on-2011-05-17/	235	by/2011--twittering-on-2011-05-17.md	tweet-digest
2011-05-16	2995	At PgCon 2011 – day 0	https://www.chesnok.com/daily/2011/05/16/at-pgcon-2011-day-0/	1547	by/2011--at-pgcon-2011-day-0.md	post
2011-05-16	2994	twittering on 2011-05-16	https://www.chesnok.com/daily/2011/05/16/twittering-on-2011-05-16-2/	413	by/2011--twittering-on-2011-05-16-2.md	tweet-digest
2011-05-16	2993	twittering on 2011-05-16	https://www.chesnok.com/daily/2011/05/16/twittering-on-2011-05-16/	413	by/2011--twittering-on-2011-05-16.md	tweet-digest
2011-05-15	2992	Weekly tweet digest for 2011-05-15	https://www.chesnok.com/daily/2011/05/15/weekly-tweet-digest-for-2011-05-15/	1835	by/2011--weekly-tweet-digest-for-2011-05-15.md	tweet-digest
2011-05-14	2991	twittering on 2011-05-14	https://www.chesnok.com/daily/2011/05/14/twittering-on-2011-05-14/	826	by/2011--twittering-on-2011-05-14.md	tweet-digest
2011-05-13	2990	twittering on 2011-05-13	https://www.chesnok.com/daily/2011/05/13/twittering-on-2011-05-13/	513	by/2011--twittering-on-2011-05-13.md	tweet-digest
2011-05-12	2989	twittering on 2011-05-12	https://www.chesnok.com/daily/2011/05/12/twittering-on-2011-05-12/	348	by/2011--twittering-on-2011-05-12.md	tweet-digest
2011-05-11	2988	twittering on 2011-05-11	https://www.chesnok.com/daily/2011/05/11/twittering-on-2011-05-11/	142	by/2011--twittering-on-2011-05-11.md	tweet-digest
2011-05-08	2987	Weekly tweet digest for 2011-05-08	https://www.chesnok.com/daily/2011/05/08/weekly-tweet-digest-for-2011-05-08/	4887	by/2011--weekly-tweet-digest-for-2011-05-08.md	tweet-digest
2011-05-07	2986	twittering on 2011-05-07	https://www.chesnok.com/daily/2011/05/07/twittering-on-2011-05-07/	299	by/2011--twittering-on-2011-05-07.md	tweet-digest
2011-05-06	2985	twittering on 2011-05-06	https://www.chesnok.com/daily/2011/05/06/twittering-on-2011-05-06/	83	by/2011--twittering-on-2011-05-06.md	tweet-digest
2011-05-05	2984	twittering on 2011-05-05	https://www.chesnok.com/daily/2011/05/05/twittering-on-2011-05-05/	313	by/2011--twittering-on-2011-05-05.md	tweet-digest
2011-05-04	2983	twittering on 2011-05-04	https://www.chesnok.com/daily/2011/05/04/twittering-on-2011-05-04/	1860	by/2011--twittering-on-2011-05-04.md	tweet-digest
2011-05-03	2981	twittering on 2011-05-03	https://www.chesnok.com/daily/2011/05/03/twittering-on-2011-05-03/	1792	by/2011--twittering-on-2011-05-03.md	tweet-digest
2011-05-02	2974	twittering on 2011-05-02	https://www.chesnok.com/daily/2011/05/02/twittering-on-2011-05-02/	530	by/2011--twittering-on-2011-05-02.md	tweet-digest
2011-05-02	2948	9.1 beta 1 is out! Help us test.	https://www.chesnok.com/daily/2011/05/02/9-1-beta-1-is-out-help-us-test/	1630	by/2011--9-1-beta-1-is-out-help-us-test.md	post
2011-05-01	2973	Weekly tweet digest for 2011-05-01	https://www.chesnok.com/daily/2011/05/01/weekly-tweet-digest-for-2011-05-01/	2245	by/2011--weekly-tweet-digest-for-2011-05-01.md	tweet-digest
2011-05-01	2972	twittering on 2011-05-01	https://www.chesnok.com/daily/2011/05/01/twittering-on-2011-05-01/	171	by/2011--twittering-on-2011-05-01.md	tweet-digest
2011-04-30	2971	twittering on 2011-04-30	https://www.chesnok.com/daily/2011/04/30/twittering-on-2011-04-30/	185	by/2011--twittering-on-2011-04-30.md	tweet-digest
2011-04-29	2970	twittering on 2011-04-29	https://www.chesnok.com/daily/2011/04/29/twittering-on-2011-04-29/	300	by/2011--twittering-on-2011-04-29.md	tweet-digest
2011-04-28	2969	twittering on 2011-04-28	https://www.chesnok.com/daily/2011/04/28/twittering-on-2011-04-28/	147	by/2011--twittering-on-2011-04-28.md	tweet-digest
2011-04-27	2968	twittering on 2011-04-27	https://www.chesnok.com/daily/2011/04/27/twittering-on-2011-04-27/	1112	by/2011--twittering-on-2011-04-27.md	tweet-digest
2011-04-26	2966	twittering on 2011-04-26	https://www.chesnok.com/daily/2011/04/26/twittering-on-2011-04-26/	320	by/2011--twittering-on-2011-04-26.md	tweet-digest
2011-04-24	2965	Weekly tweet digest for 2011-04-24	https://www.chesnok.com/daily/2011/04/24/weekly-tweet-digest-for-2011-04-24/	4751	by/2011--weekly-tweet-digest-for-2011-04-24.md	tweet-digest
2011-04-24	2964	twittering on 2011-04-24	https://www.chesnok.com/daily/2011/04/24/twittering-on-2011-04-24/	164	by/2011--twittering-on-2011-04-24.md	tweet-digest
2011-04-23	2963	twittering on 2011-04-23	https://www.chesnok.com/daily/2011/04/23/twittering-on-2011-04-23/	368	by/2011--twittering-on-2011-04-23.md	tweet-digest
2011-04-22	2962	twittering on 2011-04-22	https://www.chesnok.com/daily/2011/04/22/twittering-on-2011-04-22/	325	by/2011--twittering-on-2011-04-22.md	tweet-digest
2011-04-21	2961	twittering on 2011-04-21	https://www.chesnok.com/daily/2011/04/21/twittering-on-2011-04-21/	1819	by/2011--twittering-on-2011-04-21.md	tweet-digest
2011-04-20	2959	twittering on 2011-04-20	https://www.chesnok.com/daily/2011/04/20/twittering-on-2011-04-20/	1883	by/2011--twittering-on-2011-04-20.md	tweet-digest
2011-04-19	2958	twittering on 2011-04-19	https://www.chesnok.com/daily/2011/04/19/twittering-on-2011-04-19/	182	by/2011--twittering-on-2011-04-19.md	tweet-digest
2011-04-17	2957	Weekly tweet digest for 2011-04-17	https://www.chesnok.com/daily/2011/04/17/weekly-tweet-digest-for-2011-04-17/	18036	by/2011--weekly-tweet-digest-for-2011-04-17.md	tweet-digest
2011-04-16	2956	twittering on 2011-04-16	https://www.chesnok.com/daily/2011/04/16/twittering-on-2011-04-16/	487	by/2011--twittering-on-2011-04-16.md	tweet-digest
2011-04-15	2955	twittering on 2011-04-15	https://www.chesnok.com/daily/2011/04/15/twittering-on-2011-04-15/	4089	by/2011--twittering-on-2011-04-15.md	tweet-digest
2011-04-14	2953	twittering on 2011-04-14	https://www.chesnok.com/daily/2011/04/14/twittering-on-2011-04-14/	6936	by/2011--twittering-on-2011-04-14.md	tweet-digest
2011-04-13	2946	Two talks at MySQL Conf done! Slides…	https://www.chesnok.com/daily/2011/04/13/two-talks-at-mysql-conf-done-slides/	1016	by/2011--two-talks-at-mysql-conf-done-slides.md	post
2011-04-13	2945	twittering on 2011-04-13	https://www.chesnok.com/daily/2011/04/13/twittering-on-2011-04-13/	5873	by/2011--twittering-on-2011-04-13.md	tweet-digest
2011-04-12	2939	At MySQL Conference: Day 1 preview	https://www.chesnok.com/daily/2011/04/12/at-mysql-conference-day-1-preview/	1067	by/2011--at-mysql-conference-day-1-preview.md	post
2011-04-12	2938	twittering on 2011-04-12	https://www.chesnok.com/daily/2011/04/12/twittering-on-2011-04-12/	200	by/2011--twittering-on-2011-04-12.md	tweet-digest
2011-04-11	2937	twittering on 2011-04-11	https://www.chesnok.com/daily/2011/04/11/twittering-on-2011-04-11/	441	by/2011--twittering-on-2011-04-11.md	tweet-digest
2011-04-10	2936	Weekly tweet digest for 2011-04-10	https://www.chesnok.com/daily/2011/04/10/weekly-tweet-digest-for-2011-04-10/	10326	by/2011--weekly-tweet-digest-for-2011-04-10.md	tweet-digest
2011-04-09	2935	twittering on 2011-04-09	https://www.chesnok.com/daily/2011/04/09/twittering-on-2011-04-09/	377	by/2011--twittering-on-2011-04-09.md	tweet-digest
2011-04-08	2934	twittering on 2011-04-08	https://www.chesnok.com/daily/2011/04/08/twittering-on-2011-04-08/	1073	by/2011--twittering-on-2011-04-08.md	tweet-digest
2011-04-07	2931	twittering on 2011-04-07	https://www.chesnok.com/daily/2011/04/07/twittering-on-2011-04-07/	1149	by/2011--twittering-on-2011-04-07.md	tweet-digest
2011-04-06	2910	Getting ready for the first PostgreSQL track at MySQL Users Conference!	https://www.chesnok.com/daily/2011/04/06/getting-ready-for-the-first-postgresql-track-at-mysql-users-conference/	970	by/2011--getting-ready-for-the-first-postgresql-track-at-mysql-users-.md	post
2011-04-06	2907	Google Summer of Code submission deadline is April 9, 19:00 UTC	https://www.chesnok.com/daily/2011/04/06/google-summer-of-code-submission-deadline-is-april-9-1900-utc/	411	by/2011--google-summer-of-code-submission-deadline-is-april-9-1900-ut.md	post
2011-04-06	2906	twittering on 2011-04-06	https://www.chesnok.com/daily/2011/04/06/twittering-on-2011-04-06/	3458	by/2011--twittering-on-2011-04-06.md	tweet-digest
2011-04-06	2803	PDX11 Civic Unconference Hacking report	https://www.chesnok.com/daily/2011/04/06/pdx11-civic-unconference-hacking-report/	3899	by/2011--pdx11-civic-unconference-hacking-report.md	post
2011-04-05	2856	twittering on 2011-04-05	https://www.chesnok.com/daily/2011/04/05/twittering-on-2011-04-05/	4055	by/2011--twittering-on-2011-04-05.md	tweet-digest
2011-04-05	2855	UpdatePDX: NOSQL, operational complexity and hiring	https://www.chesnok.com/daily/2011/04/05/updatepdx-nosql-operational-complexity-and-hiring/	4450	by/2011--updatepdx-nosql-operational-complexity-and-hiring.md	post
2011-04-05	2848	Where PostgreSQL succeeds and what to do next	https://www.chesnok.com/daily/2011/04/05/where-postgresql-succeeds-and-what-to-do-next/	3835	by/2011--where-postgresql-succeeds-and-what-to-do-next.md	post
2011-04-04	2846	twittering on 2011-04-04	https://www.chesnok.com/daily/2011/04/04/twittering-on-2011-04-04/	204	by/2011--twittering-on-2011-04-04.md	tweet-digest
2011-04-03	2835	Weekly tweet digest for 2011-04-03	https://www.chesnok.com/daily/2011/04/03/weekly-tweet-digest-for-2011-04-03/	6244	by/2011--weekly-tweet-digest-for-2011-04-03.md	tweet-digest
2011-04-03	2834	Weekly tweet digest for 2011-04-03	https://www.chesnok.com/daily/2011/04/03/weekly-tweet-digest-for-2011-04-03-2/	6244	by/2011--weekly-tweet-digest-for-2011-04-03-2.md	tweet-digest
2011-04-03	2833	twittering on 2011-04-03	https://www.chesnok.com/daily/2011/04/03/twittering-on-2011-04-03-2/	2352	by/2011--twittering-on-2011-04-03-2.md	tweet-digest
2011-04-03	2832	twittering on 2011-04-03	https://www.chesnok.com/daily/2011/04/03/twittering-on-2011-04-03/	2352	by/2011--twittering-on-2011-04-03.md	tweet-digest
2011-04-03	2804	Three marketing areas where PDX11 fails	https://www.chesnok.com/daily/2011/04/03/three-marketing-areas-where-pdx11-fails/	3704	by/2011--three-marketing-areas-where-pdx11-fails.md	post
2011-04-02	2802	twittering on 2011-04-02	https://www.chesnok.com/daily/2011/04/02/twittering-on-2011-04-02/	1041	by/2011--twittering-on-2011-04-02.md	tweet-digest
2011-04-01	2801	twittering on 2011-04-01	https://www.chesnok.com/daily/2011/04/01/twittering-on-2011-04-01/	199	by/2011--twittering-on-2011-04-01.md	tweet-digest
2011-03-31	2798	twittering on 2011-03-31	https://www.chesnok.com/daily/2011/03/31/twittering-on-2011-03-31/	1483	by/2011--twittering-on-2011-03-31.md	tweet-digest
2011-03-30	2778	twittering on 2011-03-30	https://www.chesnok.com/daily/2011/03/30/twittering-on-2011-03-30-2/	771	by/2011--twittering-on-2011-03-30-2.md	tweet-digest
2011-03-30	2777	twittering on 2011-03-30	https://www.chesnok.com/daily/2011/03/30/twittering-on-2011-03-30/	771	by/2011--twittering-on-2011-03-30.md	tweet-digest
2011-03-30	2774	Where meritocracy fails	https://www.chesnok.com/daily/2011/03/30/where-meritocracy-fails/	6066	by/2011--where-meritocracy-fails.md	post
2011-03-29	2775	twittering on 2011-03-29	https://www.chesnok.com/daily/2011/03/29/twittering-on-2011-03-29/	388	by/2011--twittering-on-2011-03-29.md	tweet-digest
2011-03-27	2773	Weekly tweet digest for 2011-03-27	https://www.chesnok.com/daily/2011/03/27/weekly-tweet-digest-for-2011-03-27/	13848	by/2011--weekly-tweet-digest-for-2011-03-27.md	tweet-digest
2011-03-27	2772	twittering on 2011-03-27	https://www.chesnok.com/daily/2011/03/27/twittering-on-2011-03-27/	276	by/2011--twittering-on-2011-03-27.md	tweet-digest
2011-03-26	2771	twittering on 2011-03-26	https://www.chesnok.com/daily/2011/03/26/twittering-on-2011-03-26/	1789	by/2011--twittering-on-2011-03-26.md	tweet-digest
2011-03-25	2770	twittering on 2011-03-25	https://www.chesnok.com/daily/2011/03/25/twittering-on-2011-03-25/	5127	by/2011--twittering-on-2011-03-25.md	tweet-digest
2011-03-24	2761	Report from first day at PgEast and hoping for another tool to be opened up	https://www.chesnok.com/daily/2011/03/24/report-from-first-day-at-pgeast-and-hoping-for-another-tool-to-be-opened-up/	1246	by/2011--report-from-first-day-at-pgeast-and-hoping-for-another-tool-.md	post
2011-03-24	2759	twittering on 2011-03-24	https://www.chesnok.com/daily/2011/03/24/twittering-on-2011-03-24/	5235	by/2011--twittering-on-2011-03-24.md	tweet-digest
2011-03-24	2750	Raw notes from Kevin Grittner’s talk on SSI	https://www.chesnok.com/daily/2011/03/24/raw-notes-from-kevin-grittners-talk-on-ssi/	6600	by/2011--raw-notes-from-kevin-grittners-talk-on-ssi.md	post
2011-03-23	2755	First day in NYC for #pgeast	https://www.chesnok.com/daily/2011/03/23/first-day-in-nyc-for-pgeast/	1663	by/2011--first-day-in-nyc-for-pgeast.md	post
2011-03-23	2754	twittering on 2011-03-23	https://www.chesnok.com/daily/2011/03/23/twittering-on-2011-03-23/	239	by/2011--twittering-on-2011-03-23.md	tweet-digest
2011-03-22	2753	twittering on 2011-03-22	https://www.chesnok.com/daily/2011/03/22/twittering-on-2011-03-22/	727	by/2011--twittering-on-2011-03-22.md	tweet-digest
2011-03-21	2748	twittering on 2011-03-21	https://www.chesnok.com/daily/2011/03/21/twittering-on-2011-03-21/	443	by/2011--twittering-on-2011-03-21.md	tweet-digest
2011-03-21	2746	Reading more this year: Just Kids, The Monster Within, Between a Rock and a Hard Place, Drive	https://www.chesnok.com/daily/2011/03/21/reading-more-this-year-just-kids-the-monster-within-between-a-rock-and-a-hard-place-drive/	2190	by/2011--reading-more-this-year-just-kids-the-monster-within-between-.md	post
2011-03-20	2744	Weekly tweet digest for 2011-03-20	https://www.chesnok.com/daily/2011/03/20/weekly-tweet-digest-for-2011-03-20/	3285	by/2011--weekly-tweet-digest-for-2011-03-20.md	tweet-digest
2011-03-20	2743	twittering on 2011-03-20	https://www.chesnok.com/daily/2011/03/20/twittering-on-2011-03-20/	490	by/2011--twittering-on-2011-03-20.md	tweet-digest
2011-03-20	2724	Learning python the hard way: print vs sys.write, and python -u	https://www.chesnok.com/daily/2011/03/20/learning-python-the-hard-way-print-vs-sys-write-and-python-u/	754	by/2011--learning-python-the-hard-way-print-vs-sys-write-and-python-u.md	post
2011-03-19	2737	GSoC 2011, accepting submissions starting March 28!	https://www.chesnok.com/daily/2011/03/19/gsoc-2011-accepting-submissions-starting-march-28/	1963	by/2011--gsoc-2011-accepting-submissions-starting-march-28.md	post
2011-03-19	2736	twittering on 2011-03-19	https://www.chesnok.com/daily/2011/03/19/twittering-on-2011-03-19/	306	by/2011--twittering-on-2011-03-19.md	tweet-digest
2011-03-18	2735	twittering on 2011-03-18	https://www.chesnok.com/daily/2011/03/18/twittering-on-2011-03-18/	472	by/2011--twittering-on-2011-03-18.md	tweet-digest
2011-03-17	2734	twittering on 2011-03-17	https://www.chesnok.com/daily/2011/03/17/twittering-on-2011-03-17/	433	by/2011--twittering-on-2011-03-17.md	tweet-digest
2011-03-16	2720	twittering on 2011-03-16	https://www.chesnok.com/daily/2011/03/16/twittering-on-2011-03-16/	930	by/2011--twittering-on-2011-03-16.md	tweet-digest
2011-03-16	2710	Note from Nashville	https://www.chesnok.com/daily/2011/03/16/note-from-nashville/	1778	by/2011--note-from-nashville.md	post
2011-03-15	2719	twittering on 2011-03-15	https://www.chesnok.com/daily/2011/03/15/twittering-on-2011-03-15/	393	by/2011--twittering-on-2011-03-15.md	tweet-digest
2011-03-14	2718	twittering on 2011-03-14	https://www.chesnok.com/daily/2011/03/14/twittering-on-2011-03-14/	249	by/2011--twittering-on-2011-03-14.md	tweet-digest
2011-03-13	2717	Weekly tweet digest for 2011-03-13	https://www.chesnok.com/daily/2011/03/13/weekly-tweet-digest-for-2011-03-13-2/	2257	by/2011--weekly-tweet-digest-for-2011-03-13-2.md	tweet-digest
2011-03-13	2716	Weekly tweet digest for 2011-03-13	https://www.chesnok.com/daily/2011/03/13/weekly-tweet-digest-for-2011-03-13-3/	2257	by/2011--weekly-tweet-digest-for-2011-03-13-3.md	tweet-digest
2011-03-13	2715	Weekly tweet digest for 2011-03-13	https://www.chesnok.com/daily/2011/03/13/weekly-tweet-digest-for-2011-03-13-4/	2257	by/2011--weekly-tweet-digest-for-2011-03-13-4.md	tweet-digest
2011-03-13	2714	Weekly tweet digest for 2011-03-13	https://www.chesnok.com/daily/2011/03/13/weekly-tweet-digest-for-2011-03-13-5/	2257	by/2011--weekly-tweet-digest-for-2011-03-13-5.md	tweet-digest
2011-03-13	2713	Weekly tweet digest for 2011-03-13	https://www.chesnok.com/daily/2011/03/13/weekly-tweet-digest-for-2011-03-13/	2257	by/2011--weekly-tweet-digest-for-2011-03-13.md	tweet-digest
2011-03-12	2708	Next two weeks	https://www.chesnok.com/daily/2011/03/12/next-two-weeks/	259	by/2011--next-two-weeks.md	post
2011-03-12	2707	twittering on 2011-03-12	https://www.chesnok.com/daily/2011/03/12/twittering-on-2011-03-12/	154	by/2011--twittering-on-2011-03-12.md	tweet-digest
2011-03-11	2706	twittering on 2011-03-11	https://www.chesnok.com/daily/2011/03/11/twittering-on-2011-03-11/	760	by/2011--twittering-on-2011-03-11.md	tweet-digest
2011-03-10	2705	twittering on 2011-03-10	https://www.chesnok.com/daily/2011/03/10/twittering-on-2011-03-10-2/	285	by/2011--twittering-on-2011-03-10-2.md	tweet-digest
2011-03-10	2704	twittering on 2011-03-10	https://www.chesnok.com/daily/2011/03/10/twittering-on-2011-03-10/	285	by/2011--twittering-on-2011-03-10.md	tweet-digest
2011-03-09	2703	twittering on 2011-03-09	https://www.chesnok.com/daily/2011/03/09/twittering-on-2011-03-09/	308	by/2011--twittering-on-2011-03-09.md	tweet-digest
2011-03-08	2702	twittering on 2011-03-08	https://www.chesnok.com/daily/2011/03/08/twittering-on-2011-03-08/	634	by/2011--twittering-on-2011-03-08.md	tweet-digest
2011-03-07	2698	Google Summer of Code 2011 application started! Looking for mentors.	https://www.chesnok.com/daily/2011/03/07/google-summer-of-code-2011-application-started-looking-for-mentors/	774	by/2011--google-summer-of-code-2011-application-started-looking-for-m.md	post
2011-03-07	2697	twittering on 2011-03-07	https://www.chesnok.com/daily/2011/03/07/twittering-on-2011-03-07/	106	by/2011--twittering-on-2011-03-07.md	tweet-digest
2011-03-06	2694	Weekly tweet digest for 2011-03-06	https://www.chesnok.com/daily/2011/03/06/weekly-tweet-digest-for-2011-03-06/	3743	by/2011--weekly-tweet-digest-for-2011-03-06.md	tweet-digest
2011-03-06	2693	twittering on 2011-03-06	https://www.chesnok.com/daily/2011/03/06/twittering-on-2011-03-06/	538	by/2011--twittering-on-2011-03-06.md	tweet-digest
2011-03-05	2692	twittering on 2011-03-05	https://www.chesnok.com/daily/2011/03/05/twittering-on-2011-03-05/	205	by/2011--twittering-on-2011-03-05.md	tweet-digest
2011-03-04	2690	twittering on 2011-03-04	https://www.chesnok.com/daily/2011/03/04/twittering-on-2011-03-04/	120	by/2011--twittering-on-2011-03-04.md	tweet-digest
2011-03-03	2688	twittering on 2011-03-03	https://www.chesnok.com/daily/2011/03/03/twittering-on-2011-03-03-2/	1202	by/2011--twittering-on-2011-03-03-2.md	tweet-digest
2011-03-03	2687	twittering on 2011-03-03	https://www.chesnok.com/daily/2011/03/03/twittering-on-2011-03-03/	1202	by/2011--twittering-on-2011-03-03.md	tweet-digest
2011-03-02	2661	twittering on 2011-03-02	https://www.chesnok.com/daily/2011/03/02/twittering-on-2011-03-02-2/	386	by/2011--twittering-on-2011-03-02-2.md	tweet-digest
2011-03-02	2660	twittering on 2011-03-02	https://www.chesnok.com/daily/2011/03/02/twittering-on-2011-03-02/	386	by/2011--twittering-on-2011-03-02.md	tweet-digest
2011-03-02	2601	Broken windows, broken code, broken systems	https://www.chesnok.com/daily/2011/03/02/broken-windows-broken-code-broken-systems/	4989	by/2011--broken-windows-broken-code-broken-systems.md	post
2011-03-01	2654	Intro to PostgreSQL class starts March 7!	https://www.chesnok.com/daily/2011/03/01/intro-to-postgresql-class-starts-march-7/	1414	by/2011--intro-to-postgresql-class-starts-march-7.md	post
2011-03-01	2646	twittering on 2011-03-01	https://www.chesnok.com/daily/2011/03/01/twittering-on-2011-03-01/	1282	by/2011--twittering-on-2011-03-01.md	tweet-digest
2011-02-28	2612	PL Developer Summit at PgCon, May 21!	https://www.chesnok.com/daily/2011/02/28/pl-developer-summit-at-pgcon-may-21/	2700	by/2011--pl-developer-summit-at-pgcon-may-21.md	post
2011-02-27	2611	Weekly tweet digest for 2011-02-27	https://www.chesnok.com/daily/2011/02/27/weekly-tweet-digest-for-2011-02-27/	1906	by/2011--weekly-tweet-digest-for-2011-02-27.md	tweet-digest
2011-02-27	2610	twittering on 2011-02-27	https://www.chesnok.com/daily/2011/02/27/twittering-on-2011-02-27/	811	by/2011--twittering-on-2011-02-27.md	tweet-digest
2011-02-26	2609	twittering on 2011-02-26	https://www.chesnok.com/daily/2011/02/26/twittering-on-2011-02-26/	568	by/2011--twittering-on-2011-02-26.md	tweet-digest
2011-02-25	2603	twittering on 2011-02-25	https://www.chesnok.com/daily/2011/02/25/twittering-on-2011-02-25/	523	by/2011--twittering-on-2011-02-25.md	tweet-digest
2011-02-23	3479	Wrap-up meetings provide feedback that teams need to improve	https://www.chesnok.com/daily/2011/02/23/wrap-up-meetings-provide-feedback-that-teams-need-to-improve/	6387	by/2011--wrap-up-meetings-provide-feedback-that-teams-need-to-improve.md	post
2011-02-20	2595	Weekly tweet digest for 2011-02-20	https://www.chesnok.com/daily/2011/02/20/weekly-tweet-digest-for-2011-02-20/	4122	by/2011--weekly-tweet-digest-for-2011-02-20.md	tweet-digest
2011-02-20	2594	twittering on 2011-02-20	https://www.chesnok.com/daily/2011/02/20/twittering-on-2011-02-20/	323	by/2011--twittering-on-2011-02-20.md	tweet-digest
2011-02-19	2586	twittering on 2011-02-19	https://www.chesnok.com/daily/2011/02/19/twittering-on-2011-02-19/	157	by/2011--twittering-on-2011-02-19.md	tweet-digest
2011-02-18	2585	twittering on 2011-02-18	https://www.chesnok.com/daily/2011/02/18/twittering-on-2011-02-18-2/	513	by/2011--twittering-on-2011-02-18-2.md	tweet-digest
2011-02-18	2584	twittering on 2011-02-18	https://www.chesnok.com/daily/2011/02/18/twittering-on-2011-02-18/	513	by/2011--twittering-on-2011-02-18.md	tweet-digest
2011-02-17	2582	twittering on 2011-02-17	https://www.chesnok.com/daily/2011/02/17/twittering-on-2011-02-17/	1233	by/2011--twittering-on-2011-02-17.md	tweet-digest
2011-02-16	2577	twittering on 2011-02-16	https://www.chesnok.com/daily/2011/02/16/twittering-on-2011-02-16/	1888	by/2011--twittering-on-2011-02-16.md	tweet-digest
2011-02-15	2556	This year is so nuts for having conferences in Portland, OR	https://www.chesnok.com/daily/2011/02/15/this-year-is-so-nuts-for-having-conferences-in-portland-or/	4223	by/2011--this-year-is-so-nuts-for-having-conferences-in-portland-or.md	post
2011-02-14	2544	PostgreSQL at MySQL Users Conference: the sessions!	https://www.chesnok.com/daily/2011/02/14/postgresql-at-mysql-users-conference-the-sessions/	5760	by/2011--postgresql-at-mysql-users-conference-the-sessions.md	post
2011-02-13	2547	Weekly tweet digest for 2011-02-13	https://www.chesnok.com/daily/2011/02/13/weekly-tweet-digest-for-2011-02-13/	4418	by/2011--weekly-tweet-digest-for-2011-02-13.md	tweet-digest
2011-02-12	2546	twittering on 2011-02-12	https://www.chesnok.com/daily/2011/02/12/twittering-on-2011-02-12/	493	by/2011--twittering-on-2011-02-12.md	tweet-digest
2011-02-11	2545	twittering on 2011-02-11	https://www.chesnok.com/daily/2011/02/11/twittering-on-2011-02-11/	337	by/2011--twittering-on-2011-02-11.md	tweet-digest
2011-02-10	2533	Hot Standby features for 9.1, just committed: Pause and Resume	https://www.chesnok.com/daily/2011/02/10/hot-standby-features-for-9-1-just-committed-pause-and-resume/	1479	by/2011--hot-standby-features-for-9-1-just-committed-pause-and-resume.md	post
2011-02-10	2514	twittering on 2011-02-10	https://www.chesnok.com/daily/2011/02/10/twittering-on-2011-02-10/	1092	by/2011--twittering-on-2011-02-10.md	tweet-digest
2011-02-10	2510	Offering an Intro to PostgreSQL class	https://www.chesnok.com/daily/2011/02/10/offering-an-intro-to-postgresql-class/	2102	by/2011--offering-an-intro-to-postgresql-class.md	post
2011-02-09	2508	twittering on 2011-02-09	https://www.chesnok.com/daily/2011/02/09/twittering-on-2011-02-09/	1447	by/2011--twittering-on-2011-02-09.md	tweet-digest
2011-02-09	2498	Learning Python the hard way: __init__.py needed for packages (as opposed to modules)	https://www.chesnok.com/daily/2011/02/09/learning-python-the-hard-way-__init__-py-needed-for-packages-as-opposed-to-modules/	1063	by/2011--learning-python-the-hard-way-init-py-needed-for-packages-as-.md	post
2011-02-08	2499	Invited lecture at Oregon State University: PostgreSQL	https://www.chesnok.com/daily/2011/02/08/invited-lecture-at-oregon-state-university-postgresql/	1240	by/2011--invited-lecture-at-oregon-state-university-postgresql.md	post
2011-02-08	2490	Event organizers: spaces to have tech events or conferences in Portland	https://www.chesnok.com/daily/2011/02/08/event-organizers-spaces-to-have-tech-events-or-conferences-in-portland/	2867	by/2011--event-organizers-spaces-to-have-tech-events-or-conferences-i.md	post
2011-02-08	2489	twittering on 2011-02-08	https://www.chesnok.com/daily/2011/02/08/twittering-on-2011-02-08/	443	by/2011--twittering-on-2011-02-08.md	tweet-digest
2011-02-07	2488	twittering on 2011-02-07	https://www.chesnok.com/daily/2011/02/07/twittering-on-2011-02-07/	377	by/2011--twittering-on-2011-02-07.md	tweet-digest
2011-02-06	2487	Weekly tweet digest for 2011-02-06	https://www.chesnok.com/daily/2011/02/06/weekly-tweet-digest-for-2011-02-06/	2740	by/2011--weekly-tweet-digest-for-2011-02-06.md	tweet-digest
2011-02-06	2486	twittering on 2011-02-06	https://www.chesnok.com/daily/2011/02/06/twittering-on-2011-02-06/	217	by/2011--twittering-on-2011-02-06.md	tweet-digest
2011-02-05	2485	twittering on 2011-02-05	https://www.chesnok.com/daily/2011/02/05/twittering-on-2011-02-05/	237	by/2011--twittering-on-2011-02-05.md	tweet-digest
2011-02-04	2484	twittering on 2011-02-04	https://www.chesnok.com/daily/2011/02/04/twittering-on-2011-02-04/	811	by/2011--twittering-on-2011-02-04.md	tweet-digest
2011-02-03	2473	Checklist for new event organizers: how to schedule and get people there	https://www.chesnok.com/daily/2011/02/03/checklist-for-new-event-organizers-how-to-schedule-and-get-people-there/	2413	by/2011--checklist-for-new-event-organizers-how-to-schedule-and-get-p.md	post
2011-02-03	2472	twittering on 2011-02-03	https://www.chesnok.com/daily/2011/02/03/twittering-on-2011-02-03/	105	by/2011--twittering-on-2011-02-03.md	tweet-digest
2011-02-02	2471	twittering on 2011-02-02	https://www.chesnok.com/daily/2011/02/02/twittering-on-2011-02-02/	158	by/2011--twittering-on-2011-02-02.md	tweet-digest
2011-02-01	2470	twittering on 2011-02-01	https://www.chesnok.com/daily/2011/02/01/twittering-on-2011-02-01-2/	356	by/2011--twittering-on-2011-02-01-2.md	tweet-digest
2011-02-01	2469	twittering on 2011-02-01	https://www.chesnok.com/daily/2011/02/01/twittering-on-2011-02-01/	356	by/2011--twittering-on-2011-02-01.md	tweet-digest
2011-01-31	2468	twittering on 2011-01-31	https://www.chesnok.com/daily/2011/01/31/twittering-on-2011-01-31/	844	by/2011--twittering-on-2011-01-31.md	tweet-digest
2011-01-31	2467	twittering on 2011-01-31	https://www.chesnok.com/daily/2011/01/31/twittering-on-2011-01-31-2/	844	by/2011--twittering-on-2011-01-31-2.md	tweet-digest
2011-01-30	2465	Weekly tweet digest for 2011-01-30	https://www.chesnok.com/daily/2011/01/30/weekly-tweet-digest-for-2011-01-30/	6323	by/2011--weekly-tweet-digest-for-2011-01-30.md	tweet-digest
2011-01-30	2464	twittering on 2011-01-30	https://www.chesnok.com/daily/2011/01/30/twittering-on-2011-01-30/	1170	by/2011--twittering-on-2011-01-30.md	tweet-digest
2011-01-29	2453	She’s Geeky report Day 2!	https://www.chesnok.com/daily/2011/01/29/shes-geeky-report-day-2/	1161	by/2011--shes-geeky-report-day-2.md	post
2011-01-29	2443	twittering on 2011-01-29	https://www.chesnok.com/daily/2011/01/29/twittering-on-2011-01-29-2/	2395	by/2011--twittering-on-2011-01-29-2.md	tweet-digest
2011-01-29	2442	twittering on 2011-01-29	https://www.chesnok.com/daily/2011/01/29/twittering-on-2011-01-29/	2395	by/2011--twittering-on-2011-01-29.md	tweet-digest
2011-01-29	2441	twittering on 2011-01-29	https://www.chesnok.com/daily/2011/01/29/twittering-on-2011-01-29-3/	2395	by/2011--twittering-on-2011-01-29-3.md	tweet-digest
2011-01-29	2420	She’s geeky: day 1 report	https://www.chesnok.com/daily/2011/01/29/shes-geeky-day-1-report/	2732	by/2011--shes-geeky-day-1-report.md	post
2011-01-28	2440	twittering on 2011-01-28	https://www.chesnok.com/daily/2011/01/28/twittering-on-2011-01-28/	413	by/2011--twittering-on-2011-01-28.md	tweet-digest
2011-01-27	2439	twittering on 2011-01-27	https://www.chesnok.com/daily/2011/01/27/twittering-on-2011-01-27-2/	360	by/2011--twittering-on-2011-01-27-2.md	tweet-digest
2011-01-27	2438	twittering on 2011-01-27	https://www.chesnok.com/daily/2011/01/27/twittering-on-2011-01-27/	360	by/2011--twittering-on-2011-01-27.md	tweet-digest
2011-01-26	2437	twittering on 2011-01-26	https://www.chesnok.com/daily/2011/01/26/twittering-on-2011-01-26/	664	by/2011--twittering-on-2011-01-26.md	tweet-digest
2011-01-25	2436	twittering on 2011-01-25	https://www.chesnok.com/daily/2011/01/25/twittering-on-2011-01-25/	215	by/2011--twittering-on-2011-01-25.md	tweet-digest
2011-01-24	2435	twittering on 2011-01-24	https://www.chesnok.com/daily/2011/01/24/twittering-on-2011-01-24/	790	by/2011--twittering-on-2011-01-24.md	tweet-digest
2011-01-23	2418	Weekly tweet digest for 2011-01-23	https://www.chesnok.com/daily/2011/01/23/weekly-tweet-digest-for-2011-01-23/	1081	by/2011--weekly-tweet-digest-for-2011-01-23.md	tweet-digest
2011-01-23	2397	#PDX11 going strong, and a site update: feeds for mailing lists	https://www.chesnok.com/daily/2011/01/23/pdx11-going-strong-and-a-site-update-feeds-for-mailing-lists/	2144	by/2011--pdx11-going-strong-and-a-site-update-feeds-for-mailing-lists.md	post
2011-01-21	2417	twittering on 2011-01-21	https://www.chesnok.com/daily/2011/01/21/twittering-on-2011-01-21/	407	by/2011--twittering-on-2011-01-21.md	tweet-digest
2011-01-20	2416	twittering on 2011-01-20	https://www.chesnok.com/daily/2011/01/20/twittering-on-2011-01-20/	513	by/2011--twittering-on-2011-01-20.md	tweet-digest
2011-01-19	2415	twittering on 2011-01-19	https://www.chesnok.com/daily/2011/01/19/twittering-on-2011-01-19/	157	by/2011--twittering-on-2011-01-19.md	tweet-digest
2011-01-16	2414	Weekly tweet digest for 2011-01-16	https://www.chesnok.com/daily/2011/01/16/weekly-tweet-digest-for-2011-01-16/	1623	by/2011--weekly-tweet-digest-for-2011-01-16.md	tweet-digest
2011-01-15	2413	twittering on 2011-01-15	https://www.chesnok.com/daily/2011/01/15/twittering-on-2011-01-15/	316	by/2011--twittering-on-2011-01-15.md	tweet-digest
2011-01-14	2412	twittering on 2011-01-14	https://www.chesnok.com/daily/2011/01/14/twittering-on-2011-01-14/	258	by/2011--twittering-on-2011-01-14.md	tweet-digest
2011-01-13	2411	twittering on 2011-01-13	https://www.chesnok.com/daily/2011/01/13/twittering-on-2011-01-13/	444	by/2011--twittering-on-2011-01-13.md	tweet-digest
2011-01-12	2410	twittering on 2011-01-12	https://www.chesnok.com/daily/2011/01/12/twittering-on-2011-01-12/	200	by/2011--twittering-on-2011-01-12.md	tweet-digest
2011-01-11	2409	twittering on 2011-01-11	https://www.chesnok.com/daily/2011/01/11/twittering-on-2011-01-11/	316	by/2011--twittering-on-2011-01-11.md	tweet-digest
2011-01-10	2408	twittering on 2011-01-10	https://www.chesnok.com/daily/2011/01/10/twittering-on-2011-01-10/	79	by/2011--twittering-on-2011-01-10.md	tweet-digest
2011-01-09	2407	Weekly tweet digest for 2011-01-09	https://www.chesnok.com/daily/2011/01/09/weekly-tweet-digest-for-2011-01-09/	1539	by/2011--weekly-tweet-digest-for-2011-01-09.md	tweet-digest
2011-01-09	2406	twittering on 2011-01-09	https://www.chesnok.com/daily/2011/01/09/twittering-on-2011-01-09/	121	by/2011--twittering-on-2011-01-09.md	tweet-digest
2011-01-08	2405	twittering on 2011-01-08	https://www.chesnok.com/daily/2011/01/08/twittering-on-2011-01-08-2/	157	by/2011--twittering-on-2011-01-08-2.md	tweet-digest
2011-01-08	2404	twittering on 2011-01-08	https://www.chesnok.com/daily/2011/01/08/twittering-on-2011-01-08/	157	by/2011--twittering-on-2011-01-08.md	tweet-digest
2011-01-06	2403	twittering on 2011-01-06	https://www.chesnok.com/daily/2011/01/06/twittering-on-2011-01-06/	707	by/2011--twittering-on-2011-01-06.md	tweet-digest
2011-01-05	2401	twittering on 2011-01-05	https://www.chesnok.com/daily/2011/01/05/twittering-on-2011-01-05/	361	by/2011--twittering-on-2011-01-05.md	tweet-digest
2011-01-04	2398	twittering on 2011-01-04	https://www.chesnok.com/daily/2011/01/04/twittering-on-2011-01-04/	185	by/2011--twittering-on-2011-01-04.md	tweet-digest
2011-01-03	2385	2010 retrospective	https://www.chesnok.com/daily/2011/01/03/2010-retrospective/	3974	by/2011--2010-retrospective.md	post
2011-01-02	2384	Weekly tweet digest for 2011-01-02	https://www.chesnok.com/daily/2011/01/02/weekly-tweet-digest-for-2011-01-02/	147	by/2011--weekly-tweet-digest-for-2011-01-02.md	tweet-digest
2010-12-31	2383	twittering on 2010-12-31	https://www.chesnok.com/daily/2010/12/31/twittering-on-2010-12-31/	147	by/2010--twittering-on-2010-12-31.md	tweet-digest
2010-12-19	2382	Weekly tweet digest for 2010-12-19	https://www.chesnok.com/daily/2010/12/19/weekly-tweet-digest-for-2010-12-19/	1771	by/2010--weekly-tweet-digest-for-2010-12-19.md	tweet-digest
2010-12-19	2381	twittering on 2010-12-19	https://www.chesnok.com/daily/2010/12/19/twittering-on-2010-12-19/	98	by/2010--twittering-on-2010-12-19.md	tweet-digest
2010-12-17	2377	twittering on 2010-12-17	https://www.chesnok.com/daily/2010/12/17/twittering-on-2010-12-17/	414	by/2010--twittering-on-2010-12-17.md	tweet-digest
2010-12-16	2378	Vacation, Dec 18-Jan 3	https://www.chesnok.com/daily/2010/12/16/vacation-dec-18-jan-3/	898	by/2010--vacation-dec-18-jan-3.md	post
2010-12-16	2376	twittering on 2010-12-16	https://www.chesnok.com/daily/2010/12/16/twittering-on-2010-12-16/	224	by/2010--twittering-on-2010-12-16.md	tweet-digest
2010-12-15	2375	twittering on 2010-12-15	https://www.chesnok.com/daily/2010/12/15/twittering-on-2010-12-15/	455	by/2010--twittering-on-2010-12-15.md	tweet-digest
2010-12-14	2374	twittering on 2010-12-14	https://www.chesnok.com/daily/2010/12/14/twittering-on-2010-12-14/	572	by/2010--twittering-on-2010-12-14.md	tweet-digest
2010-12-12	2373	Weekly tweet digest for 2010-12-12	https://www.chesnok.com/daily/2010/12/12/weekly-tweet-digest-for-2010-12-12/	4379	by/2010--weekly-tweet-digest-for-2010-12-12.md	tweet-digest
2010-12-12	2372	twittering on 2010-12-12	https://www.chesnok.com/daily/2010/12/12/twittering-on-2010-12-12/	336	by/2010--twittering-on-2010-12-12.md	tweet-digest
2010-12-11	2371	twittering on 2010-12-11	https://www.chesnok.com/daily/2010/12/11/twittering-on-2010-12-11/	766	by/2010--twittering-on-2010-12-11.md	tweet-digest
2010-12-10	2368	twittering on 2010-12-10	https://www.chesnok.com/daily/2010/12/10/twittering-on-2010-12-10/	273	by/2010--twittering-on-2010-12-10.md	tweet-digest
2010-12-09	2367	twittering on 2010-12-09	https://www.chesnok.com/daily/2010/12/09/twittering-on-2010-12-09/	958	by/2010--twittering-on-2010-12-09.md	tweet-digest
2010-12-08	2357	twittering on 2010-12-08	https://www.chesnok.com/daily/2010/12/08/twittering-on-2010-12-08/	643	by/2010--twittering-on-2010-12-08.md	tweet-digest
2010-12-08	2346	#PDX11: Conversation about VC, investing and trends in the Portland	https://www.chesnok.com/daily/2010/12/08/pdx11-conversation-about-vc-investing-and-trends-in-the-portland/	2245	by/2010--pdx11-conversation-about-vc-investing-and-trends-in-the-port.md	post
2010-12-07	2352	twittering on 2010-12-07	https://www.chesnok.com/daily/2010/12/07/twittering-on-2010-12-07/	642	by/2010--twittering-on-2010-12-07.md	tweet-digest
2010-12-06	2349	twittering on 2010-12-06	https://www.chesnok.com/daily/2010/12/06/twittering-on-2010-12-06/	749	by/2010--twittering-on-2010-12-06.md	tweet-digest
2010-12-05	2342	#PDX11: Community as competitive advantage	https://www.chesnok.com/daily/2010/12/05/pdx11-community-as-competitive-advantage/	651	by/2010--pdx11-community-as-competitive-advantage.md	post
2010-12-05	2338	Weekly tweet digest for 2010-12-05	https://www.chesnok.com/daily/2010/12/05/weekly-tweet-digest-for-2010-12-05-2/	20178	by/2010--weekly-tweet-digest-for-2010-12-05-2.md	tweet-digest
2010-12-05	2337	twittering on 2010-12-05	https://www.chesnok.com/daily/2010/12/05/twittering-on-2010-12-05-2/	3527	by/2010--twittering-on-2010-12-05-2.md	tweet-digest
2010-12-05	2336	Weekly tweet digest for 2010-12-05	https://www.chesnok.com/daily/2010/12/05/weekly-tweet-digest-for-2010-12-05/	20178	by/2010--weekly-tweet-digest-for-2010-12-05.md	tweet-digest
2010-12-05	2335	twittering on 2010-12-05	https://www.chesnok.com/daily/2010/12/05/twittering-on-2010-12-05/	3527	by/2010--twittering-on-2010-12-05.md	tweet-digest
2010-12-05	2319	#PDX11: Mayor Sam Adams’ intro to the software summit	https://www.chesnok.com/daily/2010/12/05/pdx11-mayor-sam-adams-intro-to-the-software-summit/	336	by/2010--pdx11-mayor-sam-adams-intro-to-the-software-summit.md	post
2010-12-04	2324	Open Data Hackathon Day: ScraperWiki views	https://www.chesnok.com/daily/2010/12/04/open-data-hackathon-day-scraperwiki-views/	1115	by/2010--open-data-hackathon-day-scraperwiki-views.md	post
2010-12-04	2317	twittering on 2010-12-04	https://www.chesnok.com/daily/2010/12/04/twittering-on-2010-12-04/	494	by/2010--twittering-on-2010-12-04.md	tweet-digest
2010-12-04	2287	Open Data Hackathon Day: Oregon Business License Registry	https://www.chesnok.com/daily/2010/12/04/open-data-hackathon-day-oregon-business-license-registry/	2109	by/2010--open-data-hackathon-day-oregon-business-license-registry.md	post
2010-12-03	2314	Tweeted notes from City Hall meeting	https://www.chesnok.com/daily/2010/12/03/tweeted-notes-from-city-hall-meeting/	14870	by/2010--tweeted-notes-from-city-hall-meeting.md	post
2010-12-03	2304	twittering on 2010-12-03	https://www.chesnok.com/daily/2010/12/03/twittering-on-2010-12-03/	14870	by/2010--twittering-on-2010-12-03.md	tweet-digest
2010-12-02	2294	#PDX11: The software summit wrapup	https://www.chesnok.com/daily/2010/12/02/pdx11-the-software-summit-wrapup/	2525	by/2010--pdx11-the-software-summit-wrapup.md	post
2010-12-02	2289	#PDX11: It’s alive!	https://www.chesnok.com/daily/2010/12/02/pdx11-its-alive/	885	by/2010--pdx11-its-alive.md	post
2010-12-02	2285	twittering on 2010-12-02	https://www.chesnok.com/daily/2010/12/02/twittering-on-2010-12-02/	519	by/2010--twittering-on-2010-12-02.md	tweet-digest
2010-12-02	2282	Looking for a few good OPML files!	https://www.chesnok.com/daily/2010/12/02/looking-for-a-few-good-opml-files/	927	by/2010--looking-for-a-few-good-opml-files.md	post
2010-12-01	2284	twittering on 2010-12-01	https://www.chesnok.com/daily/2010/12/01/twittering-on-2010-12-01/	432	by/2010--twittering-on-2010-12-01.md	tweet-digest
2010-11-30	2283	twittering on 2010-11-30	https://www.chesnok.com/daily/2010/11/30/twittering-on-2010-11-30/	326	by/2010--twittering-on-2010-11-30.md	tweet-digest
2010-11-28	2280	Weekly tweet digest for 2010-11-28	https://www.chesnok.com/daily/2010/11/28/weekly-tweet-digest-for-2010-11-28/	1563	by/2010--weekly-tweet-digest-for-2010-11-28.md	tweet-digest
2010-11-26	2279	twittering on 2010-11-26	https://www.chesnok.com/daily/2010/11/26/twittering-on-2010-11-26/	347	by/2010--twittering-on-2010-11-26.md	tweet-digest
2010-11-25	2278	twittering on 2010-11-25	https://www.chesnok.com/daily/2010/11/25/twittering-on-2010-11-25/	301	by/2010--twittering-on-2010-11-25.md	tweet-digest
2010-11-24	2277	twittering on 2010-11-24	https://www.chesnok.com/daily/2010/11/24/twittering-on-2010-11-24/	408	by/2010--twittering-on-2010-11-24.md	tweet-digest
2010-11-23	2276	twittering on 2010-11-23	https://www.chesnok.com/daily/2010/11/23/twittering-on-2010-11-23/	501	by/2010--twittering-on-2010-11-23.md	tweet-digest
2010-11-21	2275	Weekly tweet digest for 2010-11-21	https://www.chesnok.com/daily/2010/11/21/weekly-tweet-digest-for-2010-11-21-2/	2101	by/2010--weekly-tweet-digest-for-2010-11-21-2.md	tweet-digest
2010-11-21	2274	Weekly tweet digest for 2010-11-21	https://www.chesnok.com/daily/2010/11/21/weekly-tweet-digest-for-2010-11-21/	2101	by/2010--weekly-tweet-digest-for-2010-11-21.md	tweet-digest
2010-11-20	2273	twittering on 2010-11-20	https://www.chesnok.com/daily/2010/11/20/twittering-on-2010-11-20/	208	by/2010--twittering-on-2010-11-20.md	tweet-digest
2010-11-19	2272	twittering on 2010-11-19	https://www.chesnok.com/daily/2010/11/19/twittering-on-2010-11-19/	455	by/2010--twittering-on-2010-11-19.md	tweet-digest
2010-11-18	2271	twittering on 2010-11-18	https://www.chesnok.com/daily/2010/11/18/twittering-on-2010-11-18-2/	625	by/2010--twittering-on-2010-11-18-2.md	tweet-digest
2010-11-18	2270	twittering on 2010-11-18	https://www.chesnok.com/daily/2010/11/18/twittering-on-2010-11-18/	625	by/2010--twittering-on-2010-11-18.md	tweet-digest
2010-11-17	2269	twittering on 2010-11-17	https://www.chesnok.com/daily/2010/11/17/twittering-on-2010-11-17/	198	by/2010--twittering-on-2010-11-17.md	tweet-digest
2010-11-16	2268	twittering on 2010-11-16	https://www.chesnok.com/daily/2010/11/16/twittering-on-2010-11-16/	607	by/2010--twittering-on-2010-11-16.md	tweet-digest
2010-11-14	2267	Weekly tweet digest for 2010-11-14	https://www.chesnok.com/daily/2010/11/14/weekly-tweet-digest-for-2010-11-14/	2883	by/2010--weekly-tweet-digest-for-2010-11-14.md	tweet-digest
2010-11-14	2266	twittering on 2010-11-14	https://www.chesnok.com/daily/2010/11/14/twittering-on-2010-11-14/	157	by/2010--twittering-on-2010-11-14.md	tweet-digest
2010-11-13	2265	twittering on 2010-11-13	https://www.chesnok.com/daily/2010/11/13/twittering-on-2010-11-13/	296	by/2010--twittering-on-2010-11-13.md	tweet-digest
2010-11-12	2261	twittering on 2010-11-12	https://www.chesnok.com/daily/2010/11/12/twittering-on-2010-11-12/	1115	by/2010--twittering-on-2010-11-12.md	tweet-digest
2010-11-11	2258	twittering on 2010-11-11	https://www.chesnok.com/daily/2010/11/11/twittering-on-2010-11-11-2/	274	by/2010--twittering-on-2010-11-11-2.md	tweet-digest
2010-11-11	2257	twittering on 2010-11-11	https://www.chesnok.com/daily/2010/11/11/twittering-on-2010-11-11/	274	by/2010--twittering-on-2010-11-11.md	tweet-digest
2010-11-10	2231	#PDX11: Turning things up a notch for Portland’s “software cluster”	https://www.chesnok.com/daily/2010/11/10/pdx11/	4287	by/2010--pdx11.md	post
2010-11-10	2230	twittering on 2010-11-10	https://www.chesnok.com/daily/2010/11/10/twittering-on-2010-11-10/	322	by/2010--twittering-on-2010-11-10.md	tweet-digest
2010-11-09	2209	It’s not just Noirin.	https://www.chesnok.com/daily/2010/11/09/its-not-just-noirin/	3745	by/2010--its-not-just-noirin.md	post
2010-11-09	2208	twittering on 2010-11-09	https://www.chesnok.com/daily/2010/11/09/twittering-on-2010-11-09/	485	by/2010--twittering-on-2010-11-09.md	tweet-digest
2010-11-07	2206	Weekly tweet digest for 2010-11-07	https://www.chesnok.com/daily/2010/11/07/weekly-tweet-digest-for-2010-11-07/	3317	by/2010--weekly-tweet-digest-for-2010-11-07.md	tweet-digest
2010-11-07	2205	twittering on 2010-11-07	https://www.chesnok.com/daily/2010/11/07/twittering-on-2010-11-07/	567	by/2010--twittering-on-2010-11-07.md	tweet-digest
2010-11-06	2204	twittering on 2010-11-06	https://www.chesnok.com/daily/2010/11/06/twittering-on-2010-11-06/	330	by/2010--twittering-on-2010-11-06.md	tweet-digest
2010-11-05	2203	twittering on 2010-11-05	https://www.chesnok.com/daily/2010/11/05/twittering-on-2010-11-05/	759	by/2010--twittering-on-2010-11-05.md	tweet-digest
2010-11-04	2202	twittering on 2010-11-04	https://www.chesnok.com/daily/2010/11/04/twittering-on-2010-11-04/	890	by/2010--twittering-on-2010-11-04.md	tweet-digest
2010-11-03	2201	twittering on 2010-11-03	https://www.chesnok.com/daily/2010/11/03/twittering-on-2010-11-03/	340	by/2010--twittering-on-2010-11-03.md	tweet-digest
2010-11-02	2200	twittering on 2010-11-02	https://www.chesnok.com/daily/2010/11/02/twittering-on-2010-11-02/	421	by/2010--twittering-on-2010-11-02.md	tweet-digest
2010-10-31	2199	Weekly tweet digest for 2010-10-31	https://www.chesnok.com/daily/2010/10/31/weekly-tweet-digest-for-2010-10-31/	2032	by/2010--weekly-tweet-digest-for-2010-10-31.md	tweet-digest
2010-10-30	2198	twittering on 2010-10-30	https://www.chesnok.com/daily/2010/10/30/twittering-on-2010-10-30/	82	by/2010--twittering-on-2010-10-30.md	tweet-digest
2010-10-29	2197	twittering on 2010-10-29	https://www.chesnok.com/daily/2010/10/29/twittering-on-2010-10-29/	276	by/2010--twittering-on-2010-10-29.md	tweet-digest
2010-10-28	2196	twittering on 2010-10-28	https://www.chesnok.com/daily/2010/10/28/twittering-on-2010-10-28/	394	by/2010--twittering-on-2010-10-28.md	tweet-digest
2010-10-27	2195	twittering on 2010-10-27	https://www.chesnok.com/daily/2010/10/27/twittering-on-2010-10-27/	291	by/2010--twittering-on-2010-10-27.md	tweet-digest
2010-10-25	2194	twittering on 2010-10-25	https://www.chesnok.com/daily/2010/10/25/twittering-on-2010-10-25/	981	by/2010--twittering-on-2010-10-25.md	tweet-digest
2010-10-24	2193	Weekly tweet digest for 2010-10-24	https://www.chesnok.com/daily/2010/10/24/weekly-tweet-digest-for-2010-10-24/	3730	by/2010--weekly-tweet-digest-for-2010-10-24.md	tweet-digest
2010-10-24	2192	twittering on 2010-10-24	https://www.chesnok.com/daily/2010/10/24/twittering-on-2010-10-24/	1298	by/2010--twittering-on-2010-10-24.md	tweet-digest
2010-10-23	2183	GSoC Mentor Summit: Day 1	https://www.chesnok.com/daily/2010/10/23/gsoc-mentor-summit-day-1/	3617	by/2010--gsoc-mentor-summit-day-1.md	post
2010-10-23	2181	twittering on 2010-10-23	https://www.chesnok.com/daily/2010/10/23/twittering-on-2010-10-23/	620	by/2010--twittering-on-2010-10-23.md	tweet-digest
2010-10-22	2180	twittering on 2010-10-22	https://www.chesnok.com/daily/2010/10/22/twittering-on-2010-10-22/	350	by/2010--twittering-on-2010-10-22.md	tweet-digest
2010-10-21	2179	twittering on 2010-10-21	https://www.chesnok.com/daily/2010/10/21/twittering-on-2010-10-21-2/	211	by/2010--twittering-on-2010-10-21-2.md	tweet-digest
2010-10-21	2178	twittering on 2010-10-21	https://www.chesnok.com/daily/2010/10/21/twittering-on-2010-10-21/	211	by/2010--twittering-on-2010-10-21.md	tweet-digest
2010-10-20	2177	twittering on 2010-10-20	https://www.chesnok.com/daily/2010/10/20/twittering-on-2010-10-20/	1012	by/2010--twittering-on-2010-10-20.md	tweet-digest
2010-10-19	2176	twittering on 2010-10-19	https://www.chesnok.com/daily/2010/10/19/twittering-on-2010-10-19/	229	by/2010--twittering-on-2010-10-19.md	tweet-digest
2010-10-17	2175	Weekly tweet digest for 2010-10-17	https://www.chesnok.com/daily/2010/10/17/weekly-tweet-digest-for-2010-10-17/	1001	by/2010--weekly-tweet-digest-for-2010-10-17.md	tweet-digest
2010-10-16	2174	twittering on 2010-10-16	https://www.chesnok.com/daily/2010/10/16/twittering-on-2010-10-16/	110	by/2010--twittering-on-2010-10-16.md	tweet-digest
2010-10-15	2173	twittering on 2010-10-15	https://www.chesnok.com/daily/2010/10/15/twittering-on-2010-10-15/	570	by/2010--twittering-on-2010-10-15.md	tweet-digest
2010-10-12	2169	twittering on 2010-10-12	https://www.chesnok.com/daily/2010/10/12/twittering-on-2010-10-12-2/	317	by/2010--twittering-on-2010-10-12-2.md	tweet-digest
2010-10-12	2168	twittering on 2010-10-12	https://www.chesnok.com/daily/2010/10/12/twittering-on-2010-10-12/	317	by/2010--twittering-on-2010-10-12.md	tweet-digest
2010-10-11	1906	Thoughts on PostgreSQL 9.0 release	https://www.chesnok.com/daily/2010/10/11/thoughts-on-9-0-release/	1303	by/2010--thoughts-on-9-0-release.md	post
2010-10-10	2161	Weekly tweet digest for 2010-10-10	https://www.chesnok.com/daily/2010/10/10/weekly-tweet-digest-for-2010-10-10/	2069	by/2010--weekly-tweet-digest-for-2010-10-10.md	tweet-digest
2010-10-10	2160	twittering on 2010-10-10	https://www.chesnok.com/daily/2010/10/10/twittering-on-2010-10-10/	277	by/2010--twittering-on-2010-10-10.md	tweet-digest
2010-10-09	2159	twittering on 2010-10-09	https://www.chesnok.com/daily/2010/10/09/twittering-on-2010-10-09/	238	by/2010--twittering-on-2010-10-09.md	tweet-digest
2010-10-08	2154	twittering on 2010-10-08	https://www.chesnok.com/daily/2010/10/08/twittering-on-2010-10-08/	858	by/2010--twittering-on-2010-10-08.md	tweet-digest
2010-10-08	2034	The problems with copyright re-assignment	https://www.chesnok.com/daily/2010/10/08/the-problems-with-copyright-re-assignment/	3075	by/2010--the-problems-with-copyright-re-assignment.md	post
2010-10-07	2135	twittering on 2010-10-07	https://www.chesnok.com/daily/2010/10/07/twittering-on-2010-10-07/	491	by/2010--twittering-on-2010-10-07.md	tweet-digest
2010-10-07	1684	Training lessons learned: Code dojo, whiteboards, interactivity	https://www.chesnok.com/daily/2010/10/07/training-lessons-learned-code-dojo-whiteboards-interactivity/	3359	by/2010--training-lessons-learned-code-dojo-whiteboards-interactivity.md	post
2010-10-06	2118	PostgreSQL at MySQL Users’ Conference 2011	https://www.chesnok.com/daily/2010/10/06/postgresql-at-mysql-users-conference-2011/	2080	by/2010--postgresql-at-mysql-users-conference-2011.md	post
2010-10-06	2115	twittering on 2010-10-06	https://www.chesnok.com/daily/2010/10/06/twittering-on-2010-10-06/	197	by/2010--twittering-on-2010-10-06.md	tweet-digest
2010-10-05	2096	PostgreSQL 9.0.1 released, includes security fix & maintenance releases for 6 other versions	https://www.chesnok.com/daily/2010/10/05/postgresql-9-0-1-released-includes-security-fix-maintenance-releases-for-6-other-versions/	4600	by/2010--postgresql-9-0-1-released-includes-security-fix-maintenance-.md	post
2010-10-03	2094	Weekly tweet digest for 2010-10-03	https://www.chesnok.com/daily/2010/10/03/weekly-tweet-digest-for-2010-10-03/	8776	by/2010--weekly-tweet-digest-for-2010-10-03.md	tweet-digest
2010-10-03	2093	twittering on 2010-10-03	https://www.chesnok.com/daily/2010/10/03/twittering-on-2010-10-03/	149	by/2010--twittering-on-2010-10-03.md	tweet-digest
2010-10-02	2092	twittering on 2010-10-02	https://www.chesnok.com/daily/2010/10/02/twittering-on-2010-10-02/	2603	by/2010--twittering-on-2010-10-02.md	tweet-digest
2010-10-01	2085	Thoughts on Grace Hopper	https://www.chesnok.com/daily/2010/10/01/thoughts-on-grace-hopper/	2619	by/2010--thoughts-on-grace-hopper.md	post
2010-10-01	2083	twittering on 2010-10-01	https://www.chesnok.com/daily/2010/10/01/twittering-on-2010-10-01/	5135	by/2010--twittering-on-2010-10-01.md	tweet-digest
2010-09-30	2061	twittering on 2010-09-30	https://www.chesnok.com/daily/2010/09/30/twittering-on-2010-09-30/	153	by/2010--twittering-on-2010-09-30.md	tweet-digest
2010-09-30	2059	Custom aggregates: a couple tips and ORDER BY in 9.0	https://www.chesnok.com/daily/2010/09/30/custom-aggregates-a-couple-tips-and-order-by-in-9-0/	5999	by/2010--custom-aggregates-a-couple-tips-and-order-by-in-9-0.md	post
2010-09-29	2058	twittering on 2010-09-29	https://www.chesnok.com/daily/2010/09/29/twittering-on-2010-09-29/	119	by/2010--twittering-on-2010-09-29.md	tweet-digest
2010-09-28	2057	twittering on 2010-09-28	https://www.chesnok.com/daily/2010/09/28/twittering-on-2010-09-28/	381	by/2010--twittering-on-2010-09-28.md	tweet-digest
2010-09-28	2056	twittering on 2010-09-28	https://www.chesnok.com/daily/2010/09/28/twittering-on-2010-09-28-2/	381	by/2010--twittering-on-2010-09-28-2.md	tweet-digest
2010-09-27	2035	Last week: to Maine for a wedding	https://www.chesnok.com/daily/2010/09/27/last-week-to-maine-for-a-wedding/	782	by/2010--last-week-to-maine-for-a-wedding.md	post
2010-09-27	2033	twittering on 2010-09-27	https://www.chesnok.com/daily/2010/09/27/twittering-on-2010-09-27-2/	224	by/2010--twittering-on-2010-09-27-2.md	tweet-digest
2010-09-27	2032	twittering on 2010-09-27	https://www.chesnok.com/daily/2010/09/27/twittering-on-2010-09-27/	224	by/2010--twittering-on-2010-09-27.md	tweet-digest
2010-09-26	2031	Weekly tweet digest for 2010-09-26	https://www.chesnok.com/daily/2010/09/26/weekly-tweet-digest-for-2010-09-26/	853	by/2010--weekly-tweet-digest-for-2010-09-26.md	tweet-digest
2010-09-22	2030	twittering on 2010-09-22	https://www.chesnok.com/daily/2010/09/22/twittering-on-2010-09-22/	142	by/2010--twittering-on-2010-09-22.md	tweet-digest
2010-09-21	2015	twittering on 2010-09-21	https://www.chesnok.com/daily/2010/09/21/twittering-on-2010-09-21-2/	522	by/2010--twittering-on-2010-09-21-2.md	tweet-digest
2010-09-21	2014	twittering on 2010-09-21	https://www.chesnok.com/daily/2010/09/21/twittering-on-2010-09-21/	522	by/2010--twittering-on-2010-09-21.md	tweet-digest
2010-09-21	1997	PostgreSQL 9.0: contributions!	https://www.chesnok.com/daily/2010/09/21/postgresql-9-0-contributions/	2569	by/2010--postgresql-9-0-contributions.md	post
2010-09-20	1992	PostgreSQL 9.0 media coverage roundup	https://www.chesnok.com/daily/2010/09/20/postgresql-9-0-media-coverage-roundup/	1709	by/2010--postgresql-9-0-media-coverage-roundup.md	post
2010-09-19	1991	Weekly tweet digest for 2010-09-19	https://www.chesnok.com/daily/2010/09/19/weekly-tweet-digest-for-2010-09-19/	2439	by/2010--weekly-tweet-digest-for-2010-09-19.md	tweet-digest
2010-09-19	1990	twittering on 2010-09-19	https://www.chesnok.com/daily/2010/09/19/twittering-on-2010-09-19/	382	by/2010--twittering-on-2010-09-19.md	tweet-digest
2010-09-17	1989	twittering on 2010-09-17	https://www.chesnok.com/daily/2010/09/17/twittering-on-2010-09-17/	1327	by/2010--twittering-on-2010-09-17.md	tweet-digest
2010-09-15	1988	twittering on 2010-09-15	https://www.chesnok.com/daily/2010/09/15/twittering-on-2010-09-15/	252	by/2010--twittering-on-2010-09-15.md	tweet-digest
2010-09-14	1987	twittering on 2010-09-14	https://www.chesnok.com/daily/2010/09/14/twittering-on-2010-09-14/	395	by/2010--twittering-on-2010-09-14.md	tweet-digest
2010-09-13	1986	twittering on 2010-09-13	https://www.chesnok.com/daily/2010/09/13/twittering-on-2010-09-13/	75	by/2010--twittering-on-2010-09-13.md	tweet-digest
2010-09-12	1985	Weekly tweet digest for 2010-09-12	https://www.chesnok.com/daily/2010/09/12/weekly-tweet-digest-for-2010-09-12/	2159	by/2010--weekly-tweet-digest-for-2010-09-12.md	tweet-digest
2010-09-12	1984	twittering on 2010-09-12	https://www.chesnok.com/daily/2010/09/12/twittering-on-2010-09-12/	307	by/2010--twittering-on-2010-09-12.md	tweet-digest
2010-09-11	1951	CouchCamp 2010: yay!	https://www.chesnok.com/daily/2010/09/11/couchcamp-2010-yay/	4419	by/2010--couchcamp-2010-yay.md	post
2010-09-11	1950	twittering on 2010-09-11	https://www.chesnok.com/daily/2010/09/11/twittering-on-2010-09-11/	653	by/2010--twittering-on-2010-09-11.md	tweet-digest
2010-09-10	1949	twittering on 2010-09-10	https://www.chesnok.com/daily/2010/09/10/twittering-on-2010-09-10/	563	by/2010--twittering-on-2010-09-10.md	tweet-digest
2010-09-09	1947	twittering on 2010-09-09	https://www.chesnok.com/daily/2010/09/09/twittering-on-2010-09-09/	413	by/2010--twittering-on-2010-09-09.md	tweet-digest
2010-09-07	1946	twittering on 2010-09-07	https://www.chesnok.com/daily/2010/09/07/twittering-on-2010-09-07/	63	by/2010--twittering-on-2010-09-07.md	tweet-digest
2010-09-06	1945	twittering on 2010-09-06	https://www.chesnok.com/daily/2010/09/06/twittering-on-2010-09-06/	150	by/2010--twittering-on-2010-09-06.md	tweet-digest
2010-09-05	1944	Weekly tweet digest for 2010-09-05	https://www.chesnok.com/daily/2010/09/05/weekly-tweet-digest-for-2010-09-05-2/	2407	by/2010--weekly-tweet-digest-for-2010-09-05-2.md	tweet-digest
2010-09-05	1943	Weekly tweet digest for 2010-09-05	https://www.chesnok.com/daily/2010/09/05/weekly-tweet-digest-for-2010-09-05/	2407	by/2010--weekly-tweet-digest-for-2010-09-05.md	tweet-digest
2010-09-04	1940	twittering on 2010-09-04	https://www.chesnok.com/daily/2010/09/04/twittering-on-2010-09-04/	428	by/2010--twittering-on-2010-09-04.md	tweet-digest
2010-09-03	1938	twittering on 2010-09-03	https://www.chesnok.com/daily/2010/09/03/twittering-on-2010-09-03/	185	by/2010--twittering-on-2010-09-03.md	tweet-digest
2010-09-03	1928	Background reading: Locking (1970)	https://www.chesnok.com/daily/2010/09/03/background-reading-locking-1970/	1308	by/2010--background-reading-locking-1970.md	post
2010-09-02	1926	twittering on 2010-09-02	https://www.chesnok.com/daily/2010/09/02/twittering-on-2010-09-02/	375	by/2010--twittering-on-2010-09-02.md	tweet-digest
2010-09-01	1921	Explaining MVCC in Postgres: system defined columns	https://www.chesnok.com/daily/2010/09/01/explaining-mvcc-in-postgres-system-defined-columns/	763	by/2010--explaining-mvcc-in-postgres-system-defined-columns.md	post
2010-09-01	1920	twittering on 2010-09-01	https://www.chesnok.com/daily/2010/09/01/twittering-on-2010-09-01/	1158	by/2010--twittering-on-2010-09-01.md	tweet-digest
2010-08-31	1918	twittering on 2010-08-31	https://www.chesnok.com/daily/2010/08/31/twittering-on-2010-08-31/	253	by/2010--twittering-on-2010-08-31.md	tweet-digest
2010-08-30	1901	Variable substitution with psql	https://www.chesnok.com/daily/2010/08/30/variable-substitution-with-psql/	805	by/2010--variable-substitution-with-psql.md	post
2010-08-29	1911	Weekly tweet digest for 2010-08-29	https://www.chesnok.com/daily/2010/08/29/weekly-tweet-digest-for-2010-08-29/	1227	by/2010--weekly-tweet-digest-for-2010-08-29.md	tweet-digest
2010-08-29	1887	Using logger with pg_standby	https://www.chesnok.com/daily/2010/08/29/using-logger-with-pg_standby/	545	by/2010--using-logger-with-pg-standby.md	post
2010-08-28	1898	twittering on 2010-08-28	https://www.chesnok.com/daily/2010/08/28/twittering-on-2010-08-28/	213	by/2010--twittering-on-2010-08-28.md	tweet-digest
2010-08-28	1889	Online aggregation paper from 1997 and PSU’s database reading group	https://www.chesnok.com/daily/2010/08/28/online-aggregation-paper-from-1997-and-psus-database-reading-grouop/	3045	by/2010--online-aggregation-paper-from-1997-and-psus-database-reading.md	post
2010-08-27	1897	twittering on 2010-08-27	https://www.chesnok.com/daily/2010/08/27/twittering-on-2010-08-27/	636	by/2010--twittering-on-2010-08-27.md	tweet-digest
2010-08-26	1896	twittering on 2010-08-26	https://www.chesnok.com/daily/2010/08/26/twittering-on-2010-08-26/	231	by/2010--twittering-on-2010-08-26.md	tweet-digest
2010-08-23	1895	twittering on 2010-08-23	https://www.chesnok.com/daily/2010/08/23/twittering-on-2010-08-23/	141	by/2010--twittering-on-2010-08-23.md	tweet-digest
2010-08-22	1894	Weekly tweet digest for 2010-08-22	https://www.chesnok.com/daily/2010/08/22/weekly-tweet-digest-for-2010-08-22/	1850	by/2010--weekly-tweet-digest-for-2010-08-22.md	tweet-digest
2010-08-20	1891	twittering on 2010-08-20	https://www.chesnok.com/daily/2010/08/20/twittering-on-2010-08-20/	1059	by/2010--twittering-on-2010-08-20.md	tweet-digest
2010-08-20	1890	twittering on 2010-08-20	https://www.chesnok.com/daily/2010/08/20/twittering-on-2010-08-20-2/	1059	by/2010--twittering-on-2010-08-20-2.md	tweet-digest
2010-08-19	1886	twittering on 2010-08-19	https://www.chesnok.com/daily/2010/08/19/twittering-on-2010-08-19/	381	by/2010--twittering-on-2010-08-19.md	tweet-digest
2010-08-18	1885	twittering on 2010-08-18	https://www.chesnok.com/daily/2010/08/18/twittering-on-2010-08-18/	283	by/2010--twittering-on-2010-08-18.md	tweet-digest
2010-08-17	1884	twittering on 2010-08-17	https://www.chesnok.com/daily/2010/08/17/twittering-on-2010-08-17/	121	by/2010--twittering-on-2010-08-17.md	tweet-digest
2010-08-15	1883	Weekly tweet digest for 2010-08-15	https://www.chesnok.com/daily/2010/08/15/weekly-tweet-digest-for-2010-08-15/	1792	by/2010--weekly-tweet-digest-for-2010-08-15.md	tweet-digest
2010-08-15	1882	twittering on 2010-08-15	https://www.chesnok.com/daily/2010/08/15/twittering-on-2010-08-15/	117	by/2010--twittering-on-2010-08-15.md	tweet-digest
2010-08-12	1881	twittering on 2010-08-12	https://www.chesnok.com/daily/2010/08/12/twittering-on-2010-08-12/	425	by/2010--twittering-on-2010-08-12.md	tweet-digest
2010-08-11	1880	twittering on 2010-08-11	https://www.chesnok.com/daily/2010/08/11/twittering-on-2010-08-11/	308	by/2010--twittering-on-2010-08-11.md	tweet-digest
2010-08-09	1879	twittering on 2010-08-09	https://www.chesnok.com/daily/2010/08/09/twittering-on-2010-08-09/	936	by/2010--twittering-on-2010-08-09.md	tweet-digest
2010-08-08	1875	Weekly tweet digest for 2010-08-08	https://www.chesnok.com/daily/2010/08/08/weekly-tweet-digest-for-2010-08-08/	916	by/2010--weekly-tweet-digest-for-2010-08-08.md	tweet-digest
2010-08-07	1874	twittering on 2010-08-07	https://www.chesnok.com/daily/2010/08/07/twittering-on-2010-08-07/	162	by/2010--twittering-on-2010-08-07.md	tweet-digest
2010-08-05	1873	twittering on 2010-08-05	https://www.chesnok.com/daily/2010/08/05/twittering-on-2010-08-05/	344	by/2010--twittering-on-2010-08-05.md	tweet-digest
2010-08-04	1872	twittering on 2010-08-04	https://www.chesnok.com/daily/2010/08/04/twittering-on-2010-08-04/	185	by/2010--twittering-on-2010-08-04.md	tweet-digest
2010-08-03	1862	Customizing the RPMs from pgrpms.org	https://www.chesnok.com/daily/2010/08/03/customizing-the-rpms-from-pgrpms-org/	2270	by/2010--customizing-the-rpms-from-pgrpms-org.md	post
2010-08-02	1861	twittering on 2010-08-02	https://www.chesnok.com/daily/2010/08/02/twittering-on-2010-08-02/	219	by/2010--twittering-on-2010-08-02.md	tweet-digest
2010-08-01	1860	Weekly tweet digest for 2010-08-01	https://www.chesnok.com/daily/2010/08/01/weekly-tweet-digest-for-2010-08-01/	1300	by/2010--weekly-tweet-digest-for-2010-08-01.md	tweet-digest
2010-08-01	1859	twittering on 2010-08-01	https://www.chesnok.com/daily/2010/08/01/twittering-on-2010-08-01/	291	by/2010--twittering-on-2010-08-01.md	tweet-digest
2010-07-31	1857	twittering on 2010-07-31	https://www.chesnok.com/daily/2010/07/31/twittering-on-2010-07-31/	340	by/2010--twittering-on-2010-07-31.md	tweet-digest
2010-07-29	1856	twittering on 2010-07-29	https://www.chesnok.com/daily/2010/07/29/twittering-on-2010-07-29/	513	by/2010--twittering-on-2010-07-29.md	tweet-digest
2010-07-28	1855	twittering on 2010-07-28	https://www.chesnok.com/daily/2010/07/28/twittering-on-2010-07-28/	150	by/2010--twittering-on-2010-07-28.md	tweet-digest
2010-07-25	1854	Weekly tweet digest for 2010-07-25	https://www.chesnok.com/daily/2010/07/25/weekly-tweet-digest-for-2010-07-25/	4937	by/2010--weekly-tweet-digest-for-2010-07-25.md	tweet-digest
2010-07-25	1853	twittering on 2010-07-25	https://www.chesnok.com/daily/2010/07/25/twittering-on-2010-07-25/	553	by/2010--twittering-on-2010-07-25.md	tweet-digest
2010-07-24	1852	twittering on 2010-07-24	https://www.chesnok.com/daily/2010/07/24/twittering-on-2010-07-24/	529	by/2010--twittering-on-2010-07-24.md	tweet-digest
2010-07-23	1851	twittering on 2010-07-23	https://www.chesnok.com/daily/2010/07/23/twittering-on-2010-07-23/	386	by/2010--twittering-on-2010-07-23.md	tweet-digest
2010-07-22	1850	twittering on 2010-07-22	https://www.chesnok.com/daily/2010/07/22/twittering-on-2010-07-22/	767	by/2010--twittering-on-2010-07-22.md	tweet-digest
2010-07-21	1849	twittering on 2010-07-21	https://www.chesnok.com/daily/2010/07/21/twittering-on-2010-07-21/	2065	by/2010--twittering-on-2010-07-21.md	tweet-digest
2010-07-19	1848	twittering on 2010-07-19	https://www.chesnok.com/daily/2010/07/19/twittering-on-2010-07-19/	627	by/2010--twittering-on-2010-07-19.md	tweet-digest
2010-07-18	1842	Weekly tweet digest for 2010-07-18	https://www.chesnok.com/daily/2010/07/18/weekly-tweet-digest-for-2010-07-18/	3664	by/2010--weekly-tweet-digest-for-2010-07-18.md	tweet-digest
2010-07-18	1841	twittering on 2010-07-18	https://www.chesnok.com/daily/2010/07/18/twittering-on-2010-07-18/	423	by/2010--twittering-on-2010-07-18.md	tweet-digest
2010-07-17	1844	PDXPUG Day 2010: 9.0 and all sorts of good stuff	https://www.chesnok.com/daily/2010/07/17/pdxpug-day-2010-9-0-and-all-sorts-of-good-stuff/	788	by/2010--pdxpug-day-2010-9-0-and-all-sorts-of-good-stuff.md	post
2010-07-16	1840	twittering on 2010-07-16	https://www.chesnok.com/daily/2010/07/16/twittering-on-2010-07-16/	901	by/2010--twittering-on-2010-07-16.md	tweet-digest
2010-07-15	1839	twittering on 2010-07-15	https://www.chesnok.com/daily/2010/07/15/twittering-on-2010-07-15/	894	by/2010--twittering-on-2010-07-15.md	tweet-digest
2010-07-14	1838	twittering on 2010-07-14	https://www.chesnok.com/daily/2010/07/14/twittering-on-2010-07-14/	597	by/2010--twittering-on-2010-07-14.md	tweet-digest
2010-07-13	1825	twittering on 2010-07-13	https://www.chesnok.com/daily/2010/07/13/twittering-on-2010-07-13/	639	by/2010--twittering-on-2010-07-13.md	tweet-digest
2010-07-13	1824	twittering on 2010-07-13	https://www.chesnok.com/daily/2010/07/13/twittering-on-2010-07-13-2/	639	by/2010--twittering-on-2010-07-13-2.md	tweet-digest
2010-07-13	1793	Foocamp 2010: lovely, expectant, reflective	https://www.chesnok.com/daily/2010/07/13/foocamp-2010-lovely-expectant-reflective/	3578	by/2010--foocamp-2010-lovely-expectant-reflective.md	post
2010-07-12	1813	Q&A about Hot Standby	https://www.chesnok.com/daily/2010/07/12/qa-about-hot-standby/	2610	by/2010--qa-about-hot-standby.md	post
2010-07-12	1808	Quick start on Hot Standby	https://www.chesnok.com/daily/2010/07/12/quick-start-on-hot-standby/	1754	by/2010--quick-start-on-hot-standby.md	post
2010-07-12	1807	twittering on 2010-07-12	https://www.chesnok.com/daily/2010/07/12/twittering-on-2010-07-12/	200	by/2010--twittering-on-2010-07-12.md	tweet-digest
2010-07-11	1806	Weekly tweet digest for 2010-07-11	https://www.chesnok.com/daily/2010/07/11/weekly-tweet-digest-for-2010-07-11/	1985	by/2010--weekly-tweet-digest-for-2010-07-11.md	tweet-digest
2010-07-11	1805	Weekly tweet digest for 2010-07-11	https://www.chesnok.com/daily/2010/07/11/weekly-tweet-digest-for-2010-07-11-2/	1985	by/2010--weekly-tweet-digest-for-2010-07-11-2.md	tweet-digest
2010-07-11	1804	twittering on 2010-07-11	https://www.chesnok.com/daily/2010/07/11/twittering-on-2010-07-11-2/	1333	by/2010--twittering-on-2010-07-11-2.md	tweet-digest
2010-07-11	1803	twittering on 2010-07-11	https://www.chesnok.com/daily/2010/07/11/twittering-on-2010-07-11/	1333	by/2010--twittering-on-2010-07-11.md	tweet-digest
2010-07-10	1802	twittering on 2010-07-10	https://www.chesnok.com/daily/2010/07/10/twittering-on-2010-07-10/	320	by/2010--twittering-on-2010-07-10.md	tweet-digest
2010-07-09	1801	twittering on 2010-07-09	https://www.chesnok.com/daily/2010/07/09/twittering-on-2010-07-09/	198	by/2010--twittering-on-2010-07-09.md	tweet-digest
2010-07-05	1800	twittering on 2010-07-05	https://www.chesnok.com/daily/2010/07/05/twittering-on-2010-07-05/	128	by/2010--twittering-on-2010-07-05.md	tweet-digest
2010-07-04	1799	Weekly tweet digest for 2010-07-04	https://www.chesnok.com/daily/2010/07/04/weekly-tweet-digest-for-2010-07-04/	2149	by/2010--weekly-tweet-digest-for-2010-07-04.md	tweet-digest
2010-07-04	1798	twittering on 2010-07-04	https://www.chesnok.com/daily/2010/07/04/twittering-on-2010-07-04/	260	by/2010--twittering-on-2010-07-04.md	tweet-digest
2010-07-02	1797	twittering on 2010-07-02	https://www.chesnok.com/daily/2010/07/02/twittering-on-2010-07-02/	379	by/2010--twittering-on-2010-07-02.md	tweet-digest
2010-07-01	1796	twittering on 2010-07-01	https://www.chesnok.com/daily/2010/07/01/twittering-on-2010-07-01/	547	by/2010--twittering-on-2010-07-01.md	tweet-digest
2010-06-30	1794	twittering on 2010-06-30	https://www.chesnok.com/daily/2010/06/30/twittering-on-2010-06-30/	482	by/2010--twittering-on-2010-06-30.md	tweet-digest
2010-06-29	1788	twittering on 2010-06-29	https://www.chesnok.com/daily/2010/06/29/twittering-on-2010-06-29/	150	by/2010--twittering-on-2010-06-29.md	tweet-digest
2010-06-28	1778	Forgetting: Logging as an ethical choice	https://www.chesnok.com/daily/2010/06/28/forgetting-logging-as-an-ethical-choice/	5448	by/2010--forgetting-logging-as-an-ethical-choice.md	post
2010-06-28	1777	twittering on 2010-06-28	https://www.chesnok.com/daily/2010/06/28/twittering-on-2010-06-28/	321	by/2010--twittering-on-2010-06-28.md	tweet-digest
2010-06-27	1776	Weekly tweet digest for 2010-06-27	https://www.chesnok.com/daily/2010/06/27/weekly-tweet-digest-for-2010-06-27/	1803	by/2010--weekly-tweet-digest-for-2010-06-27.md	tweet-digest
2010-06-27	1775	twittering on 2010-06-27	https://www.chesnok.com/daily/2010/06/27/twittering-on-2010-06-27/	294	by/2010--twittering-on-2010-06-27.md	tweet-digest
2010-06-26	1774	twittering on 2010-06-26	https://www.chesnok.com/daily/2010/06/26/twittering-on-2010-06-26/	495	by/2010--twittering-on-2010-06-26.md	tweet-digest
2010-06-25	1773	twittering on 2010-06-25	https://www.chesnok.com/daily/2010/06/25/twittering-on-2010-06-25/	530	by/2010--twittering-on-2010-06-25.md	tweet-digest
2010-06-24	1772	twittering on 2010-06-24	https://www.chesnok.com/daily/2010/06/24/twittering-on-2010-06-24/	354	by/2010--twittering-on-2010-06-24.md	tweet-digest
2010-06-22	1770	twittering on 2010-06-22	https://www.chesnok.com/daily/2010/06/22/twittering-on-2010-06-22/	122	by/2010--twittering-on-2010-06-22.md	tweet-digest
2010-06-20	1769	Weekly tweet digest for 2010-06-20	https://www.chesnok.com/daily/2010/06/20/weekly-tweet-digest-for-2010-06-20/	916	by/2010--weekly-tweet-digest-for-2010-06-20.md	tweet-digest
2010-06-20	1768	twittering on 2010-06-20	https://www.chesnok.com/daily/2010/06/20/twittering-on-2010-06-20/	109	by/2010--twittering-on-2010-06-20.md	tweet-digest
2010-06-19	1767	twittering on 2010-06-19	https://www.chesnok.com/daily/2010/06/19/twittering-on-2010-06-19/	160	by/2010--twittering-on-2010-06-19.md	tweet-digest
2010-06-17	1766	twittering on 2010-06-17	https://www.chesnok.com/daily/2010/06/17/twittering-on-2010-06-17/	233	by/2010--twittering-on-2010-06-17.md	tweet-digest
2010-06-16	1765	twittering on 2010-06-16	https://www.chesnok.com/daily/2010/06/16/twittering-on-2010-06-16-2/	219	by/2010--twittering-on-2010-06-16-2.md	tweet-digest
2010-06-16	1764	twittering on 2010-06-16	https://www.chesnok.com/daily/2010/06/16/twittering-on-2010-06-16/	219	by/2010--twittering-on-2010-06-16.md	tweet-digest
2010-06-15	1763	twittering on 2010-06-15	https://www.chesnok.com/daily/2010/06/15/twittering-on-2010-06-15/	77	by/2010--twittering-on-2010-06-15.md	tweet-digest
2010-06-14	1762	twittering on 2010-06-14	https://www.chesnok.com/daily/2010/06/14/twittering-on-2010-06-14-2/	108	by/2010--twittering-on-2010-06-14-2.md	tweet-digest
2010-06-14	1761	twittering on 2010-06-14	https://www.chesnok.com/daily/2010/06/14/twittering-on-2010-06-14/	108	by/2010--twittering-on-2010-06-14.md	tweet-digest
2010-06-13	1760	Weekly tweet digest for 2010-06-13	https://www.chesnok.com/daily/2010/06/13/weekly-tweet-digest-for-2010-06-13/	2762	by/2010--weekly-tweet-digest-for-2010-06-13.md	tweet-digest
2010-06-13	1759	twittering on 2010-06-13	https://www.chesnok.com/daily/2010/06/13/twittering-on-2010-06-13/	673	by/2010--twittering-on-2010-06-13.md	tweet-digest
2010-06-11	1758	twittering on 2010-06-11	https://www.chesnok.com/daily/2010/06/11/twittering-on-2010-06-11/	662	by/2010--twittering-on-2010-06-11.md	tweet-digest
2010-06-10	1757	twittering on 2010-06-10	https://www.chesnok.com/daily/2010/06/10/twittering-on-2010-06-10/	566	by/2010--twittering-on-2010-06-10.md	tweet-digest
2010-06-10	1756	twittering on 2010-06-10	https://www.chesnok.com/daily/2010/06/10/twittering-on-2010-06-10-2/	566	by/2010--twittering-on-2010-06-10-2.md	tweet-digest
2010-06-09	1755	twittering on 2010-06-09	https://www.chesnok.com/daily/2010/06/09/twittering-on-2010-06-09/	542	by/2010--twittering-on-2010-06-09.md	tweet-digest
2010-06-09	1747	Starting at Emma	https://www.chesnok.com/daily/2010/06/09/starting-at-emma/	443	by/2010--starting-at-emma.md	post
2010-06-08	1746	twittering on 2010-06-08	https://www.chesnok.com/daily/2010/06/08/twittering-on-2010-06-08-2/	75	by/2010--twittering-on-2010-06-08-2.md	tweet-digest
2010-06-08	1745	twittering on 2010-06-08	https://www.chesnok.com/daily/2010/06/08/twittering-on-2010-06-08/	75	by/2010--twittering-on-2010-06-08.md	tweet-digest
2010-06-07	1744	twittering on 2010-06-07	https://www.chesnok.com/daily/2010/06/07/twittering-on-2010-06-07/	234	by/2010--twittering-on-2010-06-07.md	tweet-digest
2010-06-06	1743	Weekly tweet digest for 2010-06-06	https://www.chesnok.com/daily/2010/06/06/weekly-tweet-digest-for-2010-06-06/	5277	by/2010--weekly-tweet-digest-for-2010-06-06.md	tweet-digest
2010-06-06	1742	twittering on 2010-06-06	https://www.chesnok.com/daily/2010/06/06/twittering-on-2010-06-06/	505	by/2010--twittering-on-2010-06-06.md	tweet-digest
2010-06-05	1741	twittering on 2010-06-05	https://www.chesnok.com/daily/2010/06/05/twittering-on-2010-06-05/	350	by/2010--twittering-on-2010-06-05.md	tweet-digest
2010-06-04	1740	twittering on 2010-06-04	https://www.chesnok.com/daily/2010/06/04/twittering-on-2010-06-04/	1607	by/2010--twittering-on-2010-06-04.md	tweet-digest
2010-06-03	1738	Setting up a PDXAPI instance	https://www.chesnok.com/daily/2010/06/03/setting-up-a-pdxapi-instance/	764	by/2010--setting-up-a-pdxapi-instance.md	post
2010-06-03	1737	twittering on 2010-06-03	https://www.chesnok.com/daily/2010/06/03/twittering-on-2010-06-03-2/	1120	by/2010--twittering-on-2010-06-03-2.md	tweet-digest
2010-06-03	1736	twittering on 2010-06-03	https://www.chesnok.com/daily/2010/06/03/twittering-on-2010-06-03/	1120	by/2010--twittering-on-2010-06-03.md	tweet-digest
2010-06-02	1735	twittering on 2010-06-02	https://www.chesnok.com/daily/2010/06/02/twittering-on-2010-06-02/	575	by/2010--twittering-on-2010-06-02.md	tweet-digest
2010-06-01	1734	twittering on 2010-06-01	https://www.chesnok.com/daily/2010/06/01/twittering-on-2010-06-01/	605	by/2010--twittering-on-2010-06-01.md	tweet-digest
2010-05-31	1733	twittering on 2010-05-31	https://www.chesnok.com/daily/2010/05/31/twittering-on-2010-05-31/	503	by/2010--twittering-on-2010-05-31.md	tweet-digest
2010-05-30	1732	Weekly tweet digest for 2010-05-30	https://www.chesnok.com/daily/2010/05/30/weekly-tweet-digest-for-2010-05-30/	2281	by/2010--weekly-tweet-digest-for-2010-05-30.md	tweet-digest
2010-05-30	1731	twittering on 2010-05-30	https://www.chesnok.com/daily/2010/05/30/twittering-on-2010-05-30/	120	by/2010--twittering-on-2010-05-30.md	tweet-digest
2010-05-29	1730	twittering on 2010-05-29	https://www.chesnok.com/daily/2010/05/29/twittering-on-2010-05-29/	528	by/2010--twittering-on-2010-05-29.md	tweet-digest
2010-05-28	1729	twittering on 2010-05-28	https://www.chesnok.com/daily/2010/05/28/twittering-on-2010-05-28-2/	1293	by/2010--twittering-on-2010-05-28-2.md	tweet-digest
2010-05-28	1728	twittering on 2010-05-28	https://www.chesnok.com/daily/2010/05/28/twittering-on-2010-05-28/	1293	by/2010--twittering-on-2010-05-28.md	tweet-digest
2010-05-27	1727	twittering on 2010-05-27	https://www.chesnok.com/daily/2010/05/27/twittering-on-2010-05-27/	198	by/2010--twittering-on-2010-05-27.md	tweet-digest
2010-05-26	1718	twittering on 2010-05-26	https://www.chesnok.com/daily/2010/05/26/twittering-on-2010-05-26/	134	by/2010--twittering-on-2010-05-26.md	tweet-digest
2010-05-26	1715	PgCon 2010 – PL/Parrot, Simulated Annealing, Exclusion Constraints, Postgres-XC	https://www.chesnok.com/daily/2010/05/26/pgcon-2010-plparrot-simulated-annealing-exclusion-constraints-postgres-xc/	3503	by/2010--pgcon-2010-plparrot-simulated-annealing-exclusion-constraint.md	post
2010-05-23	1717	Weekly tweet digest for 2010-05-23	https://www.chesnok.com/daily/2010/05/23/weekly-tweet-digest-for-2010-05-23/	9450	by/2010--weekly-tweet-digest-for-2010-05-23.md	tweet-digest
2010-05-22	1716	twittering on 2010-05-22	https://www.chesnok.com/daily/2010/05/22/twittering-on-2010-05-22/	3242	by/2010--twittering-on-2010-05-22.md	tweet-digest
2010-05-21	1709	twittering on 2010-05-21	https://www.chesnok.com/daily/2010/05/21/twittering-on-2010-05-21/	2075	by/2010--twittering-on-2010-05-21.md	tweet-digest
2010-05-21	1706	Lightning talks from PgCon 2010	https://www.chesnok.com/daily/2010/05/21/lightning-talks-from-pgcon-2010/	974	by/2010--lightning-talks-from-pgcon-2010.md	post
2010-05-20	1696	Need reviewers – preparing for the first commitfest for 9.1	https://www.chesnok.com/daily/2010/05/20/need-reviewers-preparing-for-the-first-commitfest-for-9-1/	1348	by/2010--need-reviewers-preparing-for-the-first-commitfest-for-9-1.md	post
2010-05-20	1695	twittering on 2010-05-20	https://www.chesnok.com/daily/2010/05/20/twittering-on-2010-05-20-2/	2563	by/2010--twittering-on-2010-05-20-2.md	tweet-digest
2010-05-20	1694	twittering on 2010-05-20	https://www.chesnok.com/daily/2010/05/20/twittering-on-2010-05-20/	2563	by/2010--twittering-on-2010-05-20.md	tweet-digest
2010-05-19	1687	PgCon Day 1: Developer meeting	https://www.chesnok.com/daily/2010/05/19/pgcon-day-1-developer-meeting/	1615	by/2010--pgcon-day-1-developer-meeting.md	post
2010-05-19	1686	twittering on 2010-05-19	https://www.chesnok.com/daily/2010/05/19/twittering-on-2010-05-19/	752	by/2010--twittering-on-2010-05-19.md	tweet-digest
2010-05-18	1685	twittering on 2010-05-18	https://www.chesnok.com/daily/2010/05/18/twittering-on-2010-05-18/	810	by/2010--twittering-on-2010-05-18.md	tweet-digest
2010-05-17	1681	CivicIdeas for greater portland meetup May 27th, 6-8pm	https://www.chesnok.com/daily/2010/05/17/civicideas-for-greater-portland-meetup-may-27th-6-8pm/	593	by/2010--civicideas-for-greater-portland-meetup-may-27th-6-8pm.md	post
2010-05-17	1660	Change in the air	https://www.chesnok.com/daily/2010/05/17/change-in-the-air/	1523	by/2010--change-in-the-air.md	post
2010-05-16	1675	Weekly tweet digest for 2010-05-16	https://www.chesnok.com/daily/2010/05/16/weekly-tweet-digest-for-2010-05-16/	722	by/2010--weekly-tweet-digest-for-2010-05-16.md	tweet-digest
2010-05-16	1674	twittering on 2010-05-16	https://www.chesnok.com/daily/2010/05/16/twittering-on-2010-05-16/	272	by/2010--twittering-on-2010-05-16.md	tweet-digest
2010-05-14	1658	twittering on 2010-05-14	https://www.chesnok.com/daily/2010/05/14/twittering-on-2010-05-14/	310	by/2010--twittering-on-2010-05-14.md	tweet-digest
2010-05-12	1656	twittering on 2010-05-12	https://www.chesnok.com/daily/2010/05/12/twittering-on-2010-05-12-2/	136	by/2010--twittering-on-2010-05-12-2.md	tweet-digest
2010-05-12	1655	twittering on 2010-05-12	https://www.chesnok.com/daily/2010/05/12/twittering-on-2010-05-12/	136	by/2010--twittering-on-2010-05-12.md	tweet-digest
2010-05-09	1647	Weekly tweet digest for 2010-05-09	https://www.chesnok.com/daily/2010/05/09/weekly-tweet-digest-for-2010-05-09/	1383	by/2010--weekly-tweet-digest-for-2010-05-09.md	tweet-digest
2010-05-09	1646	twittering on 2010-05-09	https://www.chesnok.com/daily/2010/05/09/twittering-on-2010-05-09/	447	by/2010--twittering-on-2010-05-09.md	tweet-digest
2010-05-07	1633	twittering on 2010-05-07	https://www.chesnok.com/daily/2010/05/07/twittering-on-2010-05-07/	377	by/2010--twittering-on-2010-05-07.md	tweet-digest
2010-05-04	1632	twittering on 2010-05-04	https://www.chesnok.com/daily/2010/05/04/twittering-on-2010-05-04-2/	219	by/2010--twittering-on-2010-05-04-2.md	tweet-digest
2010-05-04	1631	twittering on 2010-05-04	https://www.chesnok.com/daily/2010/05/04/twittering-on-2010-05-04/	219	by/2010--twittering-on-2010-05-04.md	tweet-digest
2010-05-03	1629	twittering on 2010-05-03	https://www.chesnok.com/daily/2010/05/03/twittering-on-2010-05-03/	334	by/2010--twittering-on-2010-05-03.md	tweet-digest
2010-05-02	1625	Weekly tweet digest for 2010-05-02	https://www.chesnok.com/daily/2010/05/02/weekly-tweet-digest-for-2010-05-02/	4319	by/2010--weekly-tweet-digest-for-2010-05-02.md	tweet-digest
2010-05-02	1624	twittering on 2010-05-02	https://www.chesnok.com/daily/2010/05/02/twittering-on-2010-05-02/	137	by/2010--twittering-on-2010-05-02.md	tweet-digest
2010-05-02	1496	IRC hangouts in Portland, OR	https://www.chesnok.com/daily/2010/05/02/irc-hangouts-in-portland-or/	477	by/2010--irc-hangouts-in-portland-or.md	post
2010-05-01	1619	twittering on 2010-05-01	https://www.chesnok.com/daily/2010/05/01/twittering-on-2010-05-01/	795	by/2010--twittering-on-2010-05-01.md	tweet-digest
2010-05-01	1612	PDX tech scene community facilitation	https://www.chesnok.com/daily/2010/05/01/pdx-tech-scene-community-facilitation/	1425	by/2010--pdx-tech-scene-community-facilitation.md	post
2010-04-30	1611	twittering on 2010-04-30	https://www.chesnok.com/daily/2010/04/30/twittering-on-2010-04-30/	325	by/2010--twittering-on-2010-04-30.md	tweet-digest
2010-04-29	1610	twittering on 2010-04-29	https://www.chesnok.com/daily/2010/04/29/twittering-on-2010-04-29/	680	by/2010--twittering-on-2010-04-29.md	tweet-digest
2010-04-28	1609	twittering on 2010-04-28	https://www.chesnok.com/daily/2010/04/28/twittering-on-2010-04-28/	274	by/2010--twittering-on-2010-04-28.md	tweet-digest
2010-04-27	1608	twittering on 2010-04-27	https://www.chesnok.com/daily/2010/04/27/twittering-on-2010-04-27/	1584	by/2010--twittering-on-2010-04-27.md	tweet-digest
2010-04-26	1607	twittering on 2010-04-26	https://www.chesnok.com/daily/2010/04/26/twittering-on-2010-04-26/	512	by/2010--twittering-on-2010-04-26.md	tweet-digest
2010-04-25	1606	Weekly tweet digest for 2010-04-25	https://www.chesnok.com/daily/2010/04/25/weekly-tweet-digest-for-2010-04-25/	5302	by/2010--weekly-tweet-digest-for-2010-04-25.md	tweet-digest
2010-04-25	1605	twittering on 2010-04-25	https://www.chesnok.com/daily/2010/04/25/twittering-on-2010-04-25/	1033	by/2010--twittering-on-2010-04-25.md	tweet-digest
2010-04-24	1604	twittering on 2010-04-24	https://www.chesnok.com/daily/2010/04/24/twittering-on-2010-04-24/	1142	by/2010--twittering-on-2010-04-24.md	tweet-digest
2010-04-23	1603	twittering on 2010-04-23	https://www.chesnok.com/daily/2010/04/23/twittering-on-2010-04-23/	221	by/2010--twittering-on-2010-04-23.md	tweet-digest
2010-04-22	1602	twittering on 2010-04-22	https://www.chesnok.com/daily/2010/04/22/twittering-on-2010-04-22/	786	by/2010--twittering-on-2010-04-22.md	tweet-digest
2010-04-21	1601	twittering on 2010-04-21	https://www.chesnok.com/daily/2010/04/21/twittering-on-2010-04-21/	1893	by/2010--twittering-on-2010-04-21.md	tweet-digest
2010-04-19	1600	twittering on 2010-04-19	https://www.chesnok.com/daily/2010/04/19/twittering-on-2010-04-19/	217	by/2010--twittering-on-2010-04-19.md	tweet-digest
2010-04-18	1599	Weekly tweet digest for 2010-04-18	https://www.chesnok.com/daily/2010/04/18/weekly-tweet-digest-for-2010-04-18/	4635	by/2010--weekly-tweet-digest-for-2010-04-18.md	tweet-digest
2010-04-18	1598	twittering on 2010-04-18	https://www.chesnok.com/daily/2010/04/18/twittering-on-2010-04-18/	982	by/2010--twittering-on-2010-04-18.md	tweet-digest
2010-04-17	1597	twittering on 2010-04-17	https://www.chesnok.com/daily/2010/04/17/twittering-on-2010-04-17/	793	by/2010--twittering-on-2010-04-17.md	tweet-digest
2010-04-16	1596	twittering on 2010-04-16	https://www.chesnok.com/daily/2010/04/16/twittering-on-2010-04-16/	581	by/2010--twittering-on-2010-04-16.md	tweet-digest
2010-04-15	1595	twittering on 2010-04-15	https://www.chesnok.com/daily/2010/04/15/twittering-on-2010-04-15/	274	by/2010--twittering-on-2010-04-15.md	tweet-digest
2010-04-14	1594	twittering on 2010-04-14	https://www.chesnok.com/daily/2010/04/14/twittering-on-2010-04-14-2/	1790	by/2010--twittering-on-2010-04-14-2.md	tweet-digest
2010-04-14	1593	twittering on 2010-04-14	https://www.chesnok.com/daily/2010/04/14/twittering-on-2010-04-14/	1790	by/2010--twittering-on-2010-04-14.md	tweet-digest
2010-04-13	1591	twittering on 2010-04-13	https://www.chesnok.com/daily/2010/04/13/twittering-on-2010-04-13/	205	by/2010--twittering-on-2010-04-13.md	tweet-digest
2010-04-11	1590	Weekly tweet digest for 2010-04-11	https://www.chesnok.com/daily/2010/04/11/weekly-tweet-digest-for-2010-04-11/	4737	by/2010--weekly-tweet-digest-for-2010-04-11.md	tweet-digest
2010-04-11	1589	twittering on 2010-04-11	https://www.chesnok.com/daily/2010/04/11/twittering-on-2010-04-11/	452	by/2010--twittering-on-2010-04-11.md	tweet-digest
2010-04-10	1588	twittering on 2010-04-10	https://www.chesnok.com/daily/2010/04/10/twittering-on-2010-04-10/	2421	by/2010--twittering-on-2010-04-10.md	tweet-digest
2010-04-09	1586	twittering on 2010-04-09	https://www.chesnok.com/daily/2010/04/09/twittering-on-2010-04-09/	797	by/2010--twittering-on-2010-04-09.md	tweet-digest
2010-04-08	1585	twittering on 2010-04-08	https://www.chesnok.com/daily/2010/04/08/twittering-on-2010-04-08/	892	by/2010--twittering-on-2010-04-08.md	tweet-digest
2010-04-07	1584	twittering on 2010-04-07	https://www.chesnok.com/daily/2010/04/07/twittering-on-2010-04-07/	167	by/2010--twittering-on-2010-04-07.md	tweet-digest
2010-04-04	1583	Weekly tweet digest for 2010-04-04	https://www.chesnok.com/daily/2010/04/04/weekly-tweet-digest-for-2010-04-04/	3914	by/2010--weekly-tweet-digest-for-2010-04-04.md	tweet-digest
2010-04-04	1582	twittering on 2010-04-04	https://www.chesnok.com/daily/2010/04/04/twittering-on-2010-04-04/	1131	by/2010--twittering-on-2010-04-04.md	tweet-digest
2010-04-03	1581	twittering on 2010-04-03	https://www.chesnok.com/daily/2010/04/03/twittering-on-2010-04-03/	655	by/2010--twittering-on-2010-04-03.md	tweet-digest
2010-04-02	1579	twittering on 2010-04-02	https://www.chesnok.com/daily/2010/04/02/twittering-on-2010-04-02/	1023	by/2010--twittering-on-2010-04-02.md	tweet-digest
2010-04-01	1577	twittering on 2010-04-01	https://www.chesnok.com/daily/2010/04/01/twittering-on-2010-04-01-2/	847	by/2010--twittering-on-2010-04-01-2.md	tweet-digest
2010-04-01	1576	twittering on 2010-04-01	https://www.chesnok.com/daily/2010/04/01/twittering-on-2010-04-01/	847	by/2010--twittering-on-2010-04-01.md	tweet-digest
2010-03-31	1575	twittering on 2010-03-31	https://www.chesnok.com/daily/2010/03/31/twittering-on-2010-03-31/	250	by/2010--twittering-on-2010-03-31.md	tweet-digest
2010-03-28	1574	Weekly tweet digest for 2010-03-28	https://www.chesnok.com/daily/2010/03/28/weekly-tweet-digest-for-2010-03-28/	6511	by/2010--weekly-tweet-digest-for-2010-03-28.md	tweet-digest
2010-03-28	1573	twittering on 2010-03-28	https://www.chesnok.com/daily/2010/03/28/twittering-on-2010-03-28/	104	by/2010--twittering-on-2010-03-28.md	tweet-digest
2010-03-27	1572	twittering on 2010-03-27	https://www.chesnok.com/daily/2010/03/27/twittering-on-2010-03-27/	900	by/2010--twittering-on-2010-03-27.md	tweet-digest
2010-03-26	1571	twittering on 2010-03-26	https://www.chesnok.com/daily/2010/03/26/twittering-on-2010-03-26/	2041	by/2010--twittering-on-2010-03-26.md	tweet-digest
2010-03-25	1568	twittering on 2010-03-25	https://www.chesnok.com/daily/2010/03/25/twittering-on-2010-03-25/	659	by/2010--twittering-on-2010-03-25.md	tweet-digest
2010-03-24	1564	Ada Lovelace Day: Professor Leah Buechley	https://www.chesnok.com/daily/2010/03/24/ada-lovelace-day-professor-leah-buechley/	2030	by/2010--ada-lovelace-day-professor-leah-buechley.md	post
2010-03-24	1563	twittering on 2010-03-24	https://www.chesnok.com/daily/2010/03/24/twittering-on-2010-03-24/	1300	by/2010--twittering-on-2010-03-24.md	tweet-digest
2010-03-24	1562	twittering on 2010-03-24	https://www.chesnok.com/daily/2010/03/24/twittering-on-2010-03-24-2/	1300	by/2010--twittering-on-2010-03-24-2.md	tweet-digest
2010-03-22	1561	twittering on 2010-03-22	https://www.chesnok.com/daily/2010/03/22/twittering-on-2010-03-22/	1497	by/2010--twittering-on-2010-03-22.md	tweet-digest
2010-03-21	1560	Weekly tweet digest for 2010-03-21	https://www.chesnok.com/daily/2010/03/21/weekly-tweet-digest-for-2010-03-21/	9084	by/2010--weekly-tweet-digest-for-2010-03-21.md	tweet-digest
2010-03-21	1559	twittering on 2010-03-21	https://www.chesnok.com/daily/2010/03/21/twittering-on-2010-03-21/	2155	by/2010--twittering-on-2010-03-21.md	tweet-digest
2010-03-20	1557	Giving Good Talks presentation	https://www.chesnok.com/daily/2010/03/20/giving-good-talks-presentation/	279	by/2010--giving-good-talks-presentation.md	post
2010-03-20	1553	twittering on 2010-03-20	https://www.chesnok.com/daily/2010/03/20/twittering-on-2010-03-20/	318	by/2010--twittering-on-2010-03-20.md	tweet-digest
2010-03-19	1552	twittering on 2010-03-19	https://www.chesnok.com/daily/2010/03/19/twittering-on-2010-03-19/	1313	by/2010--twittering-on-2010-03-19.md	tweet-digest
2010-03-19	1531	We need vision and collaboration	https://www.chesnok.com/daily/2010/03/19/we-need-vision-and-collaboration/	1938	by/2010--we-need-vision-and-collaboration.md	post
2010-03-18	1551	twittering on 2010-03-18	https://www.chesnok.com/daily/2010/03/18/twittering-on-2010-03-18/	2136	by/2010--twittering-on-2010-03-18.md	tweet-digest
2010-03-18	1528	Space and time to help our neighbors	https://www.chesnok.com/daily/2010/03/18/space-and-time-to-help-our-neighbors/	2609	by/2010--space-and-time-to-help-our-neighbors.md	post
2010-03-17	1533	Portland High Tech Groups are Portland Software’s Own Worst Enemies	https://www.chesnok.com/daily/2010/03/17/portland-high-tech-groups-are-portland-softwares-own-worst-enemies/	5898	by/2010--portland-high-tech-groups-are-portland-softwares-own-worst-e.md	post
2010-03-17	1515	This town needs…	https://www.chesnok.com/daily/2010/03/17/this-town-needs/	2844	by/2010--this-town-needs.md	post
2010-03-17	1514	twittering on 2010-03-17	https://www.chesnok.com/daily/2010/03/17/twittering-on-2010-03-17/	2030	by/2010--twittering-on-2010-03-17.md	tweet-digest
2010-03-16	1513	twittering on 2010-03-16	https://www.chesnok.com/daily/2010/03/16/twittering-on-2010-03-16/	533	by/2010--twittering-on-2010-03-16.md	tweet-digest
2010-03-15	1511	twittering on 2010-03-15	https://www.chesnok.com/daily/2010/03/15/twittering-on-2010-03-15/	587	by/2010--twittering-on-2010-03-15.md	tweet-digest
2010-03-14	1510	Weekly tweet digest for 2010-03-14	https://www.chesnok.com/daily/2010/03/14/weekly-tweet-digest-for-2010-03-14/	5730	by/2010--weekly-tweet-digest-for-2010-03-14.md	tweet-digest
2010-03-14	1509	twittering on 2010-03-14	https://www.chesnok.com/daily/2010/03/14/twittering-on-2010-03-14/	796	by/2010--twittering-on-2010-03-14.md	tweet-digest
2010-03-13	1508	twittering on 2010-03-13	https://www.chesnok.com/daily/2010/03/13/twittering-on-2010-03-13/	1315	by/2010--twittering-on-2010-03-13.md	tweet-digest
2010-03-12	1498	Speakers workshop at LibrePlanet next week!	https://www.chesnok.com/daily/2010/03/12/speakers-workshop-at-libreplanet-next-week/	1276	by/2010--speakers-workshop-at-libreplanet-next-week.md	post
2010-03-12	1497	twittering on 2010-03-12	https://www.chesnok.com/daily/2010/03/12/twittering-on-2010-03-12/	721	by/2010--twittering-on-2010-03-12.md	tweet-digest
2010-03-11	1495	twittering on 2010-03-11	https://www.chesnok.com/daily/2010/03/11/twittering-on-2010-03-11/	704	by/2010--twittering-on-2010-03-11.md	tweet-digest
2010-03-10	1494	twittering on 2010-03-10	https://www.chesnok.com/daily/2010/03/10/twittering-on-2010-03-10/	986	by/2010--twittering-on-2010-03-10.md	tweet-digest
2010-03-09	1493	twittering on 2010-03-09	https://www.chesnok.com/daily/2010/03/09/twittering-on-2010-03-09/	1104	by/2010--twittering-on-2010-03-09.md	tweet-digest
2010-03-08	1492	twittering on 2010-03-08	https://www.chesnok.com/daily/2010/03/08/twittering-on-2010-03-08/	92	by/2010--twittering-on-2010-03-08.md	tweet-digest
2010-03-07	1491	Weekly tweet digest for 2010-03-07	https://www.chesnok.com/daily/2010/03/07/weekly-tweet-digest-for-2010-03-07/	3991	by/2010--weekly-tweet-digest-for-2010-03-07.md	tweet-digest
2010-03-07	1490	twittering on 2010-03-07	https://www.chesnok.com/daily/2010/03/07/twittering-on-2010-03-07/	576	by/2010--twittering-on-2010-03-07.md	tweet-digest
2010-03-06	1489	twittering on 2010-03-06	https://www.chesnok.com/daily/2010/03/06/twittering-on-2010-03-06/	322	by/2010--twittering-on-2010-03-06.md	tweet-digest
2010-03-05	1488	twittering on 2010-03-05	https://www.chesnok.com/daily/2010/03/05/twittering-on-2010-03-05-2/	400	by/2010--twittering-on-2010-03-05-2.md	tweet-digest
2010-03-05	1487	twittering on 2010-03-05	https://www.chesnok.com/daily/2010/03/05/twittering-on-2010-03-05-3/	400	by/2010--twittering-on-2010-03-05-3.md	tweet-digest
2010-03-05	1486	twittering on 2010-03-05	https://www.chesnok.com/daily/2010/03/05/twittering-on-2010-03-05/	400	by/2010--twittering-on-2010-03-05.md	tweet-digest
2010-03-04	1485	twittering on 2010-03-04	https://www.chesnok.com/daily/2010/03/04/twittering-on-2010-03-04/	1434	by/2010--twittering-on-2010-03-04.md	tweet-digest
2010-03-03	1484	twittering on 2010-03-03	https://www.chesnok.com/daily/2010/03/03/twittering-on-2010-03-03/	201	by/2010--twittering-on-2010-03-03.md	tweet-digest
2010-03-02	1483	twittering on 2010-03-02	https://www.chesnok.com/daily/2010/03/02/twittering-on-2010-03-02/	1048	by/2010--twittering-on-2010-03-02.md	tweet-digest
2010-02-28	1482	Weekly tweet digest for 2010-02-28	https://www.chesnok.com/daily/2010/02/28/weekly-tweet-digest-for-2010-02-28/	3599	by/2010--weekly-tweet-digest-for-2010-02-28.md	tweet-digest
2010-02-27	1481	twittering on 2010-02-27	https://www.chesnok.com/daily/2010/02/27/twittering-on-2010-02-27/	1187	by/2010--twittering-on-2010-02-27.md	tweet-digest
2010-02-26	1480	twittering on 2010-02-26	https://www.chesnok.com/daily/2010/02/26/twittering-on-2010-02-26/	466	by/2010--twittering-on-2010-02-26.md	tweet-digest
2010-02-25	1479	twittering on 2010-02-25	https://www.chesnok.com/daily/2010/02/25/twittering-on-2010-02-25/	956	by/2010--twittering-on-2010-02-25.md	tweet-digest
2010-02-24	1478	twittering on 2010-02-24	https://www.chesnok.com/daily/2010/02/24/twittering-on-2010-02-24/	503	by/2010--twittering-on-2010-02-24.md	tweet-digest
2010-02-23	1477	twittering on 2010-02-23	https://www.chesnok.com/daily/2010/02/23/twittering-on-2010-02-23/	266	by/2010--twittering-on-2010-02-23.md	tweet-digest
2010-02-22	1476	twittering on 2010-02-22	https://www.chesnok.com/daily/2010/02/22/twittering-on-2010-02-22/	211	by/2010--twittering-on-2010-02-22.md	tweet-digest
2010-02-21	1475	Weekly tweet digest for 2010-02-21	https://www.chesnok.com/daily/2010/02/21/weekly-tweet-digest-for-2010-02-21/	7230	by/2010--weekly-tweet-digest-for-2010-02-21.md	tweet-digest
2010-02-20	1473	twittering on 2010-02-20	https://www.chesnok.com/daily/2010/02/20/twittering-on-2010-02-20/	2160	by/2010--twittering-on-2010-02-20.md	tweet-digest
2010-02-19	1471	twittering on 2010-02-19	https://www.chesnok.com/daily/2010/02/19/twittering-on-2010-02-19/	2347	by/2010--twittering-on-2010-02-19.md	tweet-digest
2010-02-18	1470	twittering on 2010-02-18	https://www.chesnok.com/daily/2010/02/18/twittering-on-2010-02-18/	94	by/2010--twittering-on-2010-02-18.md	tweet-digest
2010-02-17	1469	twittering on 2010-02-17	https://www.chesnok.com/daily/2010/02/17/twittering-on-2010-02-17/	1176	by/2010--twittering-on-2010-02-17.md	tweet-digest
2010-02-16	1468	twittering on 2010-02-16	https://www.chesnok.com/daily/2010/02/16/twittering-on-2010-02-16/	747	by/2010--twittering-on-2010-02-16.md	tweet-digest
2010-02-15	1467	twittering on 2010-02-15	https://www.chesnok.com/daily/2010/02/15/twittering-on-2010-02-15/	696	by/2010--twittering-on-2010-02-15.md	tweet-digest
2010-02-14	1465	Weekly tweet digest for 2010-02-14	https://www.chesnok.com/daily/2010/02/14/weekly-tweet-digest-for-2010-02-14/	3849	by/2010--weekly-tweet-digest-for-2010-02-14.md	tweet-digest
2010-02-12	1464	twittering on 2010-02-12	https://www.chesnok.com/daily/2010/02/12/twittering-on-2010-02-12-2/	465	by/2010--twittering-on-2010-02-12-2.md	tweet-digest
2010-02-12	1463	twittering on 2010-02-12	https://www.chesnok.com/daily/2010/02/12/twittering-on-2010-02-12/	465	by/2010--twittering-on-2010-02-12.md	tweet-digest
2010-02-11	1462	twittering on 2010-02-11	https://www.chesnok.com/daily/2010/02/11/twittering-on-2010-02-11/	1075	by/2010--twittering-on-2010-02-11.md	tweet-digest
2010-02-10	1461	twittering on 2010-02-10	https://www.chesnok.com/daily/2010/02/10/twittering-on-2010-02-10/	1801	by/2010--twittering-on-2010-02-10.md	tweet-digest
2010-02-09	1460	twittering on 2010-02-09	https://www.chesnok.com/daily/2010/02/09/twittering-on-2010-02-09/	502	by/2010--twittering-on-2010-02-09.md	tweet-digest
2010-02-08	1448	Unlocking the clubhouse: cultural resistance and learning communities	https://www.chesnok.com/daily/2010/02/08/unlocking-the-clubhouse-cultural-resistance-and-learning-communitiesand/	4018	by/2010--unlocking-the-clubhouse-cultural-resistance-and-learning-com.md	post
2010-02-07	1447	Weekly tweet digest for 2010-02-07	https://www.chesnok.com/daily/2010/02/07/weekly-tweet-digest-for-2010-02-07/	13560	by/2010--weekly-tweet-digest-for-2010-02-07.md	tweet-digest
2010-02-07	1446	twittering on 2010-02-07	https://www.chesnok.com/daily/2010/02/07/twittering-on-2010-02-07/	1250	by/2010--twittering-on-2010-02-07.md	tweet-digest
2010-02-06	1445	twittering on 2010-02-06	https://www.chesnok.com/daily/2010/02/06/twittering-on-2010-02-06/	722	by/2010--twittering-on-2010-02-06.md	tweet-digest
2010-02-05	1444	twittering on 2010-02-05	https://www.chesnok.com/daily/2010/02/05/twittering-on-2010-02-05/	1022	by/2010--twittering-on-2010-02-05.md	tweet-digest
2010-02-04	1443	twittering on 2010-02-04	https://www.chesnok.com/daily/2010/02/04/twittering-on-2010-02-04/	3631	by/2010--twittering-on-2010-02-04.md	tweet-digest
2010-02-03	1440	twittering on 2010-02-03	https://www.chesnok.com/daily/2010/02/03/twittering-on-2010-02-03/	3199	by/2010--twittering-on-2010-02-03.md	tweet-digest
2010-02-02	1439	twittering on 2010-02-02	https://www.chesnok.com/daily/2010/02/02/twittering-on-2010-02-02-2/	2912	by/2010--twittering-on-2010-02-02-2.md	tweet-digest
2010-02-02	1437	twittering on 2010-02-02	https://www.chesnok.com/daily/2010/02/02/twittering-on-2010-02-02/	812	by/2010--twittering-on-2010-02-02.md	tweet-digest
2010-01-31	1436	Weekly tweet digest for 2010-01-31	https://www.chesnok.com/daily/2010/01/31/weekly-tweet-digest-for-2010-01-31/	17675	by/2010--weekly-tweet-digest-for-2010-01-31.md	tweet-digest
2010-01-31	1435	twittering on 2010-01-31	https://www.chesnok.com/daily/2010/01/31/twittering-on-2010-01-31/	649	by/2010--twittering-on-2010-01-31.md	tweet-digest
2010-01-30	1434	twittering on 2010-01-30	https://www.chesnok.com/daily/2010/01/30/twittering-on-2010-01-30/	1026	by/2010--twittering-on-2010-01-30.md	tweet-digest
2010-01-29	1433	twittering on 2010-01-29	https://www.chesnok.com/daily/2010/01/29/twittering-on-2010-01-29/	1991	by/2010--twittering-on-2010-01-29.md	tweet-digest
2010-01-28	1430	twittering on 2010-01-28	https://www.chesnok.com/daily/2010/01/28/twittering-on-2010-01-28/	2055	by/2010--twittering-on-2010-01-28.md	tweet-digest
2010-01-27	1428	twittering on 2010-01-27	https://www.chesnok.com/daily/2010/01/27/twittering-on-2010-01-27/	3836	by/2010--twittering-on-2010-01-27.md	tweet-digest
2010-01-27	1419	Why you should go to LCA 2011	https://www.chesnok.com/daily/2010/01/27/why-you-should-go-to-lca-2011/	7114	by/2010--why-you-should-go-to-lca-2011.md	post
2010-01-26	1421	twittering on 2010-01-26	https://www.chesnok.com/daily/2010/01/26/twittering-on-2010-01-26/	3082	by/2010--twittering-on-2010-01-26.md	tweet-digest
2010-01-25	1418	twittering on 2010-01-25	https://www.chesnok.com/daily/2010/01/25/twittering-on-2010-01-25/	5129	by/2010--twittering-on-2010-01-25.md	tweet-digest
2010-01-24	1416	Weekly tweet digest for 2010-01-24	https://www.chesnok.com/daily/2010/01/24/weekly-tweet-digest-for-2010-01-24/	46266	by/2010--weekly-tweet-digest-for-2010-01-24.md	tweet-digest
2010-01-24	1415	Weekly tweet digest for 2010-01-24	https://www.chesnok.com/daily/2010/01/24/weekly-tweet-digest-for-2010-01-24/	46266	by/2010--weekly-tweet-digest-for-2010-01-24-1415.md	tweet-digest
2010-01-24	1414	twittering on 2010-01-24	https://www.chesnok.com/daily/2010/01/24/twittering-on-2010-01-24/	467	by/2010--twittering-on-2010-01-24.md	tweet-digest
2010-01-24	1413	twittering on 2010-01-24	https://www.chesnok.com/daily/2010/01/24/twittering-on-2010-01-24/	467	by/2010--twittering-on-2010-01-24-1413.md	tweet-digest
2010-01-22	1412	twittering on 2010-01-22	https://www.chesnok.com/daily/2010/01/22/twittering-on-2010-01-22/	1702	by/2010--twittering-on-2010-01-22.md	tweet-digest
2010-01-21	1411	twittering on 2010-01-21	https://www.chesnok.com/daily/2010/01/21/twittering-on-2010-01-21/	7976	by/2010--twittering-on-2010-01-21.md	tweet-digest
2010-01-20	1410	twittering on 2010-01-20	https://www.chesnok.com/daily/2010/01/20/twittering-on-2010-01-20/	9954	by/2010--twittering-on-2010-01-20.md	tweet-digest
2010-01-19	1409	twittering on 2010-01-19	https://www.chesnok.com/daily/2010/01/19/twittering-on-2010-01-19/	10553	by/2010--twittering-on-2010-01-19.md	tweet-digest
2010-01-18	1408	twittering on 2010-01-18	https://www.chesnok.com/daily/2010/01/18/twittering-on-2010-01-18/	15604	by/2010--twittering-on-2010-01-18.md	tweet-digest
2010-01-17	1407	Weekly tweet digest for 2010-01-17	https://www.chesnok.com/daily/2010/01/17/weekly-tweet-digest-for-2010-01-17/	14802	by/2010--weekly-tweet-digest-for-2010-01-17.md	tweet-digest
2010-01-17	1406	twittering on 2010-01-17	https://www.chesnok.com/daily/2010/01/17/twittering-on-2010-01-17/	3430	by/2010--twittering-on-2010-01-17.md	tweet-digest
2010-01-16	1405	twittering on 2010-01-16	https://www.chesnok.com/daily/2010/01/16/twittering-on-2010-01-16/	912	by/2010--twittering-on-2010-01-16.md	tweet-digest
2010-01-15	1404	twittering on 2010-01-15	https://www.chesnok.com/daily/2010/01/15/twittering-on-2010-01-15/	672	by/2010--twittering-on-2010-01-15.md	tweet-digest
2010-01-14	1403	twittering on 2010-01-14	https://www.chesnok.com/daily/2010/01/14/twittering-on-2010-01-14/	2465	by/2010--twittering-on-2010-01-14.md	tweet-digest
2010-01-13	1402	twittering on 2010-01-13	https://www.chesnok.com/daily/2010/01/13/twittering-on-2010-01-13/	478	by/2010--twittering-on-2010-01-13.md	tweet-digest
2010-01-12	1401	twittering on 2010-01-12	https://www.chesnok.com/daily/2010/01/12/twittering-on-2010-01-12/	3543	by/2010--twittering-on-2010-01-12.md	tweet-digest
2010-01-11	1400	twittering on 2010-01-11	https://www.chesnok.com/daily/2010/01/11/twittering-on-2010-01-11/	3290	by/2010--twittering-on-2010-01-11.md	tweet-digest
2010-01-11	1377	2010: pictures from the past inspiring me this year	https://www.chesnok.com/daily/2010/01/11/2010-pictures-from-the-past-inspiring-me-this-year/	1128	by/2010--2010-pictures-from-the-past-inspiring-me-this-year.md	post
2010-01-10	1376	Weekly tweet digest for 2010-01-10	https://www.chesnok.com/daily/2010/01/10/weekly-tweet-digest-for-2010-01-10/	6931	by/2010--weekly-tweet-digest-for-2010-01-10.md	tweet-digest
2010-01-10	1375	twittering on 2010-01-10	https://www.chesnok.com/daily/2010/01/10/twittering-on-2010-01-10/	429	by/2010--twittering-on-2010-01-10.md	tweet-digest
2010-01-09	1374	twittering on 2010-01-09	https://www.chesnok.com/daily/2010/01/09/twittering-on-2010-01-09/	1404	by/2010--twittering-on-2010-01-09.md	tweet-digest
2010-01-08	1373	twittering on 2010-01-08	https://www.chesnok.com/daily/2010/01/08/twittering-on-2010-01-08/	448	by/2010--twittering-on-2010-01-08.md	tweet-digest
2010-01-07	1372	twittering on 2010-01-07	https://www.chesnok.com/daily/2010/01/07/twittering-on-2010-01-07/	694	by/2010--twittering-on-2010-01-07.md	tweet-digest
2010-01-06	1371	twittering on 2010-01-06	https://www.chesnok.com/daily/2010/01/06/twittering-on-2010-01-06/	880	by/2010--twittering-on-2010-01-06.md	tweet-digest
2010-01-05	1370	twittering on 2010-01-05	https://www.chesnok.com/daily/2010/01/05/twittering-on-2010-01-05/	825	by/2010--twittering-on-2010-01-05.md	tweet-digest
2010-01-04	1369	twittering on 2010-01-04	https://www.chesnok.com/daily/2010/01/04/twittering-on-2010-01-04/	2239	by/2010--twittering-on-2010-01-04.md	tweet-digest
2010-01-03	1368	Weekly tweet digest for 2010-01-03	https://www.chesnok.com/daily/2010/01/03/weekly-tweet-digest-for-2010-01-03/	8699	by/2010--weekly-tweet-digest-for-2010-01-03.md	tweet-digest
2010-01-03	1367	twittering on 2010-01-03	https://www.chesnok.com/daily/2010/01/03/twittering-on-2010-01-03/	1966	by/2010--twittering-on-2010-01-03.md	tweet-digest
2010-01-02	1366	twittering on 2010-01-02	https://www.chesnok.com/daily/2010/01/02/twittering-on-2010-01-02/	199	by/2010--twittering-on-2010-01-02.md	tweet-digest
2009-12-31	1365	twittering on 2009-12-31	https://www.chesnok.com/daily/2009/12/31/twittering-on-2009-12-31/	490	by/2009--twittering-on-2009-12-31.md	tweet-digest
2009-12-30	1364	twittering on 2009-12-30	https://www.chesnok.com/daily/2009/12/30/twittering-on-2009-12-30/	557	by/2009--twittering-on-2009-12-30.md	tweet-digest
2009-12-29	1363	twittering on 2009-12-29	https://www.chesnok.com/daily/2009/12/29/twittering-on-2009-12-29/	3609	by/2009--twittering-on-2009-12-29.md	tweet-digest
2009-12-28	1362	twittering on 2009-12-28	https://www.chesnok.com/daily/2009/12/28/twittering-on-2009-12-28/	1868	by/2009--twittering-on-2009-12-28.md	tweet-digest
2009-12-27	1361	Weekly tweet digest for 2009-12-27	https://www.chesnok.com/daily/2009/12/27/weekly-tweet-digest-for-2009-12-27/	9952	by/2009--weekly-tweet-digest-for-2009-12-27.md	tweet-digest
2009-12-27	1360	twittering on 2009-12-27	https://www.chesnok.com/daily/2009/12/27/twittering-on-2009-12-27/	1121	by/2009--twittering-on-2009-12-27.md	tweet-digest
2009-12-26	1359	twittering on 2009-12-26	https://www.chesnok.com/daily/2009/12/26/twittering-on-2009-12-26/	251	by/2009--twittering-on-2009-12-26.md	tweet-digest
2009-12-24	1358	twittering on 2009-12-24	https://www.chesnok.com/daily/2009/12/24/twittering-on-2009-12-24/	1390	by/2009--twittering-on-2009-12-24.md	tweet-digest
2009-12-23	1357	twittering on 2009-12-23	https://www.chesnok.com/daily/2009/12/23/twittering-on-2009-12-23/	2568	by/2009--twittering-on-2009-12-23.md	tweet-digest
2009-12-22	1355	twittering on 2009-12-22	https://www.chesnok.com/daily/2009/12/22/twittering-on-2009-12-22/	3616	by/2009--twittering-on-2009-12-22.md	tweet-digest
2009-12-21	1354	twittering on 2009-12-21	https://www.chesnok.com/daily/2009/12/21/twittering-on-2009-12-21/	996	by/2009--twittering-on-2009-12-21.md	tweet-digest
2009-12-20	1353	Weekly tweet digest for 2009-12-20	https://www.chesnok.com/daily/2009/12/20/weekly-tweet-digest-for-2009-12-20/	4695	by/2009--weekly-tweet-digest-for-2009-12-20.md	tweet-digest
2009-12-20	1352	twittering on 2009-12-20	https://www.chesnok.com/daily/2009/12/20/twittering-on-2009-12-20/	299	by/2009--twittering-on-2009-12-20.md	tweet-digest
2009-12-19	1351	twittering on 2009-12-19	https://www.chesnok.com/daily/2009/12/19/twittering-on-2009-12-19/	264	by/2009--twittering-on-2009-12-19.md	tweet-digest
2009-12-18	1350	twittering on 2009-12-18	https://www.chesnok.com/daily/2009/12/18/twittering-on-2009-12-18/	221	by/2009--twittering-on-2009-12-18.md	tweet-digest
2009-12-17	1349	twittering on 2009-12-17	https://www.chesnok.com/daily/2009/12/17/twittering-on-2009-12-17/	1208	by/2009--twittering-on-2009-12-17.md	tweet-digest
2009-12-16	1348	twittering on 2009-12-16	https://www.chesnok.com/daily/2009/12/16/twittering-on-2009-12-16/	413	by/2009--twittering-on-2009-12-16.md	tweet-digest
2009-12-15	1347	twittering on 2009-12-15	https://www.chesnok.com/daily/2009/12/15/twittering-on-2009-12-15/	416	by/2009--twittering-on-2009-12-15.md	tweet-digest
2009-12-14	1346	twittering on 2009-12-14	https://www.chesnok.com/daily/2009/12/14/twittering-on-2009-12-14/	1862	by/2009--twittering-on-2009-12-14.md	tweet-digest
2009-12-13	1345	Weekly tweet digest for 2009-12-13	https://www.chesnok.com/daily/2009/12/13/weekly-tweet-digest-for-2009-12-13/	12159	by/2009--weekly-tweet-digest-for-2009-12-13.md	tweet-digest
2009-12-13	1344	twittering on 2009-12-13	https://www.chesnok.com/daily/2009/12/13/twittering-on-2009-12-13/	62	by/2009--twittering-on-2009-12-13.md	tweet-digest
2009-12-12	1343	twittering on 2009-12-12	https://www.chesnok.com/daily/2009/12/12/twittering-on-2009-12-12/	1781	by/2009--twittering-on-2009-12-12.md	tweet-digest
2009-12-11	1342	twittering on 2009-12-11	https://www.chesnok.com/daily/2009/12/11/twittering-on-2009-12-11/	4064	by/2009--twittering-on-2009-12-11.md	tweet-digest
2009-12-10	1341	twittering on 2009-12-10	https://www.chesnok.com/daily/2009/12/10/twittering-on-2009-12-10/	767	by/2009--twittering-on-2009-12-10.md	tweet-digest
2009-12-09	1340	twittering on 2009-12-09	https://www.chesnok.com/daily/2009/12/09/twittering-on-2009-12-09/	1860	by/2009--twittering-on-2009-12-09.md	tweet-digest
2009-12-08	1339	twittering on 2009-12-08	https://www.chesnok.com/daily/2009/12/08/twittering-on-2009-12-08/	1644	by/2009--twittering-on-2009-12-08.md	tweet-digest
2009-12-07	1338	twittering on 2009-12-07	https://www.chesnok.com/daily/2009/12/07/twittering-on-2009-12-07/	1969	by/2009--twittering-on-2009-12-07.md	tweet-digest
2009-12-06	1337	Weekly tweet digest for 2009-12-06	https://www.chesnok.com/daily/2009/12/06/weekly-tweet-digest-for-2009-12-06/	13799	by/2009--weekly-tweet-digest-for-2009-12-06.md	tweet-digest
2009-12-06	1336	twittering on 2009-12-06	https://www.chesnok.com/daily/2009/12/06/twittering-on-2009-12-06/	328	by/2009--twittering-on-2009-12-06.md	tweet-digest
2009-12-05	1335	twittering on 2009-12-05	https://www.chesnok.com/daily/2009/12/05/twittering-on-2009-12-05/	557	by/2009--twittering-on-2009-12-05.md	tweet-digest
2009-12-04	1334	twittering on 2009-12-04	https://www.chesnok.com/daily/2009/12/04/twittering-on-2009-12-04/	4563	by/2009--twittering-on-2009-12-04.md	tweet-digest
2009-12-03	1333	twittering on 2009-12-03	https://www.chesnok.com/daily/2009/12/03/twittering-on-2009-12-03/	2149	by/2009--twittering-on-2009-12-03.md	tweet-digest
2009-12-02	1332	twittering on 2009-12-02	https://www.chesnok.com/daily/2009/12/02/twittering-on-2009-12-02/	2005	by/2009--twittering-on-2009-12-02.md	tweet-digest
2009-12-01	1331	twittering on 2009-12-01	https://www.chesnok.com/daily/2009/12/01/twittering-on-2009-12-01-2/	1986	by/2009--twittering-on-2009-12-01-2.md	tweet-digest
2009-12-01	1330	twittering on 2009-12-01	https://www.chesnok.com/daily/2009/12/01/twittering-on-2009-12-01/	1986	by/2009--twittering-on-2009-12-01.md	tweet-digest
2009-11-30	1329	twittering on 2009-11-30	https://www.chesnok.com/daily/2009/11/30/twittering-on-2009-11-30/	2199	by/2009--twittering-on-2009-11-30.md	tweet-digest
2009-11-29	1328	Weekly tweet digest for 2009-11-29	https://www.chesnok.com/daily/2009/11/29/weekly-tweet-digest-for-2009-11-29/	577	by/2009--weekly-tweet-digest-for-2009-11-29.md	tweet-digest
2009-11-26	1327	twittering on 2009-11-26	https://www.chesnok.com/daily/2009/11/26/twittering-on-2009-11-26/	115	by/2009--twittering-on-2009-11-26.md	tweet-digest
2009-11-25	1326	twittering on 2009-11-25	https://www.chesnok.com/daily/2009/11/25/twittering-on-2009-11-25/	277	by/2009--twittering-on-2009-11-25.md	tweet-digest
2009-11-23	1325	twittering on 2009-11-23	https://www.chesnok.com/daily/2009/11/23/twittering-on-2009-11-23/	181	by/2009--twittering-on-2009-11-23.md	tweet-digest
2009-11-22	1324	Weekly tweet digest for 2009-11-22	https://www.chesnok.com/daily/2009/11/22/weekly-tweet-digest-for-2009-11-22/	21220	by/2009--weekly-tweet-digest-for-2009-11-22.md	tweet-digest
2009-11-22	1323	twittering on 2009-11-22	https://www.chesnok.com/daily/2009/11/22/twittering-on-2009-11-22/	396	by/2009--twittering-on-2009-11-22.md	tweet-digest
2009-11-21	1322	twittering on 2009-11-21	https://www.chesnok.com/daily/2009/11/21/twittering-on-2009-11-21/	3684	by/2009--twittering-on-2009-11-21.md	tweet-digest
2009-11-20	1321	twittering on 2009-11-20	https://www.chesnok.com/daily/2009/11/20/twittering-on-2009-11-20/	3545	by/2009--twittering-on-2009-11-20.md	tweet-digest
2009-11-19	1318	twittering on 2009-11-19	https://www.chesnok.com/daily/2009/11/19/twittering-on-2009-11-19/	3841	by/2009--twittering-on-2009-11-19.md	tweet-digest
2009-11-19	1310	Cluster Developer Meeting recap	https://www.chesnok.com/daily/2009/11/19/cluster-developer-meeting-recap/	1581	by/2009--cluster-developer-meeting-recap.md	post
2009-11-18	1309	twittering on 2009-11-18	https://www.chesnok.com/daily/2009/11/18/twittering-on-2009-11-18-2/	3623	by/2009--twittering-on-2009-11-18-2.md	tweet-digest
2009-11-18	1308	twittering on 2009-11-18	https://www.chesnok.com/daily/2009/11/18/twittering-on-2009-11-18/	3623	by/2009--twittering-on-2009-11-18.md	tweet-digest
2009-11-17	1307	twittering on 2009-11-17	https://www.chesnok.com/daily/2009/11/17/twittering-on-2009-11-17/	3016	by/2009--twittering-on-2009-11-17.md	tweet-digest
2009-11-16	1306	twittering on 2009-11-16	https://www.chesnok.com/daily/2009/11/16/twittering-on-2009-11-16/	3103	by/2009--twittering-on-2009-11-16.md	tweet-digest
2009-11-16	1293	OpenSQLCamp was awesome!	https://www.chesnok.com/daily/2009/11/16/opensqlcamp-was-awesome/	2562	by/2009--opensqlcamp-was-awesome.md	post
2009-11-15	1292	Weekly tweet digest for 2009-11-15	https://www.chesnok.com/daily/2009/11/15/weekly-tweet-digest-for-2009-11-15/	10872	by/2009--weekly-tweet-digest-for-2009-11-15.md	tweet-digest
2009-11-15	1291	twittering on 2009-11-15	https://www.chesnok.com/daily/2009/11/15/twittering-on-2009-11-15/	384	by/2009--twittering-on-2009-11-15.md	tweet-digest
2009-11-14	1290	twittering on 2009-11-14	https://www.chesnok.com/daily/2009/11/14/twittering-on-2009-11-14/	1373	by/2009--twittering-on-2009-11-14.md	tweet-digest
2009-11-13	1289	twittering on 2009-11-13	https://www.chesnok.com/daily/2009/11/13/twittering-on-2009-11-13/	2211	by/2009--twittering-on-2009-11-13.md	tweet-digest
2009-11-12	1288	twittering on 2009-11-12	https://www.chesnok.com/daily/2009/11/12/twittering-on-2009-11-12/	1166	by/2009--twittering-on-2009-11-12.md	tweet-digest
2009-11-11	1287	twittering on 2009-11-11	https://www.chesnok.com/daily/2009/11/11/twittering-on-2009-11-11/	2890	by/2009--twittering-on-2009-11-11.md	tweet-digest
2009-11-10	1286	twittering on 2009-11-10	https://www.chesnok.com/daily/2009/11/10/twittering-on-2009-11-10/	521	by/2009--twittering-on-2009-11-10.md	tweet-digest
2009-11-09	1285	twittering on 2009-11-09	https://www.chesnok.com/daily/2009/11/09/twittering-on-2009-11-09/	2315	by/2009--twittering-on-2009-11-09.md	tweet-digest
2009-11-08	1284	Weekly tweet digest for 2009-11-08	https://www.chesnok.com/daily/2009/11/08/weekly-tweet-digest-for-2009-11-08/	9562	by/2009--weekly-tweet-digest-for-2009-11-08.md	tweet-digest
2009-11-08	1283	twittering on 2009-11-08	https://www.chesnok.com/daily/2009/11/08/twittering-on-2009-11-08/	1403	by/2009--twittering-on-2009-11-08.md	tweet-digest
2009-11-08	1278	Perl Mongers, Open SQL Camp and JPUG 10th anniversary coming up	https://www.chesnok.com/daily/2009/11/08/perl-mongers-open-sql-camp-and-jpug-10th-anniversary-coming-up/	1507	by/2009--perl-mongers-open-sql-camp-and-jpug-10th-anniversary-coming-.md	post
2009-11-06	1277	twittering on 2009-11-06	https://www.chesnok.com/daily/2009/11/06/twittering-on-2009-11-06/	582	by/2009--twittering-on-2009-11-06.md	tweet-digest
2009-11-05	1276	twittering on 2009-11-05	https://www.chesnok.com/daily/2009/11/05/twittering-on-2009-11-05/	2559	by/2009--twittering-on-2009-11-05.md	tweet-digest
2009-11-04	1275	twittering on 2009-11-04	https://www.chesnok.com/daily/2009/11/04/twittering-on-2009-11-04/	365	by/2009--twittering-on-2009-11-04.md	tweet-digest
2009-11-03	1274	twittering on 2009-11-03	https://www.chesnok.com/daily/2009/11/03/twittering-on-2009-11-03/	2721	by/2009--twittering-on-2009-11-03.md	tweet-digest
2009-11-02	1273	twittering on 2009-11-02	https://www.chesnok.com/daily/2009/11/02/twittering-on-2009-11-02/	1922	by/2009--twittering-on-2009-11-02.md	tweet-digest
2009-11-01	1272	Weekly tweet digest for 2009-11-01	https://www.chesnok.com/daily/2009/11/01/weekly-tweet-digest-for-2009-11-01/	9563	by/2009--weekly-tweet-digest-for-2009-11-01.md	tweet-digest
2009-11-01	1271	twittering on 2009-11-01	https://www.chesnok.com/daily/2009/11/01/twittering-on-2009-11-01/	119	by/2009--twittering-on-2009-11-01.md	tweet-digest
2009-10-30	1270	twittering on 2009-10-30	https://www.chesnok.com/daily/2009/10/30/twittering-on-2009-10-30/	821	by/2009--twittering-on-2009-10-30.md	tweet-digest
2009-10-29	1269	twittering on 2009-10-29	https://www.chesnok.com/daily/2009/10/29/twittering-on-2009-10-29/	3089	by/2009--twittering-on-2009-10-29.md	tweet-digest
2009-10-28	1268	twittering on 2009-10-28	https://www.chesnok.com/daily/2009/10/28/twittering-on-2009-10-28/	1139	by/2009--twittering-on-2009-10-28.md	tweet-digest
2009-10-27	1267	twittering on 2009-10-27	https://www.chesnok.com/daily/2009/10/27/twittering-on-2009-10-27/	2556	by/2009--twittering-on-2009-10-27.md	tweet-digest
2009-10-27	1262	Server Sky presentation, with Personal Telco folks, tomorrow in PDX at 6:30pm	https://www.chesnok.com/daily/2009/10/27/server-sky-presentation-with-personal-telco-folks-tomorrow-in-pdx-at-630pm/	2503	by/2009--server-sky-presentation-with-personal-telco-folks-tomorrow-i.md	post
2009-10-26	1261	twittering on 2009-10-26	https://www.chesnok.com/daily/2009/10/26/twittering-on-2009-10-26/	1829	by/2009--twittering-on-2009-10-26.md	tweet-digest
2009-10-25	1260	Weekly tweet digest for 2009-10-25	https://www.chesnok.com/daily/2009/10/25/weekly-tweet-digest-for-2009-10-25/	11613	by/2009--weekly-tweet-digest-for-2009-10-25.md	tweet-digest
2009-10-25	1259	twittering on 2009-10-25	https://www.chesnok.com/daily/2009/10/25/twittering-on-2009-10-25/	252	by/2009--twittering-on-2009-10-25.md	tweet-digest
2009-10-24	1258	twittering on 2009-10-24	https://www.chesnok.com/daily/2009/10/24/twittering-on-2009-10-24/	1955	by/2009--twittering-on-2009-10-24.md	tweet-digest
2009-10-24	1251	GSoC Mentor Summit and the new mentor’s manual	https://www.chesnok.com/daily/2009/10/24/gsoc-mentor-summit-and-the-new-mentors-manual/	1326	by/2009--gsoc-mentor-summit-and-the-new-mentors-manual.md	post
2009-10-23	1250	twittering on 2009-10-23	https://www.chesnok.com/daily/2009/10/23/twittering-on-2009-10-23/	753	by/2009--twittering-on-2009-10-23.md	tweet-digest
2009-10-22	1249	twittering on 2009-10-22	https://www.chesnok.com/daily/2009/10/22/twittering-on-2009-10-22/	904	by/2009--twittering-on-2009-10-22.md	tweet-digest
2009-10-21	1248	twittering on 2009-10-21	https://www.chesnok.com/daily/2009/10/21/twittering-on-2009-10-21/	3324	by/2009--twittering-on-2009-10-21.md	tweet-digest
2009-10-20	1247	twittering on 2009-10-20	https://www.chesnok.com/daily/2009/10/20/twittering-on-2009-10-20/	1237	by/2009--twittering-on-2009-10-20.md	tweet-digest
2009-10-19	1246	twittering on 2009-10-19	https://www.chesnok.com/daily/2009/10/19/twittering-on-2009-10-19/	3176	by/2009--twittering-on-2009-10-19.md	tweet-digest
2009-10-18	1245	Weekly tweet digest for 2009-10-18	https://www.chesnok.com/daily/2009/10/18/weekly-tweet-digest-for-2009-10-18/	8338	by/2009--weekly-tweet-digest-for-2009-10-18.md	tweet-digest
2009-10-18	1244	twittering on 2009-10-18	https://www.chesnok.com/daily/2009/10/18/twittering-on-2009-10-18/	772	by/2009--twittering-on-2009-10-18.md	tweet-digest
2009-10-17	1242	twittering on 2009-10-17	https://www.chesnok.com/daily/2009/10/17/twittering-on-2009-10-17/	1496	by/2009--twittering-on-2009-10-17.md	tweet-digest
2009-10-17	1241	Bucardo talk up	https://www.chesnok.com/daily/2009/10/17/bucardo-talk-up/	199	by/2009--bucardo-talk-up.md	post
2009-10-16	1240	twittering on 2009-10-16	https://www.chesnok.com/daily/2009/10/16/twittering-on-2009-10-16/	940	by/2009--twittering-on-2009-10-16.md	tweet-digest
2009-10-15	1239	twittering on 2009-10-15	https://www.chesnok.com/daily/2009/10/15/twittering-on-2009-10-15/	1199	by/2009--twittering-on-2009-10-15.md	tweet-digest
2009-10-15	1225	Kicking off Open Source Bridge planning	https://www.chesnok.com/daily/2009/10/15/kicking-off-open-source-bridge-planning/	1152	by/2009--kicking-off-open-source-bridge-planning.md	post
2009-10-14	1224	twittering on 2009-10-14	https://www.chesnok.com/daily/2009/10/14/twittering-on-2009-10-14/	1401	by/2009--twittering-on-2009-10-14.md	tweet-digest
2009-10-13	1223	twittering on 2009-10-13	https://www.chesnok.com/daily/2009/10/13/twittering-on-2009-10-13/	1120	by/2009--twittering-on-2009-10-13.md	tweet-digest
2009-10-12	1222	twittering on 2009-10-12	https://www.chesnok.com/daily/2009/10/12/twittering-on-2009-10-12/	1398	by/2009--twittering-on-2009-10-12.md	tweet-digest
2009-10-11	1221	Weekly tweet digest for 2009-10-11	https://www.chesnok.com/daily/2009/10/11/weekly-tweet-digest-for-2009-10-11/	9044	by/2009--weekly-tweet-digest-for-2009-10-11.md	tweet-digest
2009-10-11	1220	twittering on 2009-10-11	https://www.chesnok.com/daily/2009/10/11/twittering-on-2009-10-11/	337	by/2009--twittering-on-2009-10-11.md	tweet-digest
2009-10-10	1219	twittering on 2009-10-10	https://www.chesnok.com/daily/2009/10/10/twittering-on-2009-10-10/	609	by/2009--twittering-on-2009-10-10.md	tweet-digest
2009-10-09	1218	twittering on 2009-10-09	https://www.chesnok.com/daily/2009/10/09/twittering-on-2009-10-09/	514	by/2009--twittering-on-2009-10-09.md	tweet-digest
2009-10-09	1215	Enterprising PgWest conference speaker makes an after-party wiki page!	https://www.chesnok.com/daily/2009/10/09/enterprising-pgwest-conference-speaker-makes-an-after-party-wiki-page/	380	by/2009--enterprising-pgwest-conference-speaker-makes-an-after-party-.md	post
2009-10-08	1214	twittering on 2009-10-08	https://www.chesnok.com/daily/2009/10/08/twittering-on-2009-10-08/	2237	by/2009--twittering-on-2009-10-08.md	tweet-digest
2009-10-07	1212	twittering on 2009-10-07	https://www.chesnok.com/daily/2009/10/07/twittering-on-2009-10-07/	2002	by/2009--twittering-on-2009-10-07.md	tweet-digest
2009-10-06	1211	twittering on 2009-10-06	https://www.chesnok.com/daily/2009/10/06/twittering-on-2009-10-06/	2355	by/2009--twittering-on-2009-10-06.md	tweet-digest
2009-10-05	1210	twittering on 2009-10-05	https://www.chesnok.com/daily/2009/10/05/twittering-on-2009-10-05/	978	by/2009--twittering-on-2009-10-05.md	tweet-digest
2009-10-04	1208	Weekly tweet digest for 2009-10-04	https://www.chesnok.com/daily/2009/10/04/weekly-tweet-digest-for-2009-10-04/	9001	by/2009--weekly-tweet-digest-for-2009-10-04.md	tweet-digest
2009-10-04	1207	twittering on 2009-10-04	https://www.chesnok.com/daily/2009/10/04/twittering-on-2009-10-04/	2083	by/2009--twittering-on-2009-10-04.md	tweet-digest
2009-10-04	1201	User Group Idea: The After-party	https://www.chesnok.com/daily/2009/10/04/user-group-idea-the-after-party/	1780	by/2009--user-group-idea-the-after-party.md	post
2009-10-04	1194	Snow Leopard and PostgreSQL: installation help links	https://www.chesnok.com/daily/2009/10/04/snow-leopard-and-postgresql-installation-help-links/	1385	by/2009--snow-leopard-and-postgresql-installation-help-links.md	post
2009-10-03	1193	twittering on 2009-10-03	https://www.chesnok.com/daily/2009/10/03/twittering-on-2009-10-03/	298	by/2009--twittering-on-2009-10-03.md	tweet-digest
2009-10-02	1192	twittering on 2009-10-02	https://www.chesnok.com/daily/2009/10/02/twittering-on-2009-10-02/	1439	by/2009--twittering-on-2009-10-02.md	tweet-digest
2009-10-01	1191	twittering on 2009-10-01	https://www.chesnok.com/daily/2009/10/01/twittering-on-2009-10-01-2/	521	by/2009--twittering-on-2009-10-01-2.md	tweet-digest
2009-10-01	1190	twittering on 2009-10-01	https://www.chesnok.com/daily/2009/10/01/twittering-on-2009-10-01/	521	by/2009--twittering-on-2009-10-01.md	tweet-digest
2009-09-30	1189	twittering on 2009-09-30	https://www.chesnok.com/daily/2009/09/30/twittering-on-2009-09-30/	646	by/2009--twittering-on-2009-09-30.md	tweet-digest
2009-09-29	1188	twittering on 2009-09-29	https://www.chesnok.com/daily/2009/09/29/twittering-on-2009-09-29/	1478	by/2009--twittering-on-2009-09-29.md	tweet-digest
2009-09-28	1185	twittering on 2009-09-28	https://www.chesnok.com/daily/2009/09/28/twittering-on-2009-09-28/	2524	by/2009--twittering-on-2009-09-28.md	tweet-digest
2009-09-28	1171	Responding to offensive presentations at conferences	https://www.chesnok.com/daily/2009/09/28/responding-to-offensive-presentations-at-conferences/	2763	by/2009--responding-to-offensive-presentations-at-conferences.md	post
2009-09-28	1156	User Group Idea: Present what you do for work	https://www.chesnok.com/daily/2009/09/28/user-group-idea-present-what-you-do-for-work/	2105	by/2009--user-group-idea-present-what-you-do-for-work.md	post
2009-09-27	1155	Weekly tweet digest for 2009-09-27	https://www.chesnok.com/daily/2009/09/27/weekly-tweet-digest-for-2009-09-27/	5952	by/2009--weekly-tweet-digest-for-2009-09-27.md	tweet-digest
2009-09-27	1154	twittering on 2009-09-27	https://www.chesnok.com/daily/2009/09/27/twittering-on-2009-09-27/	1426	by/2009--twittering-on-2009-09-27.md	tweet-digest
2009-09-25	1153	twittering on 2009-09-25	https://www.chesnok.com/daily/2009/09/25/twittering-on-2009-09-25/	665	by/2009--twittering-on-2009-09-25.md	tweet-digest
2009-09-24	1152	twittering on 2009-09-24	https://www.chesnok.com/daily/2009/09/24/twittering-on-2009-09-24/	1249	by/2009--twittering-on-2009-09-24.md	tweet-digest
2009-09-24	1151	twittering on 2009-09-24	https://www.chesnok.com/daily/2009/09/24/twittering-on-2009-09-24-2/	1249	by/2009--twittering-on-2009-09-24-2.md	tweet-digest
2009-09-23	1150	twittering on 2009-09-23	https://www.chesnok.com/daily/2009/09/23/twittering-on-2009-09-23/	225	by/2009--twittering-on-2009-09-23.md	tweet-digest
2009-09-22	1149	twittering on 2009-09-22	https://www.chesnok.com/daily/2009/09/22/twittering-on-2009-09-22-3/	802	by/2009--twittering-on-2009-09-22-3.md	tweet-digest
2009-09-21	1148	twittering on 2009-09-22	https://www.chesnok.com/daily/2009/09/21/twittering-on-2009-09-22-2/	1575	by/2009--twittering-on-2009-09-22-2.md	tweet-digest
2009-09-21	1147	twittering on 2009-09-22	https://www.chesnok.com/daily/2009/09/21/twittering-on-2009-09-22/	1575	by/2009--twittering-on-2009-09-22.md	tweet-digest
2009-09-20	1146	Weekly tweet digest for 2009-09-20	https://www.chesnok.com/daily/2009/09/20/weekly-tweet-digest-for-2009-09-20/	5529	by/2009--weekly-tweet-digest-for-2009-09-20.md	tweet-digest
2009-09-19	1145	twittering on 2009-09-19	https://www.chesnok.com/daily/2009/09/19/twittering-on-2009-09-19/	894	by/2009--twittering-on-2009-09-19.md	tweet-digest
2009-09-18	1144	twittering on 2009-09-18	https://www.chesnok.com/daily/2009/09/18/twittering-on-2009-09-18/	1889	by/2009--twittering-on-2009-09-18.md	tweet-digest
2009-09-18	1137	User Group Idea: Patch Review Party	https://www.chesnok.com/daily/2009/09/18/user-group-idea-patch-review-party/	2823	by/2009--user-group-idea-patch-review-party.md	post
2009-08-16	1131	Weekly tweet digest for 2009-08-16	https://www.chesnok.com/daily/2009/08/16/weekly-tweet-digest-for-2009-08-16/	1765	by/2009--weekly-tweet-digest-for-2009-08-16.md	tweet-digest
2009-08-11	1130	twittering on 2009-08-11	https://www.chesnok.com/daily/2009/08/11/twittering-on-2009-08-11/	349	by/2009--twittering-on-2009-08-11.md	tweet-digest
2009-08-10	1129	twittering on 2009-08-10	https://www.chesnok.com/daily/2009/08/10/twittering-on-2009-08-10/	1414	by/2009--twittering-on-2009-08-10.md	tweet-digest
2009-08-09	1128	Weekly tweet digest for 2009-08-09	https://www.chesnok.com/daily/2009/08/09/weekly-tweet-digest-for-2009-08-09/	8940	by/2009--weekly-tweet-digest-for-2009-08-09.md	tweet-digest
2009-08-09	1127	twittering on 2009-08-09	https://www.chesnok.com/daily/2009/08/09/twittering-on-2009-08-09/	1180	by/2009--twittering-on-2009-08-09.md	tweet-digest
2009-08-08	1126	twittering on 2009-08-08	https://www.chesnok.com/daily/2009/08/08/twittering-on-2009-08-08/	120	by/2009--twittering-on-2009-08-08.md	tweet-digest
2009-08-07	1125	twittering on 2009-08-07	https://www.chesnok.com/daily/2009/08/07/twittering-on-2009-08-07-3/	3844	by/2009--twittering-on-2009-08-07-3.md	tweet-digest
2009-08-06	1123	twittering on 2009-08-07	https://www.chesnok.com/daily/2009/08/06/twittering-on-2009-08-07-2/	540	by/2009--twittering-on-2009-08-07-2.md	tweet-digest
2009-08-06	1122	twittering on 2009-08-07	https://www.chesnok.com/daily/2009/08/06/twittering-on-2009-08-07/	540	by/2009--twittering-on-2009-08-07.md	tweet-digest
2009-08-05	1121	twittering on 2009-08-05	https://www.chesnok.com/daily/2009/08/05/twittering-on-2009-08-05/	206	by/2009--twittering-on-2009-08-05.md	tweet-digest
2009-08-04	1120	twittering on 2009-08-04	https://www.chesnok.com/daily/2009/08/04/twittering-on-2009-08-04/	1740	by/2009--twittering-on-2009-08-04.md	tweet-digest
2009-08-03	1119	twittering on 2009-08-03	https://www.chesnok.com/daily/2009/08/03/twittering-on-2009-08-03/	1298	by/2009--twittering-on-2009-08-03.md	tweet-digest
2009-08-02	1118	Weekly tweet digest for 2009-08-02	https://www.chesnok.com/daily/2009/08/02/weekly-tweet-digest-for-2009-08-02/	6014	by/2009--weekly-tweet-digest-for-2009-08-02.md	tweet-digest
2009-08-02	1117	twittering on 2009-08-02	https://www.chesnok.com/daily/2009/08/02/twittering-on-2009-08-02/	910	by/2009--twittering-on-2009-08-02.md	tweet-digest
2009-08-01	1116	twittering on 2009-08-01	https://www.chesnok.com/daily/2009/08/01/twittering-on-2009-08-01/	297	by/2009--twittering-on-2009-08-01.md	tweet-digest
2009-07-31	1115	twittering on 2009-07-31	https://www.chesnok.com/daily/2009/07/31/twittering-on-2009-07-31/	730	by/2009--twittering-on-2009-07-31.md	tweet-digest
2009-07-30	1114	twittering on 2009-07-30	https://www.chesnok.com/daily/2009/07/30/twittering-on-2009-07-30/	565	by/2009--twittering-on-2009-07-30.md	tweet-digest
2009-07-30	1112	My thoughts about community management	https://www.chesnok.com/daily/2009/07/30/my-thoughts-about-community-management/	2564	by/2009--my-thoughts-about-community-management.md	post
2009-07-29	1111	twittering on 2009-07-29	https://www.chesnok.com/daily/2009/07/29/twittering-on-2009-07-29-2/	2848	by/2009--twittering-on-2009-07-29-2.md	tweet-digest
2009-07-29	1103	OpenSQL Camp comes to Portland! November 14-15, 2009	https://www.chesnok.com/daily/2009/07/29/opensql-camp-comes-to-portland-november-14-15-2009/	1430	by/2009--opensql-camp-comes-to-portland-november-14-15-2009.md	post
2009-07-28	1109	twittering on 2009-07-29	https://www.chesnok.com/daily/2009/07/28/twittering-on-2009-07-29/	440	by/2009--twittering-on-2009-07-29.md	tweet-digest
2009-07-27	1102	twittering on 2009-07-27	https://www.chesnok.com/daily/2009/07/27/twittering-on-2009-07-27/	212	by/2009--twittering-on-2009-07-27.md	tweet-digest
2009-07-26	1101	Weekly tweet digest for 2009-07-26	https://www.chesnok.com/daily/2009/07/26/weekly-tweet-digest-for-2009-07-26/	7469	by/2009--weekly-tweet-digest-for-2009-07-26.md	tweet-digest
2009-07-26	1100	twittering on 2009-07-26	https://www.chesnok.com/daily/2009/07/26/twittering-on-2009-07-26/	242	by/2009--twittering-on-2009-07-26.md	tweet-digest
2009-07-24	1099	twittering on 2009-07-24	https://www.chesnok.com/daily/2009/07/24/twittering-on-2009-07-24/	620	by/2009--twittering-on-2009-07-24.md	tweet-digest
2009-07-23	1098	twittering on 2009-07-23	https://www.chesnok.com/daily/2009/07/23/twittering-on-2009-07-23/	1013	by/2009--twittering-on-2009-07-23.md	tweet-digest
2009-07-22	1097	twittering on 2009-07-22	https://www.chesnok.com/daily/2009/07/22/twittering-on-2009-07-22/	2885	by/2009--twittering-on-2009-07-22.md	tweet-digest
2009-07-21	1096	twittering on 2009-07-21	https://www.chesnok.com/daily/2009/07/21/twittering-on-2009-07-21/	2580	by/2009--twittering-on-2009-07-21.md	tweet-digest
2009-07-20	1095	twittering on 2009-07-20	https://www.chesnok.com/daily/2009/07/20/twittering-on-2009-07-20/	119	by/2009--twittering-on-2009-07-20.md	tweet-digest
2009-07-19	1094	Weekly tweet digest for 2009-07-19	https://www.chesnok.com/daily/2009/07/19/weekly-tweet-digest-for-2009-07-19-2/	5216	by/2009--weekly-tweet-digest-for-2009-07-19-2.md	tweet-digest
2009-07-19	1093	Weekly tweet digest for 2009-07-19	https://www.chesnok.com/daily/2009/07/19/weekly-tweet-digest-for-2009-07-19/	5216	by/2009--weekly-tweet-digest-for-2009-07-19.md	tweet-digest
2009-07-19	1092	twittering on 2009-07-19	https://www.chesnok.com/daily/2009/07/19/twittering-on-2009-07-19-2/	1781	by/2009--twittering-on-2009-07-19-2.md	tweet-digest
2009-07-19	1091	twittering on 2009-07-19	https://www.chesnok.com/daily/2009/07/19/twittering-on-2009-07-19/	1781	by/2009--twittering-on-2009-07-19.md	tweet-digest
2009-07-18	1089	twittering on 2009-07-18	https://www.chesnok.com/daily/2009/07/18/twittering-on-2009-07-18/	1016	by/2009--twittering-on-2009-07-18.md	tweet-digest
2009-07-17	1088	twittering on 2009-07-17	https://www.chesnok.com/daily/2009/07/17/twittering-on-2009-07-17/	656	by/2009--twittering-on-2009-07-17.md	tweet-digest
2009-07-16	1087	twittering on 2009-07-16	https://www.chesnok.com/daily/2009/07/16/twittering-on-2009-07-16/	590	by/2009--twittering-on-2009-07-16.md	tweet-digest
2009-07-15	1085	twittering on 2009-07-15	https://www.chesnok.com/daily/2009/07/15/twittering-on-2009-07-15-2/	770	by/2009--twittering-on-2009-07-15-2.md	tweet-digest
2009-07-15	1084	twittering on 2009-07-15	https://www.chesnok.com/daily/2009/07/15/twittering-on-2009-07-15/	770	by/2009--twittering-on-2009-07-15.md	tweet-digest
2009-07-14	1083	twittering on 2009-07-14	https://www.chesnok.com/daily/2009/07/14/twittering-on-2009-07-14-2/	203	by/2009--twittering-on-2009-07-14-2.md	tweet-digest
2009-07-14	1082	twittering on 2009-07-14	https://www.chesnok.com/daily/2009/07/14/twittering-on-2009-07-14/	203	by/2009--twittering-on-2009-07-14.md	tweet-digest
2009-07-12	1081	twittering on 2009-07-12	https://www.chesnok.com/daily/2009/07/12/twittering-on-2009-07-12-2/	422	by/2009--twittering-on-2009-07-12-2.md	tweet-digest
2009-07-12	1080	twittering on 2009-07-12	https://www.chesnok.com/daily/2009/07/12/twittering-on-2009-07-12/	422	by/2009--twittering-on-2009-07-12.md	tweet-digest
2009-07-11	1079	twittering on 2009-07-11	https://www.chesnok.com/daily/2009/07/11/twittering-on-2009-07-11-2/	801	by/2009--twittering-on-2009-07-11-2.md	tweet-digest
2009-07-11	1078	twittering on 2009-07-11	https://www.chesnok.com/daily/2009/07/11/twittering-on-2009-07-11/	801	by/2009--twittering-on-2009-07-11.md	tweet-digest
2009-07-10	1077	twittering on 2009-07-10	https://www.chesnok.com/daily/2009/07/10/twittering-on-2009-07-10-2/	691	by/2009--twittering-on-2009-07-10-2.md	tweet-digest
2009-07-10	1076	twittering on 2009-07-10	https://www.chesnok.com/daily/2009/07/10/twittering-on-2009-07-10/	691	by/2009--twittering-on-2009-07-10.md	tweet-digest
2009-07-09	1075	twittering on 2009-07-09	https://www.chesnok.com/daily/2009/07/09/twittering-on-2009-07-09/	366	by/2009--twittering-on-2009-07-09.md	tweet-digest
2009-07-08	1074	twittering on 2009-07-08	https://www.chesnok.com/daily/2009/07/08/twittering-on-2009-07-08/	550	by/2009--twittering-on-2009-07-08.md	tweet-digest
2009-07-07	1073	twittering on 2009-07-07	https://www.chesnok.com/daily/2009/07/07/twittering-on-2009-07-07/	1490	by/2009--twittering-on-2009-07-07.md	tweet-digest
2009-07-06	1072	twittering on 2009-07-06	https://www.chesnok.com/daily/2009/07/06/twittering-on-2009-07-06/	844	by/2009--twittering-on-2009-07-06.md	tweet-digest
2009-07-06	1065	FOSS resources and articles related to Africa	https://www.chesnok.com/daily/2009/07/06/foss-resources-and-articles-related-to-africa/	3799	by/2009--foss-resources-and-articles-related-to-africa.md	post
2009-07-05	1064	twittering on 2009-07-05	https://www.chesnok.com/daily/2009/07/05/twittering-on-2009-07-05-2/	2456	by/2009--twittering-on-2009-07-05-2.md	tweet-digest
2009-07-05	1063	twittering on 2009-07-05	https://www.chesnok.com/daily/2009/07/05/twittering-on-2009-07-05/	2456	by/2009--twittering-on-2009-07-05.md	tweet-digest
2009-07-04	1062	twittering on 2009-07-04	https://www.chesnok.com/daily/2009/07/04/twittering-on-2009-07-04/	1550	by/2009--twittering-on-2009-07-04.md	tweet-digest
2009-07-03	1061	twittering on 2009-07-03	https://www.chesnok.com/daily/2009/07/03/twittering-on-2009-07-03-2/	1523	by/2009--twittering-on-2009-07-03-2.md	tweet-digest
2009-07-03	1060	twittering on 2009-07-03	https://www.chesnok.com/daily/2009/07/03/twittering-on-2009-07-03/	1523	by/2009--twittering-on-2009-07-03.md	tweet-digest
2009-07-02	1059	twittering on 2009-07-02	https://www.chesnok.com/daily/2009/07/02/twittering-on-2009-07-02-2/	422	by/2009--twittering-on-2009-07-02-2.md	tweet-digest
2009-07-02	1058	twittering on 2009-07-02	https://www.chesnok.com/daily/2009/07/02/twittering-on-2009-07-02/	422	by/2009--twittering-on-2009-07-02.md	tweet-digest
2009-07-01	1057	twittering on 2009-07-01	https://www.chesnok.com/daily/2009/07/01/twittering-on-2009-07-01/	1417	by/2009--twittering-on-2009-07-01.md	tweet-digest
2009-06-30	1056	twittering on 2009-06-30	https://www.chesnok.com/daily/2009/06/30/twittering-on-2009-06-30/	470	by/2009--twittering-on-2009-06-30.md	tweet-digest
2009-06-29	1055	twittering on 2009-06-29	https://www.chesnok.com/daily/2009/06/29/twittering-on-2009-06-29-2/	736	by/2009--twittering-on-2009-06-29-2.md	tweet-digest
2009-06-29	1054	twittering on 2009-06-29	https://www.chesnok.com/daily/2009/06/29/twittering-on-2009-06-29/	736	by/2009--twittering-on-2009-06-29.md	tweet-digest
2009-06-28	1053	twittering on 2009-06-28	https://www.chesnok.com/daily/2009/06/28/twittering-on-2009-06-28/	171	by/2009--twittering-on-2009-06-28.md	tweet-digest
2009-06-26	1052	twittering on 2009-06-26	https://www.chesnok.com/daily/2009/06/26/twittering-on-2009-06-26/	857	by/2009--twittering-on-2009-06-26.md	tweet-digest
2009-06-25	1051	twittering on 2009-06-25	https://www.chesnok.com/daily/2009/06/25/twittering-on-2009-06-25/	2673	by/2009--twittering-on-2009-06-25.md	tweet-digest
2009-06-24	1050	twittering on 2009-06-24	https://www.chesnok.com/daily/2009/06/24/twittering-on-2009-06-24/	978	by/2009--twittering-on-2009-06-24.md	tweet-digest
2009-06-23	1049	twittering on 2009-06-23	https://www.chesnok.com/daily/2009/06/23/twittering-on-2009-06-23/	2248	by/2009--twittering-on-2009-06-23.md	tweet-digest
2009-06-22	1048	twittering on 2009-06-22	https://www.chesnok.com/daily/2009/06/22/twittering-on-2009-06-22-2/	369	by/2009--twittering-on-2009-06-22-2.md	tweet-digest
2009-06-22	1047	twittering on 2009-06-22	https://www.chesnok.com/daily/2009/06/22/twittering-on-2009-06-22/	369	by/2009--twittering-on-2009-06-22.md	tweet-digest
2009-06-21	1046	twittering on 2009-06-21	https://www.chesnok.com/daily/2009/06/21/twittering-on-2009-06-21-2/	769	by/2009--twittering-on-2009-06-21-2.md	tweet-digest
2009-06-21	1045	twittering on 2009-06-21	https://www.chesnok.com/daily/2009/06/21/twittering-on-2009-06-21/	769	by/2009--twittering-on-2009-06-21.md	tweet-digest
2009-06-20	1044	twittering on 2009-06-20	https://www.chesnok.com/daily/2009/06/20/twittering-on-2009-06-20-2/	1271	by/2009--twittering-on-2009-06-20-2.md	tweet-digest
2009-06-20	1043	twittering on 2009-06-20	https://www.chesnok.com/daily/2009/06/20/twittering-on-2009-06-20/	1271	by/2009--twittering-on-2009-06-20.md	tweet-digest
2009-06-20	1033	Open Source Bridge: Thank you all	https://www.chesnok.com/daily/2009/06/20/open-source-bridge-thank-you-all/	2360	by/2009--open-source-bridge-thank-you-all.md	post
2009-06-19	1032	twittering on 2009-06-19	https://www.chesnok.com/daily/2009/06/19/twittering-on-2009-06-19/	280	by/2009--twittering-on-2009-06-19.md	tweet-digest
2009-06-18	1031	twittering on 2009-06-18	https://www.chesnok.com/daily/2009/06/18/twittering-on-2009-06-18-2/	1370	by/2009--twittering-on-2009-06-18-2.md	tweet-digest
2009-06-18	1030	twittering on 2009-06-18	https://www.chesnok.com/daily/2009/06/18/twittering-on-2009-06-18/	1370	by/2009--twittering-on-2009-06-18.md	tweet-digest
2009-06-17	1029	twittering on 2009-06-17	https://www.chesnok.com/daily/2009/06/17/twittering-on-2009-06-17/	2521	by/2009--twittering-on-2009-06-17.md	tweet-digest
2009-06-16	1028	twittering on 2009-06-16	https://www.chesnok.com/daily/2009/06/16/twittering-on-2009-06-16/	1883	by/2009--twittering-on-2009-06-16.md	tweet-digest
2009-06-15	1027	twittering on 2009-06-15	https://www.chesnok.com/daily/2009/06/15/twittering-on-2009-06-15-2/	764	by/2009--twittering-on-2009-06-15-2.md	tweet-digest
2009-06-15	1026	twittering on 2009-06-15	https://www.chesnok.com/daily/2009/06/15/twittering-on-2009-06-15/	764	by/2009--twittering-on-2009-06-15.md	tweet-digest
2009-06-14	1025	twittering on 2009-06-14	https://www.chesnok.com/daily/2009/06/14/twittering-on-2009-06-14/	137	by/2009--twittering-on-2009-06-14.md	tweet-digest
2009-06-12	1024	twittering on 2009-06-12	https://www.chesnok.com/daily/2009/06/12/twittering-on-2009-06-12/	1441	by/2009--twittering-on-2009-06-12.md	tweet-digest
2009-06-11	1023	twittering on 2009-06-11	https://www.chesnok.com/daily/2009/06/11/twittering-on-2009-06-11/	313	by/2009--twittering-on-2009-06-11.md	tweet-digest
2009-06-10	1022	twittering on 2009-06-10	https://www.chesnok.com/daily/2009/06/10/twittering-on-2009-06-10/	114	by/2009--twittering-on-2009-06-10.md	tweet-digest
2009-06-09	1021	twittering on 2009-06-09	https://www.chesnok.com/daily/2009/06/09/twittering-on-2009-06-09-2/	1443	by/2009--twittering-on-2009-06-09-2.md	tweet-digest
2009-06-09	1020	twittering on 2009-06-09	https://www.chesnok.com/daily/2009/06/09/twittering-on-2009-06-09/	1443	by/2009--twittering-on-2009-06-09.md	tweet-digest
2009-06-08	1019	twittering on 2009-06-08	https://www.chesnok.com/daily/2009/06/08/twittering-on-2009-06-08/	1444	by/2009--twittering-on-2009-06-08.md	tweet-digest
2009-06-07	1018	twittering on 2009-06-07	https://www.chesnok.com/daily/2009/06/07/twittering-on-2009-06-07/	952	by/2009--twittering-on-2009-06-07.md	tweet-digest
2009-06-07	1012	collaboration = conflict + people	https://www.chesnok.com/daily/2009/06/07/collaboration-conflict-people/	1426	by/2009--collaboration-conflict-people.md	post
2009-06-06	1011	twittering on 2009-06-06	https://www.chesnok.com/daily/2009/06/06/twittering-on-2009-06-06/	147	by/2009--twittering-on-2009-06-06.md	tweet-digest
2009-06-05	1010	twittering on 2009-06-05	https://www.chesnok.com/daily/2009/06/05/twittering-on-2009-06-05/	274	by/2009--twittering-on-2009-06-05.md	tweet-digest
2009-06-04	1005	Outside the echo chamber	https://www.chesnok.com/daily/2009/06/04/outside-the-echo-chamber/	1288	by/2009--outside-the-echo-chamber.md	post
2009-06-04	1001	twittering on 2009-06-04	https://www.chesnok.com/daily/2009/06/04/twittering-on-2009-06-04/	1750	by/2009--twittering-on-2009-06-04.md	tweet-digest
2009-06-03	1000	twittering on 2009-06-03	https://www.chesnok.com/daily/2009/06/03/twittering-on-2009-06-03/	3684	by/2009--twittering-on-2009-06-03.md	tweet-digest
2009-06-02	999	twittering on 2009-06-02	https://www.chesnok.com/daily/2009/06/02/twittering-on-2009-06-02/	3831	by/2009--twittering-on-2009-06-02.md	tweet-digest
2009-06-01	995	twittering on 2009-06-01	https://www.chesnok.com/daily/2009/06/01/twittering-on-2009-06-01/	1183	by/2009--twittering-on-2009-06-01.md	tweet-digest
2009-06-01	990	Offline community, PUGs updates	https://www.chesnok.com/daily/2009/06/01/offline-community-pugs-updates/	994	by/2009--offline-community-pugs-updates.md	post
2009-05-31	989	twittering on 2009-05-31	https://www.chesnok.com/daily/2009/05/31/twittering-on-2009-05-31/	297	by/2009--twittering-on-2009-05-31.md	tweet-digest
2009-05-30	987	twittering on 2009-05-30	https://www.chesnok.com/daily/2009/05/30/twittering-on-2009-05-30/	1114	by/2009--twittering-on-2009-05-30.md	tweet-digest
2009-05-30	982	Inspiration to project	https://www.chesnok.com/daily/2009/05/30/inspiration-to-project/	942	by/2009--inspiration-to-project.md	post
2009-05-29	981	twittering on 2009-05-29	https://www.chesnok.com/daily/2009/05/29/twittering-on-2009-05-29/	2589	by/2009--twittering-on-2009-05-29.md	tweet-digest
2009-05-28	980	twittering on 2009-05-28	https://www.chesnok.com/daily/2009/05/28/twittering-on-2009-05-28/	1886	by/2009--twittering-on-2009-05-28.md	tweet-digest
2009-05-27	979	twittering on 2009-05-27	https://www.chesnok.com/daily/2009/05/27/twittering-on-2009-05-27/	632	by/2009--twittering-on-2009-05-27.md	tweet-digest
2009-05-26	978	twittering on 2009-05-26	https://www.chesnok.com/daily/2009/05/26/twittering-on-2009-05-26/	567	by/2009--twittering-on-2009-05-26.md	tweet-digest
2009-05-24	977	twittering on 2009-05-24	https://www.chesnok.com/daily/2009/05/24/twittering-on-2009-05-24/	823	by/2009--twittering-on-2009-05-24.md	tweet-digest
2009-05-23	976	twittering on 2009-05-23	https://www.chesnok.com/daily/2009/05/23/twittering-on-2009-05-23/	359	by/2009--twittering-on-2009-05-23.md	tweet-digest
2009-05-22	975	twittering on 2009-05-22	https://www.chesnok.com/daily/2009/05/22/twittering-on-2009-05-22/	6101	by/2009--twittering-on-2009-05-22.md	tweet-digest
2009-05-21	974	twittering on 2009-05-21	https://www.chesnok.com/daily/2009/05/21/twittering-on-2009-05-21/	4226	by/2009--twittering-on-2009-05-21.md	tweet-digest
2009-05-20	972	twittering on 2009-05-20	https://www.chesnok.com/daily/2009/05/20/twittering-on-2009-05-20/	2514	by/2009--twittering-on-2009-05-20.md	tweet-digest
2009-05-19	971	twittering on 2009-05-19	https://www.chesnok.com/daily/2009/05/19/twittering-on-2009-05-19-2/	932	by/2009--twittering-on-2009-05-19-2.md	tweet-digest
2009-05-19	970	twittering on 2009-05-19	https://www.chesnok.com/daily/2009/05/19/twittering-on-2009-05-19/	932	by/2009--twittering-on-2009-05-19.md	tweet-digest
2009-05-18	969	twittering on 2009-05-18	https://www.chesnok.com/daily/2009/05/18/twittering-on-2009-05-18/	988	by/2009--twittering-on-2009-05-18.md	tweet-digest
2009-05-17	968	twittering on 2009-05-17	https://www.chesnok.com/daily/2009/05/17/twittering-on-2009-05-17/	469	by/2009--twittering-on-2009-05-17.md	tweet-digest
2009-05-16	967	twittering on 2009-05-16	https://www.chesnok.com/daily/2009/05/16/twittering-on-2009-05-16/	607	by/2009--twittering-on-2009-05-16.md	tweet-digest
2009-05-15	966	twittering on 2009-05-15	https://www.chesnok.com/daily/2009/05/15/twittering-on-2009-05-15/	1741	by/2009--twittering-on-2009-05-15.md	tweet-digest
2009-05-14	965	twittering on 2009-05-14	https://www.chesnok.com/daily/2009/05/14/twittering-on-2009-05-14/	1470	by/2009--twittering-on-2009-05-14.md	tweet-digest
2009-05-13	963	twittering on 2009-05-13	https://www.chesnok.com/daily/2009/05/13/twittering-on-2009-05-13/	1061	by/2009--twittering-on-2009-05-13.md	tweet-digest
2009-05-12	957	twittering on 2009-05-12	https://www.chesnok.com/daily/2009/05/12/twittering-on-2009-05-12/	800	by/2009--twittering-on-2009-05-12.md	tweet-digest
2009-05-12	951	PgCon 2009: Lighning Talks! Call for participation	https://www.chesnok.com/daily/2009/05/12/pgcon-2009-lighning-talks-call-for-participation/	954	by/2009--pgcon-2009-lighning-talks-call-for-participation.md	post
2009-05-11	956	twittering on 2009-05-11	https://www.chesnok.com/daily/2009/05/11/twittering-on-2009-05-11/	321	by/2009--twittering-on-2009-05-11.md	tweet-digest
2009-05-10	955	twittering on 2009-05-10	https://www.chesnok.com/daily/2009/05/10/twittering-on-2009-05-10/	314	by/2009--twittering-on-2009-05-10.md	tweet-digest
2009-05-08	954	twittering on 2009-05-08	https://www.chesnok.com/daily/2009/05/08/twittering-on-2009-05-08/	1853	by/2009--twittering-on-2009-05-08.md	tweet-digest
2009-05-07	953	twittering on 2009-05-07	https://www.chesnok.com/daily/2009/05/07/twittering-on-2009-05-07/	2095	by/2009--twittering-on-2009-05-07.md	tweet-digest
2009-05-06	950	twittering on 2009-05-06	https://www.chesnok.com/daily/2009/05/06/twittering-on-2009-05-06/	291	by/2009--twittering-on-2009-05-06.md	tweet-digest
2009-05-05	949	twittering on 2009-05-05	https://www.chesnok.com/daily/2009/05/05/twittering-on-2009-05-05/	2748	by/2009--twittering-on-2009-05-05.md	tweet-digest
2009-05-04	948	twittering on 2009-05-04	https://www.chesnok.com/daily/2009/05/04/twittering-on-2009-05-04/	1990	by/2009--twittering-on-2009-05-04.md	tweet-digest
2009-05-03	947	twittering on 2009-05-03	https://www.chesnok.com/daily/2009/05/03/twittering-on-2009-05-03/	1322	by/2009--twittering-on-2009-05-03.md	tweet-digest
2009-05-02	946	twittering on 2009-05-02	https://www.chesnok.com/daily/2009/05/02/twittering-on-2009-05-02/	715	by/2009--twittering-on-2009-05-02.md	tweet-digest
2009-05-02	942	Manufacturing Participation	https://www.chesnok.com/daily/2009/05/02/manufacturing-participation/	544	by/2009--manufacturing-participation.md	post
2009-05-01	941	twittering on 2009-05-01	https://www.chesnok.com/daily/2009/05/01/twittering-on-2009-05-01/	476	by/2009--twittering-on-2009-05-01.md	tweet-digest
2009-04-30	940	twittering on 2009-04-30	https://www.chesnok.com/daily/2009/04/30/twittering-on-2009-04-30/	1806	by/2009--twittering-on-2009-04-30.md	tweet-digest
2009-04-30	936	An opportunity for Postgres	https://www.chesnok.com/daily/2009/04/30/an-opportunity-for-postgres/	1206	by/2009--an-opportunity-for-postgres.md	post
2009-04-29	935	twittering on 2009-04-29	https://www.chesnok.com/daily/2009/04/29/twittering-on-2009-04-29/	2268	by/2009--twittering-on-2009-04-29.md	tweet-digest
2009-04-29	912	What’s changed? Portland as an example of increasing women’s participation.	https://www.chesnok.com/daily/2009/04/29/whats-changed-portland-as-an-example-of-increasing-womens-participation/	3931	by/2009--whats-changed-portland-as-an-example-of-increasing-womens-pa.md	post
2009-04-28	911	twittering on 2009-04-28	https://www.chesnok.com/daily/2009/04/28/twittering-on-2009-04-28/	1285	by/2009--twittering-on-2009-04-28.md	tweet-digest
2009-04-27	891	twittering on 2009-04-27	https://www.chesnok.com/daily/2009/04/27/twittering-on-2009-04-27/	3711	by/2009--twittering-on-2009-04-27.md	tweet-digest
2009-04-27	890	What works? Getting more women involved in open source.	https://www.chesnok.com/daily/2009/04/27/what-works-getting-more-women-involved-in-open-source/	3787	by/2009--what-works-getting-more-women-involved-in-open-source.md	post
2009-04-26	889	twittering on 2009-04-26	https://www.chesnok.com/daily/2009/04/26/twittering-on-2009-04-26/	1058	by/2009--twittering-on-2009-04-26.md	tweet-digest
2009-04-25	886	twittering on 2009-04-25	https://www.chesnok.com/daily/2009/04/25/twittering-on-2009-04-25/	512	by/2009--twittering-on-2009-04-25.md	tweet-digest
2009-04-25	872	The future of free and open source support models	https://www.chesnok.com/daily/2009/04/25/the-future-of-free-and-open-source-support-models/	3792	by/2009--the-future-of-free-and-open-source-support-models.md	post
2009-04-24	875	twittering on 2009-04-24	https://www.chesnok.com/daily/2009/04/24/twittering-on-2009-04-24/	2232	by/2009--twittering-on-2009-04-24.md	tweet-digest
2009-04-23	870	twittering on 2009-04-23	https://www.chesnok.com/daily/2009/04/23/twittering-on-2009-04-23/	464	by/2009--twittering-on-2009-04-23.md	tweet-digest
2009-04-23	864	Open Source Bridge speakers announced!	https://www.chesnok.com/daily/2009/04/23/open-source-bridge-speakers-announced/	392	by/2009--open-source-bridge-speakers-announced.md	post
2009-04-22	863	twittering on 2009-04-22	https://www.chesnok.com/daily/2009/04/22/twittering-on-2009-04-22/	3632	by/2009--twittering-on-2009-04-22.md	tweet-digest
2009-04-21	862	twittering on 2009-04-21	https://www.chesnok.com/daily/2009/04/21/twittering-on-2009-04-21/	3527	by/2009--twittering-on-2009-04-21.md	tweet-digest
2009-04-20	855	Off to MySQL Con	https://www.chesnok.com/daily/2009/04/20/off-to-mysql-con/	909	by/2009--off-to-mysql-con.md	post
2009-04-20	854	twittering on 2009-04-20	https://www.chesnok.com/daily/2009/04/20/twittering-on-2009-04-20/	5353	by/2009--twittering-on-2009-04-20.md	tweet-digest
2009-04-19	853	twittering on 2009-04-19	https://www.chesnok.com/daily/2009/04/19/twittering-on-2009-04-19/	790	by/2009--twittering-on-2009-04-19.md	tweet-digest
2009-04-18	852	twittering on 2009-04-18	https://www.chesnok.com/daily/2009/04/18/twittering-on-2009-04-18/	971	by/2009--twittering-on-2009-04-18.md	tweet-digest
2009-04-17	851	twittering on 2009-04-17	https://www.chesnok.com/daily/2009/04/17/twittering-on-2009-04-17/	2306	by/2009--twittering-on-2009-04-17.md	tweet-digest
2009-04-16	850	twittering on 2009-04-16	https://www.chesnok.com/daily/2009/04/16/twittering-on-2009-04-16/	1981	by/2009--twittering-on-2009-04-16.md	tweet-digest
2009-04-15	849	twittering on 2009-04-15	https://www.chesnok.com/daily/2009/04/15/twittering-on-2009-04-15/	1063	by/2009--twittering-on-2009-04-15.md	tweet-digest
2009-04-14	848	twittering on 2009-04-14	https://www.chesnok.com/daily/2009/04/14/twittering-on-2009-04-14/	1160	by/2009--twittering-on-2009-04-14.md	tweet-digest
2009-04-13	847	twittering on 2009-04-13	https://www.chesnok.com/daily/2009/04/13/twittering-on-2009-04-13/	2734	by/2009--twittering-on-2009-04-13.md	tweet-digest
2009-04-12	846	twittering on 2009-04-12	https://www.chesnok.com/daily/2009/04/12/twittering-on-2009-04-12/	571	by/2009--twittering-on-2009-04-12.md	tweet-digest
2009-04-11	845	twittering on 2009-04-11	https://www.chesnok.com/daily/2009/04/11/twittering-on-2009-04-11/	1219	by/2009--twittering-on-2009-04-11.md	tweet-digest
2009-04-10	844	twittering on 2009-04-10	https://www.chesnok.com/daily/2009/04/10/twittering-on-2009-04-10/	1986	by/2009--twittering-on-2009-04-10.md	tweet-digest
2009-04-09	843	twittering on 2009-04-09	https://www.chesnok.com/daily/2009/04/09/twittering-on-2009-04-09/	347	by/2009--twittering-on-2009-04-09.md	tweet-digest
2009-04-08	842	twittering on 2009-04-08	https://www.chesnok.com/daily/2009/04/08/twittering-on-2009-04-08/	4791	by/2009--twittering-on-2009-04-08.md	tweet-digest
2009-04-07	841	twittering on 2009-04-07	https://www.chesnok.com/daily/2009/04/07/twittering-on-2009-04-07-2/	3415	by/2009--twittering-on-2009-04-07-2.md	tweet-digest
2009-04-07	840	twittering on 2009-04-07	https://www.chesnok.com/daily/2009/04/07/twittering-on-2009-04-07/	3415	by/2009--twittering-on-2009-04-07.md	tweet-digest
2009-04-06	839	twittering on 2009-04-06	https://www.chesnok.com/daily/2009/04/06/twittering-on-2009-04-06/	863	by/2009--twittering-on-2009-04-06.md	tweet-digest
2009-04-05	835	twittering on 2009-04-05	https://www.chesnok.com/daily/2009/04/05/twittering-on-2009-04-05/	531	by/2009--twittering-on-2009-04-05.md	tweet-digest
2009-04-05	834	twittering on 2009-04-05	https://www.chesnok.com/daily/2009/04/05/twittering-on-2009-04-05-2/	531	by/2009--twittering-on-2009-04-05-2.md	tweet-digest
2009-04-04	830	twittering on 2009-04-04	https://www.chesnok.com/daily/2009/04/04/twittering-on-2009-04-04/	608	by/2009--twittering-on-2009-04-04.md	tweet-digest
2009-04-03	829	twittering on 2009-04-03	https://www.chesnok.com/daily/2009/04/03/twittering-on-2009-04-03/	721	by/2009--twittering-on-2009-04-03.md	tweet-digest
2009-04-02	821	twittering on 2009-04-02	https://www.chesnok.com/daily/2009/04/02/twittering-on-2009-04-02/	4460	by/2009--twittering-on-2009-04-02.md	tweet-digest
2009-04-02	820	Greg’s THREE talks at PostgreSQL Conference East	https://www.chesnok.com/daily/2009/04/02/gregs-three-talks-at-postgresql-conference-east/	2546	by/2009--gregs-three-talks-at-postgresql-conference-east.md	post
2009-04-01	819	twittering on 2009-04-01	https://www.chesnok.com/daily/2009/04/01/twittering-on-2009-04-01/	2590	by/2009--twittering-on-2009-04-01.md	tweet-digest
2009-03-31	818	twittering on 2009-03-31	https://www.chesnok.com/daily/2009/03/31/twittering-on-2009-03-31/	1735	by/2009--twittering-on-2009-03-31.md	tweet-digest
2009-03-30	814	twittering on 2009-03-30	https://www.chesnok.com/daily/2009/03/30/twittering-on-2009-03-30-2/	2613	by/2009--twittering-on-2009-03-30-2.md	tweet-digest
2009-03-30	813	twittering on 2009-03-30	https://www.chesnok.com/daily/2009/03/30/twittering-on-2009-03-30/	2613	by/2009--twittering-on-2009-03-30.md	tweet-digest
2009-03-29	812	twittering on 2009-03-29	https://www.chesnok.com/daily/2009/03/29/twittering-on-2009-03-29/	639	by/2009--twittering-on-2009-03-29.md	tweet-digest
2009-03-29	811	twittering on 2009-03-29	https://www.chesnok.com/daily/2009/03/29/twittering-on-2009-03-29-2/	639	by/2009--twittering-on-2009-03-29-2.md	tweet-digest
2009-03-28	810	twittering on 2009-03-28	https://www.chesnok.com/daily/2009/03/28/twittering-on-2009-03-28-2/	702	by/2009--twittering-on-2009-03-28-2.md	tweet-digest
2009-03-28	809	twittering on 2009-03-28	https://www.chesnok.com/daily/2009/03/28/twittering-on-2009-03-28/	702	by/2009--twittering-on-2009-03-28.md	tweet-digest
2009-03-27	808	twittering on 2009-03-27	https://www.chesnok.com/daily/2009/03/27/twittering-on-2009-03-27-2/	3642	by/2009--twittering-on-2009-03-27-2.md	tweet-digest
2009-03-27	807	twittering on 2009-03-27	https://www.chesnok.com/daily/2009/03/27/twittering-on-2009-03-27/	3642	by/2009--twittering-on-2009-03-27.md	tweet-digest
2009-03-26	806	twittering on 2009-03-26	https://www.chesnok.com/daily/2009/03/26/twittering-on-2009-03-26-2/	3343	by/2009--twittering-on-2009-03-26-2.md	tweet-digest
2009-03-26	805	twittering on 2009-03-26	https://www.chesnok.com/daily/2009/03/26/twittering-on-2009-03-26/	3343	by/2009--twittering-on-2009-03-26.md	tweet-digest
2009-03-25	804	twittering on 2009-03-25	https://www.chesnok.com/daily/2009/03/25/twittering-on-2009-03-25/	1661	by/2009--twittering-on-2009-03-25.md	tweet-digest
2009-03-24	803	twittering on 2009-03-24	https://www.chesnok.com/daily/2009/03/24/twittering-on-2009-03-24/	4110	by/2009--twittering-on-2009-03-24.md	tweet-digest
2009-03-23	801	twittering on 2009-03-23	https://www.chesnok.com/daily/2009/03/23/twittering-on-2009-03-23/	1730	by/2009--twittering-on-2009-03-23.md	tweet-digest
2009-03-22	800	twittering on 2009-03-22	https://www.chesnok.com/daily/2009/03/22/twittering-on-2009-03-22/	999	by/2009--twittering-on-2009-03-22.md	tweet-digest
2009-03-21	799	twittering on 2009-03-21	https://www.chesnok.com/daily/2009/03/21/twittering-on-2009-03-21/	105	by/2009--twittering-on-2009-03-21.md	tweet-digest
2009-03-20	798	twittering on 2009-03-20	https://www.chesnok.com/daily/2009/03/20/twittering-on-2009-03-20/	795	by/2009--twittering-on-2009-03-20.md	tweet-digest
2009-03-19	796	Open Source Bridge hackathon on Sunday	https://www.chesnok.com/daily/2009/03/19/open-source-bridge-hackathon-on-sunday/	1233	by/2009--open-source-bridge-hackathon-on-sunday.md	post
2009-03-19	795	twittering on 2009-03-19	https://www.chesnok.com/daily/2009/03/19/twittering-on-2009-03-19/	2494	by/2009--twittering-on-2009-03-19.md	tweet-digest
2009-03-18	793	twittering on 2009-03-18	https://www.chesnok.com/daily/2009/03/18/twittering-on-2009-03-18/	2953	by/2009--twittering-on-2009-03-18.md	tweet-digest
2009-03-17	792	twittering on 2009-03-17	https://www.chesnok.com/daily/2009/03/17/twittering-on-2009-03-17/	4124	by/2009--twittering-on-2009-03-17.md	tweet-digest
2009-03-16	791	twittering on 2009-03-16	https://www.chesnok.com/daily/2009/03/16/twittering-on-2009-03-16/	1836	by/2009--twittering-on-2009-03-16.md	tweet-digest
2009-03-15	790	twittering on 2009-03-15	https://www.chesnok.com/daily/2009/03/15/twittering-on-2009-03-15/	1622	by/2009--twittering-on-2009-03-15.md	tweet-digest
2009-03-14	789	twittering on 2009-03-14	https://www.chesnok.com/daily/2009/03/14/twittering-on-2009-03-14/	1967	by/2009--twittering-on-2009-03-14.md	tweet-digest
2009-03-13	788	twittering on 2009-03-13	https://www.chesnok.com/daily/2009/03/13/twittering-on-2009-03-13/	3344	by/2009--twittering-on-2009-03-13.md	tweet-digest
2009-03-12	787	twittering on 2009-03-12	https://www.chesnok.com/daily/2009/03/12/twittering-on-2009-03-12/	2961	by/2009--twittering-on-2009-03-12.md	tweet-digest
2009-03-11	786	twittering on 2009-03-11	https://www.chesnok.com/daily/2009/03/11/twittering-on-2009-03-11/	4187	by/2009--twittering-on-2009-03-11.md	tweet-digest
2009-03-10	783	twittering on 2009-03-10	https://www.chesnok.com/daily/2009/03/10/twittering-on-2009-03-10/	2519	by/2009--twittering-on-2009-03-10.md	tweet-digest
2009-03-09	782	twittering on 2009-03-09	https://www.chesnok.com/daily/2009/03/09/twittering-on-2009-03-09/	1177	by/2009--twittering-on-2009-03-09.md	tweet-digest
2009-03-08	781	twittering on 2009-03-08	https://www.chesnok.com/daily/2009/03/08/twittering-on-2009-03-08/	1483	by/2009--twittering-on-2009-03-08.md	tweet-digest
2009-03-07	780	twittering on 2009-03-07	https://www.chesnok.com/daily/2009/03/07/twittering-on-2009-03-07/	3840	by/2009--twittering-on-2009-03-07.md	tweet-digest
2009-03-06	779	twittering on 2009-03-06	https://www.chesnok.com/daily/2009/03/06/twittering-on-2009-03-06/	4246	by/2009--twittering-on-2009-03-06.md	tweet-digest
2009-03-05	778	twittering on 2009-03-05	https://www.chesnok.com/daily/2009/03/05/twittering-on-2009-03-05-2/	3426	by/2009--twittering-on-2009-03-05-2.md	tweet-digest
2009-03-05	777	twittering on 2009-03-05	https://www.chesnok.com/daily/2009/03/05/twittering-on-2009-03-05/	3426	by/2009--twittering-on-2009-03-05.md	tweet-digest
2009-03-05	765	Twitter and PostgreSQL!	https://www.chesnok.com/daily/2009/03/05/twitter-and-postgresql/	5397	by/2009--twitter-and-postgresql.md	post
2009-03-04	764	twittering on 2009-03-04	https://www.chesnok.com/daily/2009/03/04/twittering-on-2009-03-04/	2975	by/2009--twittering-on-2009-03-04.md	tweet-digest
2009-03-03	763	twittering on 2009-03-03	https://www.chesnok.com/daily/2009/03/03/twittering-on-2009-03-03/	946	by/2009--twittering-on-2009-03-03.md	tweet-digest
2009-03-02	762	twittering on 2009-03-02	https://www.chesnok.com/daily/2009/03/02/twittering-on-2009-03-02/	2017	by/2009--twittering-on-2009-03-02.md	tweet-digest
2009-03-01	758	twittering on 2009-03-01	https://www.chesnok.com/daily/2009/03/01/twittering-on-2009-03-01/	1471	by/2009--twittering-on-2009-03-01.md	tweet-digest
2009-02-28	757	twittering on 2009-02-28	https://www.chesnok.com/daily/2009/02/28/twittering-on-2009-02-28/	2024	by/2009--twittering-on-2009-02-28.md	tweet-digest
2009-02-27	756	twittering on 2009-02-27	https://www.chesnok.com/daily/2009/02/27/twittering-on-2009-02-27/	3934	by/2009--twittering-on-2009-02-27.md	tweet-digest
2009-02-26	755	twittering on 2009-02-26	https://www.chesnok.com/daily/2009/02/26/twittering-on-2009-02-26/	4140	by/2009--twittering-on-2009-02-26.md	tweet-digest
2009-02-25	754	twittering on 2009-02-25	https://www.chesnok.com/daily/2009/02/25/twittering-on-2009-02-25/	3390	by/2009--twittering-on-2009-02-25.md	tweet-digest
2009-02-24	753	twittering on 2009-02-24	https://www.chesnok.com/daily/2009/02/24/twittering-on-2009-02-24/	575	by/2009--twittering-on-2009-02-24.md	tweet-digest
2009-02-23	752	twittering on 2009-02-23	https://www.chesnok.com/daily/2009/02/23/twittering-on-2009-02-23/	2803	by/2009--twittering-on-2009-02-23.md	tweet-digest
2009-02-22	746	Report from SCaLE 7x	https://www.chesnok.com/daily/2009/02/22/report-from-scale-7x/	2473	by/2009--report-from-scale-7x.md	post
2009-02-22	745	twittering on 2009-02-22	https://www.chesnok.com/daily/2009/02/22/twittering-on-2009-02-22/	377	by/2009--twittering-on-2009-02-22.md	tweet-digest
2009-02-21	744	twittering on 2009-02-21	https://www.chesnok.com/daily/2009/02/21/twittering-on-2009-02-21/	2765	by/2009--twittering-on-2009-02-21.md	tweet-digest
2009-02-20	743	twittering on 2009-02-20	https://www.chesnok.com/daily/2009/02/20/twittering-on-2009-02-20/	8703	by/2009--twittering-on-2009-02-20.md	tweet-digest
2009-02-20	736	How to kill 4 chickens in 3 years	https://www.chesnok.com/daily/2009/02/20/how-to-kill-4-chickens-in-3-years/	1029	by/2009--how-to-kill-4-chickens-in-3-years.md	post
2009-02-19	735	twittering on 2009-02-19	https://www.chesnok.com/daily/2009/02/19/twittering-on-2009-02-19/	4483	by/2009--twittering-on-2009-02-19.md	tweet-digest
2009-02-19	730	New user group: Puppet PDX	https://www.chesnok.com/daily/2009/02/19/new-user-group-puppet-pdx/	412	by/2009--new-user-group-puppet-pdx.md	post
2009-02-18	729	twittering on 2009-02-18	https://www.chesnok.com/daily/2009/02/18/twittering-on-2009-02-18/	2954	by/2009--twittering-on-2009-02-18.md	tweet-digest
2009-02-18	717	Gratitude, freedom and open source	https://www.chesnok.com/daily/2009/02/18/gratitude-freedom-and-open-source/	2464	by/2009--gratitude-freedom-and-open-source.md	post
2009-02-17	716	twittering on 2009-02-17	https://www.chesnok.com/daily/2009/02/17/twittering-on-2009-02-17/	3874	by/2009--twittering-on-2009-02-17.md	tweet-digest
2009-02-17	709	Learning to think, session II	https://www.chesnok.com/daily/2009/02/17/learning-to-think-session-ii/	2974	by/2009--learning-to-think-session-ii.md	post
2009-02-16	708	twittering on 2009-02-16	https://www.chesnok.com/daily/2009/02/16/twittering-on-2009-02-16/	313	by/2009--twittering-on-2009-02-16.md	tweet-digest
2009-02-15	707	twittering on 2009-02-15	https://www.chesnok.com/daily/2009/02/15/twittering-on-2009-02-15/	644	by/2009--twittering-on-2009-02-15.md	tweet-digest
2009-02-14	706	twittering on 2009-02-14	https://www.chesnok.com/daily/2009/02/14/twittering-on-2009-02-14/	2213	by/2009--twittering-on-2009-02-14.md	tweet-digest
2009-02-13	705	twittering on 2009-02-13	https://www.chesnok.com/daily/2009/02/13/twittering-on-2009-02-13-2/	3202	by/2009--twittering-on-2009-02-13-2.md	tweet-digest
2009-02-13	704	twittering on 2009-02-13	https://www.chesnok.com/daily/2009/02/13/twittering-on-2009-02-13/	3202	by/2009--twittering-on-2009-02-13.md	tweet-digest
2009-02-12	703	twittering on 2009-02-12	https://www.chesnok.com/daily/2009/02/12/twittering-on-2009-02-12/	3245	by/2009--twittering-on-2009-02-12.md	tweet-digest
2009-02-12	696	Waffle-induced development	https://www.chesnok.com/daily/2009/02/12/waffle-induced-development/	1541	by/2009--waffle-induced-development.md	post
2009-02-11	695	twittering on 2009-02-11	https://www.chesnok.com/daily/2009/02/11/twittering-on-2009-02-11/	2294	by/2009--twittering-on-2009-02-11.md	tweet-digest
2009-02-10	677	FSM, visibility map and new VACUUM awesomeness	https://www.chesnok.com/daily/2009/02/10/fsm-visibility-map-and-new-vacuum-awesomeness/	3186	by/2009--fsm-visibility-map-and-new-vacuum-awesomeness.md	post
2009-02-10	676	twittering on 2009-02-10	https://www.chesnok.com/daily/2009/02/10/twittering-on-2009-02-10/	1579	by/2009--twittering-on-2009-02-10.md	tweet-digest
2009-02-09	675	twittering on 2009-02-09	https://www.chesnok.com/daily/2009/02/09/twittering-on-2009-02-09-2/	173	by/2009--twittering-on-2009-02-09-2.md	tweet-digest
2009-02-09	674	twittering on 2009-02-09	https://www.chesnok.com/daily/2009/02/09/twittering-on-2009-02-09/	80	by/2009--twittering-on-2009-02-09.md	tweet-digest
2009-02-09	668	Leading without being in charge: updated slides for FOSDEM 2009	https://www.chesnok.com/daily/2009/02/09/leading-without-being-in-charge-updated-slides-for-fosdem-2009/	521	by/2009--leading-without-being-in-charge-updated-slides-for-fosdem-20.md	post
2009-02-08	669	twittering on 2009-02-08	https://www.chesnok.com/daily/2009/02/08/twittering-on-2009-02-08/	716	by/2009--twittering-on-2009-02-08.md	tweet-digest
2009-02-07	664	twittering on 2009-02-07	https://www.chesnok.com/daily/2009/02/07/twittering-on-2009-02-07/	817	by/2009--twittering-on-2009-02-07.md	tweet-digest
2009-02-07	655	Simon Riggs just rocked my world.	https://www.chesnok.com/daily/2009/02/07/simon-riggs-just-rocked-my-world/	2546	by/2009--simon-riggs-just-rocked-my-world.md	post
2009-02-06	654	twittering on 2009-02-06	https://www.chesnok.com/daily/2009/02/06/twittering-on-2009-02-06/	241	by/2009--twittering-on-2009-02-06.md	tweet-digest
2009-02-05	653	twittering on 2009-02-05	https://www.chesnok.com/daily/2009/02/05/twittering-on-2009-02-05/	2806	by/2009--twittering-on-2009-02-05.md	tweet-digest
2009-02-04	652	twittering on 2009-02-04	https://www.chesnok.com/daily/2009/02/04/twittering-on-2009-02-04/	1673	by/2009--twittering-on-2009-02-04.md	tweet-digest
2009-02-03	651	twittering on 2009-02-03	https://www.chesnok.com/daily/2009/02/03/twittering-on-2009-02-03/	680	by/2009--twittering-on-2009-02-03.md	tweet-digest
2009-02-02	650	twittering on 2009-02-02	https://www.chesnok.com/daily/2009/02/02/twittering-on-2009-02-02/	63	by/2009--twittering-on-2009-02-02.md	tweet-digest
2009-02-01	649	twittering on 2009-02-01	https://www.chesnok.com/daily/2009/02/01/twittering-on-2009-02-01/	83	by/2009--twittering-on-2009-02-01.md	tweet-digest
2009-01-30	648	twittering on 2009-01-30	https://www.chesnok.com/daily/2009/01/30/twittering-on-2009-01-30/	162	by/2009--twittering-on-2009-01-30.md	tweet-digest
2009-01-29	647	twittering on 2009-01-29	https://www.chesnok.com/daily/2009/01/29/twittering-on-2009-01-29-2/	164	by/2009--twittering-on-2009-01-29-2.md	tweet-digest
2009-01-29	646	twittering on 2009-01-29	https://www.chesnok.com/daily/2009/01/29/twittering-on-2009-01-29/	164	by/2009--twittering-on-2009-01-29.md	tweet-digest
2009-01-28	645	twittering on 2009-01-28	https://www.chesnok.com/daily/2009/01/28/twittering-on-2009-01-28/	205	by/2009--twittering-on-2009-01-28.md	tweet-digest
2009-01-27	644	twittering on 2009-01-27	https://www.chesnok.com/daily/2009/01/27/twittering-on-2009-01-27/	110	by/2009--twittering-on-2009-01-27.md	tweet-digest
2009-01-26	643	twittering on 2009-01-26	https://www.chesnok.com/daily/2009/01/26/twittering-on-2009-01-26/	767	by/2009--twittering-on-2009-01-26.md	tweet-digest
2009-01-23	642	twittering on 2009-01-23	https://www.chesnok.com/daily/2009/01/23/twittering-on-2009-01-23/	509	by/2009--twittering-on-2009-01-23.md	tweet-digest
2009-01-22	641	twittering on 2009-01-22	https://www.chesnok.com/daily/2009/01/22/twittering-on-2009-01-22/	678	by/2009--twittering-on-2009-01-22.md	tweet-digest
2009-01-21	640	twittering on 2009-01-21	https://www.chesnok.com/daily/2009/01/21/twittering-on-2009-01-21/	409	by/2009--twittering-on-2009-01-21.md	tweet-digest
2009-01-20	639	twittering on 2009-01-20	https://www.chesnok.com/daily/2009/01/20/twittering-on-2009-01-20-2/	1727	by/2009--twittering-on-2009-01-20-2.md	tweet-digest
2009-01-20	638	twittering on 2009-01-20	https://www.chesnok.com/daily/2009/01/20/twittering-on-2009-01-20/	1727	by/2009--twittering-on-2009-01-20.md	tweet-digest
2009-01-19	637	twittering on 2009-01-19	https://www.chesnok.com/daily/2009/01/19/twittering-on-2009-01-19/	889	by/2009--twittering-on-2009-01-19.md	tweet-digest
2009-01-18	636	twittering on 2009-01-18	https://www.chesnok.com/daily/2009/01/18/twittering-on-2009-01-18/	724	by/2009--twittering-on-2009-01-18.md	tweet-digest
2009-01-17	635	twittering on 2009-01-17	https://www.chesnok.com/daily/2009/01/17/twittering-on-2009-01-17/	478	by/2009--twittering-on-2009-01-17.md	tweet-digest
2009-01-15	634	twittering on 2009-01-15	https://www.chesnok.com/daily/2009/01/15/twittering-on-2009-01-15/	2750	by/2009--twittering-on-2009-01-15.md	tweet-digest
2009-01-14	631	twittering on 2009-01-14	https://www.chesnok.com/daily/2009/01/14/twittering-on-2009-01-14/	959	by/2009--twittering-on-2009-01-14.md	tweet-digest
2009-01-13	630	twittering on 2009-01-13	https://www.chesnok.com/daily/2009/01/13/twittering-on-2009-01-13/	403	by/2009--twittering-on-2009-01-13.md	tweet-digest
2009-01-12	629	twittering on 2009-01-12	https://www.chesnok.com/daily/2009/01/12/twittering-on-2009-01-12/	2274	by/2009--twittering-on-2009-01-12.md	tweet-digest
2009-01-11	620	twittering on 2009-01-11	https://www.chesnok.com/daily/2009/01/11/twittering-on-2009-01-11/	1334	by/2009--twittering-on-2009-01-11.md	tweet-digest
2009-01-11	602	select short_story from life limit 7;	https://www.chesnok.com/daily/2009/01/11/select-short_story-from-life-limit-7/	2725	by/2009--select-short-story-from-life-limit-7.md	post
2009-01-10	619	twittering on 2009-01-10	https://www.chesnok.com/daily/2009/01/10/twittering-on-2009-01-10/	109	by/2009--twittering-on-2009-01-10.md	tweet-digest
2009-01-09	618	twittering on 2009-01-09	https://www.chesnok.com/daily/2009/01/09/twittering-on-2009-01-09/	947	by/2009--twittering-on-2009-01-09.md	tweet-digest
2009-01-08	617	twittering on 2009-01-08	https://www.chesnok.com/daily/2009/01/08/twittering-on-2009-01-08/	992	by/2009--twittering-on-2009-01-08.md	tweet-digest
2009-01-07	616	twittering on 2009-01-07	https://www.chesnok.com/daily/2009/01/07/twittering-on-2009-01-07/	401	by/2009--twittering-on-2009-01-07.md	tweet-digest
2009-01-06	615	twittering on 2009-01-06	https://www.chesnok.com/daily/2009/01/06/twittering-on-2009-01-06/	631	by/2009--twittering-on-2009-01-06.md	tweet-digest
2009-01-05	609	What are you waiting for? Get your PgCon talks in now!	https://www.chesnok.com/daily/2009/01/05/what-are-you-waiting-for-get-your-pgcon-talks-in-now/	2171	by/2009--what-are-you-waiting-for-get-your-pgcon-talks-in-now.md	post
2009-01-05	608	twittering on 2009-01-05	https://www.chesnok.com/daily/2009/01/05/twittering-on-2009-01-05/	2204	by/2009--twittering-on-2009-01-05.md	tweet-digest
2009-01-04	601	twittering on 2009-01-04	https://www.chesnok.com/daily/2009/01/04/twittering-on-2009-01-04/	883	by/2009--twittering-on-2009-01-04.md	tweet-digest
2009-01-02	600	twittering on 2009-01-02	https://www.chesnok.com/daily/2009/01/02/twittering-on-2009-01-02/	1272	by/2009--twittering-on-2009-01-02.md	tweet-digest
2009-01-01	589	meme: Current state of me	https://www.chesnok.com/daily/2009/01/01/meme-current-state-of-me/	2454	by/2009--meme-current-state-of-me.md	post
2009-01-01	585	A year of PDXPUG	https://www.chesnok.com/daily/2009/01/01/a-year-of-pdxpug/	2268	by/2009--a-year-of-pdxpug.md	post
2009-01-01	584	twittering on 2009-01-01	https://www.chesnok.com/daily/2009/01/01/twittering-on-2009-01-01/	142	by/2009--twittering-on-2009-01-01.md	tweet-digest
2008-12-31	583	twittering on 2008-12-31	https://www.chesnok.com/daily/2008/12/31/twittering-on-2008-12-31/	225	by/2008--twittering-on-2008-12-31.md	tweet-digest
2008-12-29	582	twittering on 2008-12-29	https://www.chesnok.com/daily/2008/12/29/twittering-on-2008-12-29/	171	by/2008--twittering-on-2008-12-29.md	tweet-digest
2008-12-28	581	twittering on 2008-12-28	https://www.chesnok.com/daily/2008/12/28/twittering-on-2008-12-28-2/	222	by/2008--twittering-on-2008-12-28-2.md	tweet-digest
2008-12-28	580	twittering on 2008-12-28	https://www.chesnok.com/daily/2008/12/28/twittering-on-2008-12-28/	222	by/2008--twittering-on-2008-12-28.md	tweet-digest
2008-12-27	579	twittering on 2008-12-27	https://www.chesnok.com/daily/2008/12/27/twittering-on-2008-12-27/	1401	by/2008--twittering-on-2008-12-27.md	tweet-digest
2008-12-26	578	twittering on 2008-12-26	https://www.chesnok.com/daily/2008/12/26/twittering-on-2008-12-26/	617	by/2008--twittering-on-2008-12-26.md	tweet-digest
2008-12-25	577	twittering on 2008-12-25	https://www.chesnok.com/daily/2008/12/25/twittering-on-2008-12-25/	505	by/2008--twittering-on-2008-12-25.md	tweet-digest
2008-12-24	576	twittering on 2008-12-24	https://www.chesnok.com/daily/2008/12/24/twittering-on-2008-12-24/	76	by/2008--twittering-on-2008-12-24.md	tweet-digest
2008-12-23	575	twittering on 2008-12-23	https://www.chesnok.com/daily/2008/12/23/twittering-on-2008-12-23/	1631	by/2008--twittering-on-2008-12-23.md	tweet-digest
2008-12-22	572	twittering on 2008-12-22	https://www.chesnok.com/daily/2008/12/22/twittering-on-2008-12-22/	1318	by/2008--twittering-on-2008-12-22.md	tweet-digest
2008-12-21	571	twittering on 2008-12-21	https://www.chesnok.com/daily/2008/12/21/twittering-on-2008-12-21/	1084	by/2008--twittering-on-2008-12-21.md	tweet-digest
2008-12-20	570	twittering on 2008-12-20	https://www.chesnok.com/daily/2008/12/20/twittering-on-2008-12-20/	519	by/2008--twittering-on-2008-12-20.md	tweet-digest
2008-12-19	569	twittering on 2008-12-19	https://www.chesnok.com/daily/2008/12/19/twittering-on-2008-12-19/	780	by/2008--twittering-on-2008-12-19.md	tweet-digest
2008-12-18	567	twittering on 2008-12-18	https://www.chesnok.com/daily/2008/12/18/twittering-on-2008-12-18-2/	296	by/2008--twittering-on-2008-12-18-2.md	tweet-digest
2008-12-18	566	twittering on 2008-12-18	https://www.chesnok.com/daily/2008/12/18/twittering-on-2008-12-18/	296	by/2008--twittering-on-2008-12-18.md	tweet-digest
2008-12-17	565	twittering on 2008-12-17	https://www.chesnok.com/daily/2008/12/17/twittering-on-2008-12-17/	1443	by/2008--twittering-on-2008-12-17.md	tweet-digest
2008-12-15	564	twittering on 2008-12-15	https://www.chesnok.com/daily/2008/12/15/twittering-on-2008-12-15/	187	by/2008--twittering-on-2008-12-15.md	tweet-digest
2008-12-13	563	twittering on 2008-12-13	https://www.chesnok.com/daily/2008/12/13/twittering-on-2008-12-13/	184	by/2008--twittering-on-2008-12-13.md	tweet-digest
2008-12-12	562	twittering on 2008-12-12	https://www.chesnok.com/daily/2008/12/12/twittering-on-2008-12-12-2/	2816	by/2008--twittering-on-2008-12-12-2.md	tweet-digest
2008-12-12	561	twittering on 2008-12-12	https://www.chesnok.com/daily/2008/12/12/twittering-on-2008-12-12/	2816	by/2008--twittering-on-2008-12-12.md	tweet-digest
2008-12-11	560	twittering on 2008-12-11	https://www.chesnok.com/daily/2008/12/11/twittering-on-2008-12-11/	145	by/2008--twittering-on-2008-12-11.md	tweet-digest
2008-12-10	559	twittering on 2008-12-10	https://www.chesnok.com/daily/2008/12/10/twittering-on-2008-12-10/	956	by/2008--twittering-on-2008-12-10.md	tweet-digest
2008-12-09	558	twittering on 2008-12-09	https://www.chesnok.com/daily/2008/12/09/twittering-on-2008-12-09/	801	by/2008--twittering-on-2008-12-09.md	tweet-digest
2008-12-08	557	twittering on 2008-12-08	https://www.chesnok.com/daily/2008/12/08/twittering-on-2008-12-08/	457	by/2008--twittering-on-2008-12-08.md	tweet-digest
2008-12-07	556	twittering on 2008-12-07	https://www.chesnok.com/daily/2008/12/07/twittering-on-2008-12-07/	1092	by/2008--twittering-on-2008-12-07.md	tweet-digest
2008-12-05	554	twittering on 2008-12-05	https://www.chesnok.com/daily/2008/12/05/twittering-on-2008-12-05/	978	by/2008--twittering-on-2008-12-05.md	tweet-digest
2008-12-04	553	twittering on 2008-12-04	https://www.chesnok.com/daily/2008/12/04/twittering-on-2008-12-04/	2161	by/2008--twittering-on-2008-12-04.md	tweet-digest
2008-12-03	552	twittering on 2008-12-03	https://www.chesnok.com/daily/2008/12/03/twittering-on-2008-12-03/	3028	by/2008--twittering-on-2008-12-03.md	tweet-digest
2008-12-02	551	twittering on 2008-12-02	https://www.chesnok.com/daily/2008/12/02/twittering-on-2008-12-02/	2852	by/2008--twittering-on-2008-12-02.md	tweet-digest
2008-12-01	549	twittering on 2008-12-01	https://www.chesnok.com/daily/2008/12/01/twittering-on-2008-12-01/	1430	by/2008--twittering-on-2008-12-01.md	tweet-digest
2008-11-30	548	twittering on 2008-11-30	https://www.chesnok.com/daily/2008/11/30/twittering-on-2008-11-30/	1114	by/2008--twittering-on-2008-11-30.md	tweet-digest
2008-11-29	547	twittering on 2008-11-29	https://www.chesnok.com/daily/2008/11/29/twittering-on-2008-11-29/	342	by/2008--twittering-on-2008-11-29.md	tweet-digest
2008-11-29	546	twittering on 2008-11-29	https://www.chesnok.com/daily/2008/11/29/twittering-on-2008-11-29-2/	342	by/2008--twittering-on-2008-11-29-2.md	tweet-digest
2008-11-28	545	twittering on 2008-11-28	https://www.chesnok.com/daily/2008/11/28/twittering-on-2008-11-28/	83	by/2008--twittering-on-2008-11-28.md	tweet-digest
2008-11-27	544	twittering on 2008-11-27	https://www.chesnok.com/daily/2008/11/27/twittering-on-2008-11-27/	603	by/2008--twittering-on-2008-11-27.md	tweet-digest
2008-11-26	537	Postgres mailing list traffic over time	https://www.chesnok.com/daily/2008/11/26/postgres-mailing-list-traffic-over-time/	1316	by/2008--postgres-mailing-list-traffic-over-time.md	post
2008-11-26	535	twittering on 2008-11-26	https://www.chesnok.com/daily/2008/11/26/twittering-on-2008-11-26/	1772	by/2008--twittering-on-2008-11-26.md	tweet-digest
2008-11-25	534	twittering on 2008-11-25	https://www.chesnok.com/daily/2008/11/25/twittering-on-2008-11-25/	1593	by/2008--twittering-on-2008-11-25.md	tweet-digest
2008-11-23	533	twittering on 2008-11-23	https://www.chesnok.com/daily/2008/11/23/twittering-on-2008-11-23/	578	by/2008--twittering-on-2008-11-23.md	tweet-digest
2008-11-22	532	twittering on 2008-11-22	https://www.chesnok.com/daily/2008/11/22/twittering-on-2008-11-22/	1206	by/2008--twittering-on-2008-11-22.md	tweet-digest
2008-11-21	531	twittering on 2008-11-21	https://www.chesnok.com/daily/2008/11/21/twittering-on-2008-11-21/	1750	by/2008--twittering-on-2008-11-21.md	tweet-digest
2008-11-07	529	twittering on 2008-11-07	https://www.chesnok.com/daily/2008/11/07/twittering-on-2008-11-07/	726	by/2008--twittering-on-2008-11-07.md	tweet-digest
2008-11-05	528	twittering on 2008-11-05	https://www.chesnok.com/daily/2008/11/05/twittering-on-2008-11-05/	2116	by/2008--twittering-on-2008-11-05.md	tweet-digest
2008-11-04	527	twittering on 2008-11-04	https://www.chesnok.com/daily/2008/11/04/twittering-on-2008-11-04/	1122	by/2008--twittering-on-2008-11-04.md	tweet-digest
2008-11-03	526	twittering on 2008-11-03	https://www.chesnok.com/daily/2008/11/03/twittering-on-2008-11-03/	81	by/2008--twittering-on-2008-11-03.md	tweet-digest
2008-11-02	525	twittering on 2008-11-02	https://www.chesnok.com/daily/2008/11/02/twittering-on-2008-11-02/	200	by/2008--twittering-on-2008-11-02.md	tweet-digest
2008-10-31	524	twittering on 2008-10-31	https://www.chesnok.com/daily/2008/10/31/twittering-on-2008-10-31/	567	by/2008--twittering-on-2008-10-31.md	tweet-digest
2008-10-30	523	twittering on 2008-10-30	https://www.chesnok.com/daily/2008/10/30/twittering-on-2008-10-30/	147	by/2008--twittering-on-2008-10-30.md	tweet-digest
2008-10-29	522	twittering on 2008-10-29	https://www.chesnok.com/daily/2008/10/29/twittering-on-2008-10-29/	1069	by/2008--twittering-on-2008-10-29.md	tweet-digest
2008-10-29	520	Open Source Bridge	https://www.chesnok.com/daily/2008/10/29/open-source-bridge/	4405	by/2008--open-source-bridge.md	post
2008-10-27	518	twittering on 2008-10-27	https://www.chesnok.com/daily/2008/10/27/twittering-on-2008-10-27/	441	by/2008--twittering-on-2008-10-27.md	tweet-digest
2008-10-27	516	Mentor Summit Report for PostgreSQL	https://www.chesnok.com/daily/2008/10/27/mentor-summit-report-for-postgresql/	4078	by/2008--mentor-summit-report-for-postgresql.md	post
2008-10-26	515	twittering on 2008-10-26	https://www.chesnok.com/daily/2008/10/26/twittering-on-2008-10-26/	747	by/2008--twittering-on-2008-10-26.md	tweet-digest
2008-10-25	512	twittering on 2008-10-25	https://www.chesnok.com/daily/2008/10/25/twittering-on-2008-10-25/	2029	by/2008--twittering-on-2008-10-25.md	tweet-digest
2008-10-24	511	twittering on 2008-10-24	https://www.chesnok.com/daily/2008/10/24/twittering-on-2008-10-24/	425	by/2008--twittering-on-2008-10-24.md	tweet-digest
2008-10-23	510	twittering on 2008-10-23	https://www.chesnok.com/daily/2008/10/23/twittering-on-2008-10-23/	201	by/2008--twittering-on-2008-10-23.md	tweet-digest
2008-10-22	509	twittering on 2008-10-22	https://www.chesnok.com/daily/2008/10/22/twittering-on-2008-10-22/	289	by/2008--twittering-on-2008-10-22.md	tweet-digest
2008-10-21	508	twittering on 2008-10-21	https://www.chesnok.com/daily/2008/10/21/twittering-on-2008-10-21/	369	by/2008--twittering-on-2008-10-21.md	tweet-digest
2008-10-20	506	twittering on 2008-10-20	https://www.chesnok.com/daily/2008/10/20/twittering-on-2008-10-20/	245	by/2008--twittering-on-2008-10-20.md	tweet-digest
2008-10-20	504	PgDay EU – Best conference ever?	https://www.chesnok.com/daily/2008/10/20/pgday-eu-best-conference-ever/	1054	by/2008--pgday-eu-best-conference-ever.md	post
2008-10-20	502	October is a month of many conferences	https://www.chesnok.com/daily/2008/10/20/october-is-a-month-of-many-conferences/	1805	by/2008--october-is-a-month-of-many-conferences.md	post
2008-10-19	501	twittering on 2008-10-19	https://www.chesnok.com/daily/2008/10/19/twittering-on-2008-10-19/	1708	by/2008--twittering-on-2008-10-19.md	tweet-digest
2008-10-18	500	twittering on 2008-10-18	https://www.chesnok.com/daily/2008/10/18/twittering-on-2008-10-18/	501	by/2008--twittering-on-2008-10-18.md	tweet-digest
2008-10-17	499	twittering on 2008-10-17	https://www.chesnok.com/daily/2008/10/17/twittering-on-2008-10-17/	575	by/2008--twittering-on-2008-10-17.md	tweet-digest
2008-10-16	498	twittering on 2008-10-16	https://www.chesnok.com/daily/2008/10/16/twittering-on-2008-10-16/	1075	by/2008--twittering-on-2008-10-16.md	tweet-digest
2008-10-15	497	twittering on 2008-10-15	https://www.chesnok.com/daily/2008/10/15/twittering-on-2008-10-15/	614	by/2008--twittering-on-2008-10-15.md	tweet-digest
2008-10-14	496	twittering on 2008-10-14	https://www.chesnok.com/daily/2008/10/14/twittering-on-2008-10-14/	282	by/2008--twittering-on-2008-10-14.md	tweet-digest
2008-10-13	495	twittering on 2008-10-13	https://www.chesnok.com/daily/2008/10/13/twittering-on-2008-10-13/	109	by/2008--twittering-on-2008-10-13.md	tweet-digest
2008-10-12	494	twittering on 2008-10-12	https://www.chesnok.com/daily/2008/10/12/twittering-on-2008-10-12/	1405	by/2008--twittering-on-2008-10-12.md	tweet-digest
2008-10-11	493	twittering on 2008-10-11	https://www.chesnok.com/daily/2008/10/11/twittering-on-2008-10-11/	655	by/2008--twittering-on-2008-10-11.md	tweet-digest
2008-10-10	492	twittering on 2008-10-10	https://www.chesnok.com/daily/2008/10/10/twittering-on-2008-10-10/	747	by/2008--twittering-on-2008-10-10.md	tweet-digest
2008-10-09	491	twittering on 2008-10-09	https://www.chesnok.com/daily/2008/10/09/twittering-on-2008-10-09/	106	by/2008--twittering-on-2008-10-09.md	tweet-digest
2008-10-08	490	twittering on 2008-10-08	https://www.chesnok.com/daily/2008/10/08/twittering-on-2008-10-08/	1672	by/2008--twittering-on-2008-10-08.md	tweet-digest
2008-10-08	488	PostgreSQL Conference: Friday night dinner	https://www.chesnok.com/daily/2008/10/08/postgresql-conference-friday-night-dinner/	1028	by/2008--postgresql-conference-friday-night-dinner.md	post
2008-10-07	487	twittering on 2008-10-07	https://www.chesnok.com/daily/2008/10/07/twittering-on-2008-10-07/	2277	by/2008--twittering-on-2008-10-07.md	tweet-digest
2008-10-06	486	twittering on 2008-10-06	https://www.chesnok.com/daily/2008/10/06/twittering-on-2008-10-06/	68	by/2008--twittering-on-2008-10-06.md	tweet-digest
2008-10-05	485	twittering on 2008-10-05	https://www.chesnok.com/daily/2008/10/05/twittering-on-2008-10-05/	201	by/2008--twittering-on-2008-10-05.md	tweet-digest
2008-10-04	484	twittering on 2008-10-04	https://www.chesnok.com/daily/2008/10/04/twittering-on-2008-10-04/	1363	by/2008--twittering-on-2008-10-04.md	tweet-digest
2008-10-03	483	twittering on 2008-10-03	https://www.chesnok.com/daily/2008/10/03/twittering-on-2008-10-03/	714	by/2008--twittering-on-2008-10-03.md	tweet-digest
2008-10-02	482	twittering on 2008-10-02	https://www.chesnok.com/daily/2008/10/02/twittering-on-2008-10-02/	1097	by/2008--twittering-on-2008-10-02.md	tweet-digest
2008-10-01	481	twittering on 2008-10-01	https://www.chesnok.com/daily/2008/10/01/twittering-on-2008-10-01/	223	by/2008--twittering-on-2008-10-01.md	tweet-digest
2008-10-01	479	What I’m going to see at PostgreSQL Conference West	https://www.chesnok.com/daily/2008/10/01/what-im-going-to-see-at-postgresql-conference-west/	6945	by/2008--what-im-going-to-see-at-postgresql-conference-west.md	post
2008-09-30	478	twittering on 2008-09-30	https://www.chesnok.com/daily/2008/09/30/twittering-on-2008-09-30/	648	by/2008--twittering-on-2008-09-30.md	tweet-digest
2008-09-29	477	twittering on 2008-09-29	https://www.chesnok.com/daily/2008/09/29/twittering-on-2008-09-29/	346	by/2008--twittering-on-2008-09-29.md	tweet-digest
2008-09-27	476	twittering on 2008-09-27	https://www.chesnok.com/daily/2008/09/27/twittering-on-2008-09-27/	505	by/2008--twittering-on-2008-09-27.md	tweet-digest
2008-09-26	475	twittering on 2008-09-26	https://www.chesnok.com/daily/2008/09/26/twittering-on-2008-09-26/	645	by/2008--twittering-on-2008-09-26.md	tweet-digest
2008-09-25	474	twittering on 2008-09-25	https://www.chesnok.com/daily/2008/09/25/twittering-on-2008-09-25/	113	by/2008--twittering-on-2008-09-25.md	tweet-digest
2008-09-24	473	twittering on 2008-09-24	https://www.chesnok.com/daily/2008/09/24/twittering-on-2008-09-24/	1494	by/2008--twittering-on-2008-09-24.md	tweet-digest
2008-09-23	472	twittering on 2008-09-23	https://www.chesnok.com/daily/2008/09/23/twittering-on-2008-09-23/	1139	by/2008--twittering-on-2008-09-23.md	tweet-digest
2008-09-22	471	twittering on 2008-09-22	https://www.chesnok.com/daily/2008/09/22/twittering-on-2008-09-22/	781	by/2008--twittering-on-2008-09-22.md	tweet-digest
2008-09-21	470	twittering on 2008-09-21	https://www.chesnok.com/daily/2008/09/21/twittering-on-2008-09-21/	372	by/2008--twittering-on-2008-09-21.md	tweet-digest
2008-09-20	469	twittering on 2008-09-20	https://www.chesnok.com/daily/2008/09/20/twittering-on-2008-09-20/	138	by/2008--twittering-on-2008-09-20.md	tweet-digest
2008-09-19	468	twittering on 2008-09-19	https://www.chesnok.com/daily/2008/09/19/twittering-on-2008-09-19/	339	by/2008--twittering-on-2008-09-19.md	tweet-digest
2008-09-18	467	twittering on 2008-09-18	https://www.chesnok.com/daily/2008/09/18/twittering-on-2008-09-18/	1263	by/2008--twittering-on-2008-09-18.md	tweet-digest
2008-09-17	466	twittering on 2008-09-17	https://www.chesnok.com/daily/2008/09/17/twittering-on-2008-09-17/	285	by/2008--twittering-on-2008-09-17.md	tweet-digest
2008-09-16	465	twittering on 2008-09-16	https://www.chesnok.com/daily/2008/09/16/twittering-on-2008-09-16/	793	by/2008--twittering-on-2008-09-16.md	tweet-digest
2008-09-15	464	twittering on 2008-09-15	https://www.chesnok.com/daily/2008/09/15/twittering-on-2008-09-15/	686	by/2008--twittering-on-2008-09-15.md	tweet-digest
2008-09-14	463	twittering on 2008-09-14	https://www.chesnok.com/daily/2008/09/14/twittering-on-2008-09-14/	137	by/2008--twittering-on-2008-09-14.md	tweet-digest
2008-09-13	462	twittering on 2008-09-13	https://www.chesnok.com/daily/2008/09/13/twittering-on-2008-09-13/	283	by/2008--twittering-on-2008-09-13.md	tweet-digest
2008-09-12	461	twittering on 2008-09-12	https://www.chesnok.com/daily/2008/09/12/twittering-on-2008-09-12/	1475	by/2008--twittering-on-2008-09-12.md	tweet-digest
2008-09-11	460	twittering on 2008-09-11	https://www.chesnok.com/daily/2008/09/11/twittering-on-2008-09-11/	129	by/2008--twittering-on-2008-09-11.md	tweet-digest
2008-09-10	459	twittering on 2008-09-10	https://www.chesnok.com/daily/2008/09/10/twittering-on-2008-09-10/	520	by/2008--twittering-on-2008-09-10.md	tweet-digest
2008-09-10	457	Filesystem I/O at the Linux Plumbers Conference	https://www.chesnok.com/daily/2008/09/10/filesystem-io-at-the-linux-plumbers-conference/	1627	by/2008--filesystem-io-at-the-linux-plumbers-conference.md	post
2008-09-09	456	twittering on 2008-09-09	https://www.chesnok.com/daily/2008/09/09/twittering-on-2008-09-09/	408	by/2008--twittering-on-2008-09-09.md	tweet-digest
2008-09-08	455	twittering on 2008-09-08	https://www.chesnok.com/daily/2008/09/08/twittering-on-2008-09-08/	489	by/2008--twittering-on-2008-09-08.md	tweet-digest
2008-09-07	454	twittering on 2008-09-07	https://www.chesnok.com/daily/2008/09/07/twittering-on-2008-09-07/	143	by/2008--twittering-on-2008-09-07.md	tweet-digest
2008-09-05	453	twittering on 2008-09-05	https://www.chesnok.com/daily/2008/09/05/twittering-on-2008-09-05/	1160	by/2008--twittering-on-2008-09-05.md	tweet-digest
2008-09-04	451	User Groups redux	https://www.chesnok.com/daily/2008/09/04/user-groups-redux/	851	by/2008--user-groups-redux.md	post
2008-09-04	450	twittering on 2008-09-04	https://www.chesnok.com/daily/2008/09/04/twittering-on-2008-09-04/	2349	by/2008--twittering-on-2008-09-04.md	tweet-digest
2008-09-03	449	twittering on 2008-09-03	https://www.chesnok.com/daily/2008/09/03/twittering-on-2008-09-03/	905	by/2008--twittering-on-2008-09-03.md	tweet-digest
2008-09-02	448	twittering on 2008-09-02	https://www.chesnok.com/daily/2008/09/02/twittering-on-2008-09-02/	727	by/2008--twittering-on-2008-09-02.md	tweet-digest
2008-09-01	447	twittering on 2008-09-01	https://www.chesnok.com/daily/2008/09/01/twittering-on-2008-09-01/	532	by/2008--twittering-on-2008-09-01.md	tweet-digest
2008-08-31	446	twittering on 2008-08-31	https://www.chesnok.com/daily/2008/08/31/twittering-on-2008-08-31/	437	by/2008--twittering-on-2008-08-31.md	tweet-digest
2008-08-30	445	twittering on 2008-08-30	https://www.chesnok.com/daily/2008/08/30/twittering-on-2008-08-30/	279	by/2008--twittering-on-2008-08-30.md	tweet-digest
2008-08-29	444	twittering on 2008-08-29	https://www.chesnok.com/daily/2008/08/29/twittering-on-2008-08-29/	695	by/2008--twittering-on-2008-08-29.md	tweet-digest
2008-08-28	442	Leaving US PostgreSQL Assoc. – what’s next for me?	https://www.chesnok.com/daily/2008/08/28/leaving-us-postgresql-assoc-whats-next-for-me/	3045	by/2008--leaving-us-postgresql-assoc-whats-next-for-me.md	post
2008-08-28	441	twittering on 2008-08-28	https://www.chesnok.com/daily/2008/08/28/twittering-on-2008-08-28/	707	by/2008--twittering-on-2008-08-28.md	tweet-digest
2008-08-27	440	twittering on 2008-08-27	https://www.chesnok.com/daily/2008/08/27/twittering-on-2008-08-27/	1310	by/2008--twittering-on-2008-08-27.md	tweet-digest
2008-08-26	439	twittering on 2008-08-26	https://www.chesnok.com/daily/2008/08/26/twittering-on-2008-08-26/	1544	by/2008--twittering-on-2008-08-26.md	tweet-digest
2008-08-25	438	twittering on 2008-08-25	https://www.chesnok.com/daily/2008/08/25/twittering-on-2008-08-25/	992	by/2008--twittering-on-2008-08-25.md	tweet-digest
2008-08-24	437	twittering on 2008-08-24	https://www.chesnok.com/daily/2008/08/24/twittering-on-2008-08-24/	1107	by/2008--twittering-on-2008-08-24.md	tweet-digest
2008-08-23	436	twittering on 2008-08-23	https://www.chesnok.com/daily/2008/08/23/twittering-on-2008-08-23/	1182	by/2008--twittering-on-2008-08-23.md	tweet-digest
2008-08-22	435	twittering on 2008-08-22	https://www.chesnok.com/daily/2008/08/22/twittering-on-2008-08-22/	2010	by/2008--twittering-on-2008-08-22.md	tweet-digest
2008-08-21	434	twittering on 2008-08-21	https://www.chesnok.com/daily/2008/08/21/twittering-on-2008-08-21/	1520	by/2008--twittering-on-2008-08-21.md	tweet-digest
2008-07-31	433	twittering on 2008-07-31	https://www.chesnok.com/daily/2008/07/31/twittering-on-2008-07-31/	118	by/2008--twittering-on-2008-07-31.md	tweet-digest
2008-07-30	432	twittering on 2008-07-30	https://www.chesnok.com/daily/2008/07/30/twittering-on-2008-07-30/	439	by/2008--twittering-on-2008-07-30.md	tweet-digest
2008-07-30	430	Pluggable architecture, not just for code	https://www.chesnok.com/daily/2008/07/30/pluggable-architecture-not-just-for-code/	2320	by/2008--pluggable-architecture-not-just-for-code.md	post
2008-07-29	429	twittering on 2008-07-29	https://www.chesnok.com/daily/2008/07/29/twittering-on-2008-07-29/	807	by/2008--twittering-on-2008-07-29.md	tweet-digest
2008-07-28	428	twittering on 2008-07-28	https://www.chesnok.com/daily/2008/07/28/twittering-on-2008-07-28/	1325	by/2008--twittering-on-2008-07-28.md	tweet-digest
2008-07-27	427	twittering on 2008-07-27	https://www.chesnok.com/daily/2008/07/27/twittering-on-2008-07-27/	666	by/2008--twittering-on-2008-07-27.md	tweet-digest
2008-07-27	425	Running a Successful User Group	https://www.chesnok.com/daily/2008/07/27/running-a-successful-user-group/	390	by/2008--running-a-successful-user-group.md	post
2008-07-26	424	twittering on 2008-07-26	https://www.chesnok.com/daily/2008/07/26/twittering-on-2008-07-26/	201	by/2008--twittering-on-2008-07-26.md	tweet-digest
2008-07-25	423	twittering on 2008-07-25	https://www.chesnok.com/daily/2008/07/25/twittering-on-2008-07-25/	1241	by/2008--twittering-on-2008-07-25.md	tweet-digest
2008-07-24	422	twittering on 2008-07-24	https://www.chesnok.com/daily/2008/07/24/twittering-on-2008-07-24/	1555	by/2008--twittering-on-2008-07-24.md	tweet-digest
2008-07-23	421	twittering on 2008-07-23	https://www.chesnok.com/daily/2008/07/23/twittering-on-2008-07-23/	1828	by/2008--twittering-on-2008-07-23.md	tweet-digest
2008-07-22	419	OSCON 2008 – People for Geeks: Leading without being in charge	https://www.chesnok.com/daily/2008/07/22/oscon-2008-people-for-geeks-leading-without-being-in-charge/	176	by/2008--oscon-2008-people-for-geeks-leading-without-being-in-charge.md	post
2008-07-22	416	twittering on 2008-07-22	https://www.chesnok.com/daily/2008/07/22/twittering-on-2008-07-22/	1324	by/2008--twittering-on-2008-07-22.md	tweet-digest
2008-07-21	415	twittering on 2008-07-21	https://www.chesnok.com/daily/2008/07/21/twittering-on-2008-07-21/	942	by/2008--twittering-on-2008-07-21.md	tweet-digest
2008-07-20	414	twittering on 2008-07-20	https://www.chesnok.com/daily/2008/07/20/twittering-on-2008-07-20/	500	by/2008--twittering-on-2008-07-20.md	tweet-digest
2008-07-19	413	twittering on 2008-07-19	https://www.chesnok.com/daily/2008/07/19/twittering-on-2008-07-19/	1361	by/2008--twittering-on-2008-07-19.md	tweet-digest
2008-07-18	412	FOSCON Live Coding competition	https://www.chesnok.com/daily/2008/07/18/foscon-live-coding-competition/	711	by/2008--foscon-live-coding-competition.md	post
2008-07-18	411	twittering on 2008-07-18	https://www.chesnok.com/daily/2008/07/18/twittering-on-2008-07-18/	146	by/2008--twittering-on-2008-07-18.md	tweet-digest
2008-07-17	410	twittering on 2008-07-17	https://www.chesnok.com/daily/2008/07/17/twittering-on-2008-07-17/	293	by/2008--twittering-on-2008-07-17.md	tweet-digest
2008-07-16	409	twittering on 2008-07-16	https://www.chesnok.com/daily/2008/07/16/twittering-on-2008-07-16/	1093	by/2008--twittering-on-2008-07-16.md	tweet-digest
2008-07-15	408	twittering on 2008-07-15	https://www.chesnok.com/daily/2008/07/15/twittering-on-2008-07-15/	2237	by/2008--twittering-on-2008-07-15.md	tweet-digest
2008-07-13	407	twittering on 2008-07-13	https://www.chesnok.com/daily/2008/07/13/twittering-on-2008-07-13/	100	by/2008--twittering-on-2008-07-13.md	tweet-digest
2008-07-11	406	twittering on 2008-07-11	https://www.chesnok.com/daily/2008/07/11/twittering-on-2008-07-11/	449	by/2008--twittering-on-2008-07-11.md	tweet-digest
2008-07-10	405	twittering on 2008-07-10	https://www.chesnok.com/daily/2008/07/10/twittering-on-2008-07-10/	1684	by/2008--twittering-on-2008-07-10.md	tweet-digest
2008-07-10	403	PDXPUG Day on July 20 – Register now!	https://www.chesnok.com/daily/2008/07/10/pdxpug-day-on-july-20-register-now/	1317	by/2008--pdxpug-day-on-july-20-register-now.md	post
2008-07-09	402	twittering on 2008-07-09	https://www.chesnok.com/daily/2008/07/09/twittering-on-2008-07-09/	2678	by/2008--twittering-on-2008-07-09.md	tweet-digest
2008-07-08	401	twittering on 2008-07-08	https://www.chesnok.com/daily/2008/07/08/twittering-on-2008-07-08/	2453	by/2008--twittering-on-2008-07-08.md	tweet-digest
2008-07-07	400	twittering on 2008-07-07	https://www.chesnok.com/daily/2008/07/07/twittering-on-2008-07-07/	164	by/2008--twittering-on-2008-07-07.md	tweet-digest
2008-07-06	399	twittering on 2008-07-06	https://www.chesnok.com/daily/2008/07/06/twittering-on-2008-07-06/	194	by/2008--twittering-on-2008-07-06.md	tweet-digest
2008-07-03	398	twittering on 2008-07-03	https://www.chesnok.com/daily/2008/07/03/twittering-on-2008-07-03/	738	by/2008--twittering-on-2008-07-03.md	tweet-digest
2008-07-02	397	twittering on 2008-07-02	https://www.chesnok.com/daily/2008/07/02/twittering-on-2008-07-02/	78	by/2008--twittering-on-2008-07-02.md	tweet-digest
2008-07-01	396	twittering on 2008-07-01	https://www.chesnok.com/daily/2008/07/01/twittering-on-2008-07-01/	591	by/2008--twittering-on-2008-07-01.md	tweet-digest
2008-06-27	395	twittering on 2008-06-27	https://www.chesnok.com/daily/2008/06/27/twittering-on-2008-06-27/	303	by/2008--twittering-on-2008-06-27.md	tweet-digest
2008-06-26	394	twittering on 2008-06-26	https://www.chesnok.com/daily/2008/06/26/twittering-on-2008-06-26/	788	by/2008--twittering-on-2008-06-26.md	tweet-digest
2008-06-25	393	twittering on 2008-06-25	https://www.chesnok.com/daily/2008/06/25/twittering-on-2008-06-25/	493	by/2008--twittering-on-2008-06-25.md	tweet-digest
2008-06-24	392	twittering on 2008-06-24	https://www.chesnok.com/daily/2008/06/24/twittering-on-2008-06-24/	1591	by/2008--twittering-on-2008-06-24.md	tweet-digest
2008-06-23	391	twittering on 2008-06-23	https://www.chesnok.com/daily/2008/06/23/twittering-on-2008-06-23/	720	by/2008--twittering-on-2008-06-23.md	tweet-digest
2008-06-22	390	twittering on 2008-06-22	https://www.chesnok.com/daily/2008/06/22/twittering-on-2008-06-22/	277	by/2008--twittering-on-2008-06-22.md	tweet-digest
2008-06-20	389	twittering on 2008-06-20	https://www.chesnok.com/daily/2008/06/20/twittering-on-2008-06-20/	769	by/2008--twittering-on-2008-06-20.md	tweet-digest
2008-06-19	388	twittering on 2008-06-19	https://www.chesnok.com/daily/2008/06/19/twittering-on-2008-06-19/	773	by/2008--twittering-on-2008-06-19.md	tweet-digest
2008-06-18	387	twittering on 2008-06-18	https://www.chesnok.com/daily/2008/06/18/twittering-on-2008-06-18/	1112	by/2008--twittering-on-2008-06-18.md	tweet-digest
2008-06-16	385	Drupal + PostgreSQL: review some patches, folks!	https://www.chesnok.com/daily/2008/06/16/drupal-postgresql-review-some-patches-folks/	1732	by/2008--drupal-postgresql-review-some-patches-folks.md	post
2008-06-16	384	twittering on 2008-06-16	https://www.chesnok.com/daily/2008/06/16/twittering-on-2008-06-16/	1154	by/2008--twittering-on-2008-06-16.md	tweet-digest
2008-06-15	383	twittering on 2008-06-15	https://www.chesnok.com/daily/2008/06/15/twittering-on-2008-06-15/	195	by/2008--twittering-on-2008-06-15.md	tweet-digest
2008-06-14	382	twittering on 2008-06-14	https://www.chesnok.com/daily/2008/06/14/twittering-on-2008-06-14/	262	by/2008--twittering-on-2008-06-14.md	tweet-digest
2008-06-13	381	twittering on 2008-06-13	https://www.chesnok.com/daily/2008/06/13/twittering-on-2008-06-13/	3374	by/2008--twittering-on-2008-06-13.md	tweet-digest
2008-06-12	380	twittering on 2008-06-12	https://www.chesnok.com/daily/2008/06/12/twittering-on-2008-06-12-2/	1851	by/2008--twittering-on-2008-06-12-2.md	tweet-digest
2008-06-12	379	twittering on 2008-06-12	https://www.chesnok.com/daily/2008/06/12/twittering-on-2008-06-12/	1851	by/2008--twittering-on-2008-06-12.md	tweet-digest
2008-06-11	378	twittering on 2008-06-11	https://www.chesnok.com/daily/2008/06/11/twittering-on-2008-06-11/	1414	by/2008--twittering-on-2008-06-11.md	tweet-digest
2008-06-10	377	twittering on 2008-06-10	https://www.chesnok.com/daily/2008/06/10/twittering-on-2008-06-10/	875	by/2008--twittering-on-2008-06-10.md	tweet-digest
2008-06-09	376	twittering on 2008-06-09	https://www.chesnok.com/daily/2008/06/09/twittering-on-2008-06-09/	1766	by/2008--twittering-on-2008-06-09.md	tweet-digest
2008-06-08	375	twittering on 2008-06-08	https://www.chesnok.com/daily/2008/06/08/twittering-on-2008-06-08/	1311	by/2008--twittering-on-2008-06-08.md	tweet-digest
2008-06-07	374	twittering on 2008-06-07	https://www.chesnok.com/daily/2008/06/07/twittering-on-2008-06-07/	172	by/2008--twittering-on-2008-06-07.md	tweet-digest
2008-06-06	373	twittering on 2008-06-06	https://www.chesnok.com/daily/2008/06/06/twittering-on-2008-06-06/	329	by/2008--twittering-on-2008-06-06.md	tweet-digest
2008-06-05	372	twittering on 2008-06-05	https://www.chesnok.com/daily/2008/06/05/twittering-on-2008-06-05/	562	by/2008--twittering-on-2008-06-05.md	tweet-digest
2008-06-04	371	twittering on 2008-06-04	https://www.chesnok.com/daily/2008/06/04/twittering-on-2008-06-04/	2302	by/2008--twittering-on-2008-06-04.md	tweet-digest
2008-06-04	370	How to Plurk	https://www.chesnok.com/daily/2008/06/04/how-to-plurk/	3559	by/2008--how-to-plurk.md	post
2008-06-03	369	twittering on 2008-06-03	https://www.chesnok.com/daily/2008/06/03/twittering-on-2008-06-03/	999	by/2008--twittering-on-2008-06-03.md	tweet-digest
2008-06-02	368	twittering on 2008-06-02	https://www.chesnok.com/daily/2008/06/02/twittering-on-2008-06-02/	1578	by/2008--twittering-on-2008-06-02.md	tweet-digest
2008-06-02	366	Call for proposals for PDXPUG PgDay, due June 20, 2008	https://www.chesnok.com/daily/2008/06/02/call-for-proposals-for-pdxpug-pgday-due-june-20-2007/	992	by/2008--call-for-proposals-for-pdxpug-pgday-due-june-20-2007.md	post
2008-06-01	365	twittering on 2008-06-01	https://www.chesnok.com/daily/2008/06/01/twittering-on-2008-06-01/	111	by/2008--twittering-on-2008-06-01.md	tweet-digest
2008-05-31	364	twittering on 2008-05-31	https://www.chesnok.com/daily/2008/05/31/twittering-on-2008-05-31-2/	1183	by/2008--twittering-on-2008-05-31-2.md	tweet-digest
2008-05-31	363	twittering on 2008-05-31	https://www.chesnok.com/daily/2008/05/31/twittering-on-2008-05-31/	1183	by/2008--twittering-on-2008-05-31.md	tweet-digest
2008-05-30	361	twittering on 2008-05-30	https://www.chesnok.com/daily/2008/05/30/twittering-on-2008-05-30/	3456	by/2008--twittering-on-2008-05-30.md	tweet-digest
2008-05-29	360	twittering on 2008-05-29	https://www.chesnok.com/daily/2008/05/29/twittering-on-2008-05-29/	1440	by/2008--twittering-on-2008-05-29.md	tweet-digest
2008-05-28	359	twittering on 2008-05-28	https://www.chesnok.com/daily/2008/05/28/twittering-on-2008-05-28/	332	by/2008--twittering-on-2008-05-28.md	tweet-digest
2008-05-28	357	PgCon 2008 – big announcements, community conversations	https://www.chesnok.com/daily/2008/05/28/pgcon-2008-big-announcements-community-conversations/	2907	by/2008--pgcon-2008-big-announcements-community-conversations.md	post
2008-05-27	356	twittering on 2008-05-27	https://www.chesnok.com/daily/2008/05/27/twittering-on-2008-05-27/	1525	by/2008--twittering-on-2008-05-27.md	tweet-digest
2008-05-25	355	twittering on 2008-05-25	https://www.chesnok.com/daily/2008/05/25/twittering-on-2008-05-25/	100	by/2008--twittering-on-2008-05-25.md	tweet-digest
2008-05-24	354	twittering on 2008-05-24	https://www.chesnok.com/daily/2008/05/24/twittering-on-2008-05-24/	929	by/2008--twittering-on-2008-05-24.md	tweet-digest
2008-05-23	353	twittering on 2008-05-23	https://www.chesnok.com/daily/2008/05/23/twittering-on-2008-05-23/	4872	by/2008--twittering-on-2008-05-23.md	tweet-digest
2008-05-22	352	PgCon Lightning talk: User Groupalooza	https://www.chesnok.com/daily/2008/05/22/pgcon-lightning-talk-user-groupalooza/	790	by/2008--pgcon-lightning-talk-user-groupalooza.md	post
2008-05-22	349	twittering on 2008-05-22	https://www.chesnok.com/daily/2008/05/22/twittering-on-2008-05-22/	7060	by/2008--twittering-on-2008-05-22.md	tweet-digest
2008-05-22	348	PgCon in Ottawa – following people on twitter	https://www.chesnok.com/daily/2008/05/22/pgcon-in-ottawa-following-people-on-twitter/	545	by/2008--pgcon-in-ottawa-following-people-on-twitter.md	post
2008-05-22	346	At PgCon in Ottawa, Day 1	https://www.chesnok.com/daily/2008/05/22/at-pgcon-in-ottawa/	664	by/2008--at-pgcon-in-ottawa.md	post
2008-05-21	345	twittering on 2008-05-21	https://www.chesnok.com/daily/2008/05/21/twittering-on-2008-05-21/	248	by/2008--twittering-on-2008-05-21.md	tweet-digest
2008-05-20	344	twittering on 2008-05-20	https://www.chesnok.com/daily/2008/05/20/twittering-on-2008-05-20/	1934	by/2008--twittering-on-2008-05-20.md	tweet-digest
2008-05-19	343	twittering on 2008-05-19	https://www.chesnok.com/daily/2008/05/19/twittering-on-2008-05-19/	703	by/2008--twittering-on-2008-05-19.md	tweet-digest
2008-05-18	342	twittering on 2008-05-18	https://www.chesnok.com/daily/2008/05/18/twittering-on-2008-05-18/	368	by/2008--twittering-on-2008-05-18.md	tweet-digest
2008-05-17	341	twittering on 2008-05-17	https://www.chesnok.com/daily/2008/05/17/twittering-on-2008-05-17/	91	by/2008--twittering-on-2008-05-17.md	tweet-digest
2008-05-16	340	twittering on 2008-05-16	https://www.chesnok.com/daily/2008/05/16/twittering-on-2008-05-16/	854	by/2008--twittering-on-2008-05-16.md	tweet-digest
2008-05-15	339	twittering on 2008-05-15	https://www.chesnok.com/daily/2008/05/15/twittering-on-2008-05-15/	451	by/2008--twittering-on-2008-05-15.md	tweet-digest
2008-05-14	338	twittering on 2008-05-14	https://www.chesnok.com/daily/2008/05/14/twittering-on-2008-05-14/	2603	by/2008--twittering-on-2008-05-14.md	tweet-digest
2008-05-13	337	twittering on 2008-05-13	https://www.chesnok.com/daily/2008/05/13/twittering-on-2008-05-13/	845	by/2008--twittering-on-2008-05-13.md	tweet-digest
2008-05-12	336	twittering on 2008-05-12	https://www.chesnok.com/daily/2008/05/12/twittering-on-2008-05-12/	1073	by/2008--twittering-on-2008-05-12.md	tweet-digest
2008-05-09	335	twittering on 2008-05-09	https://www.chesnok.com/daily/2008/05/09/twittering-on-2008-05-09-2/	4293	by/2008--twittering-on-2008-05-09-2.md	tweet-digest
2008-05-09	334	twittering on 2008-05-09	https://www.chesnok.com/daily/2008/05/09/twittering-on-2008-05-09/	4293	by/2008--twittering-on-2008-05-09.md	tweet-digest
2008-05-08	332	twittering on 2008-05-08	https://www.chesnok.com/daily/2008/05/08/twittering-on-2008-05-08/	1624	by/2008--twittering-on-2008-05-08.md	tweet-digest
2008-05-07	331	twittering on 2008-05-07	https://www.chesnok.com/daily/2008/05/07/twittering-on-2008-05-07/	4671	by/2008--twittering-on-2008-05-07.md	tweet-digest
2008-05-06	330	twittering on 2008-05-06	https://www.chesnok.com/daily/2008/05/06/twittering-on-2008-05-06/	3048	by/2008--twittering-on-2008-05-06.md	tweet-digest
2008-05-05	329	twittering on 2008-05-05	https://www.chesnok.com/daily/2008/05/05/twittering-on-2008-05-05/	4705	by/2008--twittering-on-2008-05-05.md	tweet-digest
2008-05-04	328	Bar Camp Portland: what a weekend!	https://www.chesnok.com/daily/2008/05/04/bar-camp-portland-what-a-weekend/	1570	by/2008--bar-camp-portland-what-a-weekend.md	post
2008-05-04	327	twittering on 2008-05-04	https://www.chesnok.com/daily/2008/05/04/twittering-on-2008-05-04/	2553	by/2008--twittering-on-2008-05-04.md	tweet-digest
2008-05-03	326	twittering on 2008-05-03	https://www.chesnok.com/daily/2008/05/03/twittering-on-2008-05-03/	3402	by/2008--twittering-on-2008-05-03.md	tweet-digest
2008-05-02	325	twittering on 2008-05-02	https://www.chesnok.com/daily/2008/05/02/twittering-on-2008-05-02/	2147	by/2008--twittering-on-2008-05-02.md	tweet-digest
2008-05-01	323	pl/lolcode slides	https://www.chesnok.com/daily/2008/05/01/pllolcode-slides/	349	by/2008--pllolcode-slides.md	post
2008-05-01	321	twittering on 2008-05-01	https://www.chesnok.com/daily/2008/05/01/twittering-on-2008-05-01/	2564	by/2008--twittering-on-2008-05-01.md	tweet-digest
2008-04-30	320	twittering on 2008-04-30	https://www.chesnok.com/daily/2008/04/30/twittering-on-2008-04-30/	4302	by/2008--twittering-on-2008-04-30.md	tweet-digest
2008-04-29	319	twittering on 2008-04-29	https://www.chesnok.com/daily/2008/04/29/twittering-on-2008-04-29/	865	by/2008--twittering-on-2008-04-29.md	tweet-digest
2008-04-28	318	twittering on 2008-04-28	https://www.chesnok.com/daily/2008/04/28/twittering-on-2008-04-28/	2193	by/2008--twittering-on-2008-04-28.md	tweet-digest
2008-04-28	317	My Other Things	https://www.chesnok.com/daily/2008/04/28/my-other-things/	2313	by/2008--my-other-things.md	post
2008-04-27	316	twittering on 2008-04-27	https://www.chesnok.com/daily/2008/04/27/twittering-on-2008-04-27/	970	by/2008--twittering-on-2008-04-27.md	tweet-digest
2008-04-26	315	twittering on 2008-04-26	https://www.chesnok.com/daily/2008/04/26/twittering-on-2008-04-26/	659	by/2008--twittering-on-2008-04-26.md	tweet-digest
2008-04-25	314	twittering on 2008-04-25	https://www.chesnok.com/daily/2008/04/25/twittering-on-2008-04-25/	937	by/2008--twittering-on-2008-04-25.md	tweet-digest
2008-04-24	313	twittering on 2008-04-24	https://www.chesnok.com/daily/2008/04/24/twittering-on-2008-04-24/	2868	by/2008--twittering-on-2008-04-24.md	tweet-digest
2008-04-23	312	twittering on 2008-04-23	https://www.chesnok.com/daily/2008/04/23/twittering-on-2008-04-23/	3856	by/2008--twittering-on-2008-04-23.md	tweet-digest
2008-04-22	311	twittering on 2008-04-22	https://www.chesnok.com/daily/2008/04/22/twittering-on-2008-04-22/	2042	by/2008--twittering-on-2008-04-22.md	tweet-digest
2008-04-22	310	Roadtrip to LinuxFest NW with PostgreSQL!	https://www.chesnok.com/daily/2008/04/22/roadtrip-to-linuxfest-nw-with-postgresql/	588	by/2008--roadtrip-to-linuxfest-nw-with-postgresql.md	post
2008-04-21	308	twittering on 2008-04-21	https://www.chesnok.com/daily/2008/04/21/twittering-on-2008-04-21/	901	by/2008--twittering-on-2008-04-21.md	tweet-digest
2008-04-20	307	twittering on 2008-04-20	https://www.chesnok.com/daily/2008/04/20/twittering-on-2008-04-20/	275	by/2008--twittering-on-2008-04-20.md	tweet-digest
2008-04-19	306	twittering on 2008-04-19	https://www.chesnok.com/daily/2008/04/19/twittering-on-2008-04-19/	202	by/2008--twittering-on-2008-04-19.md	tweet-digest
2008-04-18	305	twittering on 2008-04-18	https://www.chesnok.com/daily/2008/04/18/twittering-on-2008-04-18/	4678	by/2008--twittering-on-2008-04-18.md	tweet-digest
2008-04-17	304	twittering on 2008-04-17	https://www.chesnok.com/daily/2008/04/17/twittering-on-2008-04-17/	2541	by/2008--twittering-on-2008-04-17.md	tweet-digest
2008-04-16	303	twittering on 2008-04-16	https://www.chesnok.com/daily/2008/04/16/twittering-on-2008-04-16/	2569	by/2008--twittering-on-2008-04-16.md	tweet-digest
2008-04-15	302	WordPress vs. Drupal: Not that it’s about winning	https://www.chesnok.com/daily/2008/04/15/wordpress-vs-drupal-not-that-its-about-winning/	287	by/2008--wordpress-vs-drupal-not-that-its-about-winning.md	post
2008-04-15	301	twittering on 2008-04-15	https://www.chesnok.com/daily/2008/04/15/twittering-on-2008-04-15/	4890	by/2008--twittering-on-2008-04-15.md	tweet-digest
2008-04-14	300	twittering on 2008-04-14	https://www.chesnok.com/daily/2008/04/14/twittering-on-2008-04-14/	887	by/2008--twittering-on-2008-04-14.md	tweet-digest
2008-04-14	298	geekspeakr.com	https://www.chesnok.com/daily/2008/04/14/geekspeakrcom/	277	by/2008--geekspeakrcom.md	post
2008-04-13	296	twittering on 2008-04-13	https://www.chesnok.com/daily/2008/04/13/twittering-on-2008-04-13/	699	by/2008--twittering-on-2008-04-13.md	tweet-digest
2008-04-12	290	lugradio live and emma hogbin	https://www.chesnok.com/daily/2008/04/12/lugradio-live-and-emma-hogbin/	1688	by/2008--lugradio-live-and-emma-hogbin.md	post
2008-04-12	289	twittering on 2008-04-12	https://www.chesnok.com/daily/2008/04/12/twittering-on-2008-04-12/	223	by/2008--twittering-on-2008-04-12.md	tweet-digest
2008-04-11	288	twittering on 2008-04-11	https://www.chesnok.com/daily/2008/04/11/twittering-on-2008-04-11/	646	by/2008--twittering-on-2008-04-11.md	tweet-digest
2008-04-10	287	twittering on 2008-04-10	https://www.chesnok.com/daily/2008/04/10/twittering-on-2008-04-10/	83	by/2008--twittering-on-2008-04-10.md	tweet-digest
2008-04-09	285	twittering on 2008-04-09	https://www.chesnok.com/daily/2008/04/09/twittering-on-2008-04-09/	1288	by/2008--twittering-on-2008-04-09.md	tweet-digest
2008-04-08	284	twittering on 2008-04-08	https://www.chesnok.com/daily/2008/04/08/twittering-on-2008-04-08/	1875	by/2008--twittering-on-2008-04-08.md	tweet-digest
2008-04-07	283	twittering on 2008-04-07	https://www.chesnok.com/daily/2008/04/07/twittering-on-2008-04-07/	1182	by/2008--twittering-on-2008-04-07.md	tweet-digest
2008-04-06	282	twittering on 2008-04-06	https://www.chesnok.com/daily/2008/04/06/twittering-on-2008-04-06/	1037	by/2008--twittering-on-2008-04-06.md	tweet-digest
2008-04-06	279	ptop – the talk	https://www.chesnok.com/daily/2008/04/06/ptop-the-talk/	533	by/2008--ptop-the-talk.md	post
2008-04-04	277	twittering on 2008-04-04	https://www.chesnok.com/daily/2008/04/04/twittering-on-2008-04-04/	1564	by/2008--twittering-on-2008-04-04.md	tweet-digest
2008-04-03	276	twittering on 2008-04-03	https://www.chesnok.com/daily/2008/04/03/twittering-on-2008-04-03/	2140	by/2008--twittering-on-2008-04-03.md	tweet-digest
2008-04-02	275	twittering on 2008-04-02	https://www.chesnok.com/daily/2008/04/02/twittering-on-2008-04-02-2/	2519	by/2008--twittering-on-2008-04-02-2.md	tweet-digest
2008-04-02	274	twittering on 2008-04-02	https://www.chesnok.com/daily/2008/04/02/twittering-on-2008-04-02/	2519	by/2008--twittering-on-2008-04-02.md	tweet-digest
2008-04-02	273	PostgreSQL Conference Group Photo	https://www.chesnok.com/daily/2008/04/02/postgresql-conference-group-photo/	230	by/2008--postgresql-conference-group-photo.md	post
2008-04-02	272	Women Who Code – where are they?	https://www.chesnok.com/daily/2008/04/02/women-who-code-where-are-they/	3124	by/2008--women-who-code-where-are-they.md	post
2008-04-01	271	twittering on 2008-04-01	https://www.chesnok.com/daily/2008/04/01/twittering-on-2008-04-01-2/	2219	by/2008--twittering-on-2008-04-01-2.md	tweet-digest
2008-04-01	269	PostgreSQL Conference – Keynote commentary	https://www.chesnok.com/daily/2008/04/01/postgresql-conerence-keynote-commentary/	1575	by/2008--postgresql-conerence-keynote-commentary.md	post
2008-03-31	268	twittering on 2008-03-31	https://www.chesnok.com/daily/2008/03/31/twittering-on-2008-03-31/	982	by/2008--twittering-on-2008-03-31.md	tweet-digest
2008-03-31	266	PostgreSQL Conference is over! A few thank-yous…	https://www.chesnok.com/daily/2008/03/31/postgresql-conference-is-over-a-few-thank-yous/	4644	by/2008--postgresql-conference-is-over-a-few-thank-yous.md	post
2008-03-30	265	twittering on 2008-03-30	https://www.chesnok.com/daily/2008/03/30/twittering-on-2008-03-30/	1633	by/2008--twittering-on-2008-03-30.md	tweet-digest
2008-03-29	260	PostgreSQL Conference Day 1	https://www.chesnok.com/daily/2008/03/29/postgresql-conference-day-1/	2275	by/2008--postgresql-conference-day-1.md	post
2008-03-28	259	twittering on 2008-03-28	https://www.chesnok.com/daily/2008/03/28/twittering-on-2008-03-28/	604	by/2008--twittering-on-2008-03-28.md	tweet-digest
2008-03-27	258	twittering on 2008-03-27	https://www.chesnok.com/daily/2008/03/27/twittering-on-2008-03-27/	844	by/2008--twittering-on-2008-03-27.md	tweet-digest
2008-03-27	257	PostgreSQL Conference East Flickr group	https://www.chesnok.com/daily/2008/03/27/postgresql-conference-east-flickr-group/	747	by/2008--postgresql-conference-east-flickr-group.md	post
2008-03-26	256	twittering on 2008-03-26	https://www.chesnok.com/daily/2008/03/26/twittering-on-2008-03-26/	2929	by/2008--twittering-on-2008-03-26.md	tweet-digest
2008-03-26	255	PostgreSQL Conference East – this Saturday and Sunday	https://www.chesnok.com/daily/2008/03/26/postgresql-conference-east-this-saturday-and-sunday/	876	by/2008--postgresql-conference-east-this-saturday-and-sunday.md	post
2008-03-25	254	twittering on 2008-03-25	https://www.chesnok.com/daily/2008/03/25/twittering-on-2008-03-25/	3062	by/2008--twittering-on-2008-03-25.md	tweet-digest
2008-03-24	253	twittering on 2008-03-24	https://www.chesnok.com/daily/2008/03/24/twittering-on-2008-03-24/	605	by/2008--twittering-on-2008-03-24.md	tweet-digest
2008-03-23	252	twittering on 2008-03-23	https://www.chesnok.com/daily/2008/03/23/twittering-on-2008-03-23/	2014	by/2008--twittering-on-2008-03-23.md	tweet-digest
2008-03-22	251	twittering on 2008-03-22	https://www.chesnok.com/daily/2008/03/22/twittering-on-2008-03-22/	777	by/2008--twittering-on-2008-03-22.md	tweet-digest
2008-03-21	250	twittering on 2008-03-21	https://www.chesnok.com/daily/2008/03/21/twittering-on-2008-03-21/	347	by/2008--twittering-on-2008-03-21.md	tweet-digest
2008-03-20	249	twittering on 2008-03-20	https://www.chesnok.com/daily/2008/03/20/twittering-on-2008-03-20/	4093	by/2008--twittering-on-2008-03-20.md	tweet-digest
2008-03-19	248	twittering on 2008-03-19	https://www.chesnok.com/daily/2008/03/19/twittering-on-2008-03-19/	3368	by/2008--twittering-on-2008-03-19.md	tweet-digest
2008-03-18	247	twittering on 2008-03-18	https://www.chesnok.com/daily/2008/03/18/twittering-on-2008-03-18/	2975	by/2008--twittering-on-2008-03-18.md	tweet-digest
2008-03-17	246	twittering on 2008-03-17	https://www.chesnok.com/daily/2008/03/17/twittering-on-2008-03-17/	1229	by/2008--twittering-on-2008-03-17.md	tweet-digest
2008-03-14	245	twittering on 2008-03-14	https://www.chesnok.com/daily/2008/03/14/twittering-on-2008-03-14/	957	by/2008--twittering-on-2008-03-14.md	tweet-digest
2008-03-14	242	PostgreSQL Conference East – buckets of awesome!	https://www.chesnok.com/daily/2008/03/14/postgresql-conference-east-buckets-of-awesome/	1209	by/2008--postgresql-conference-east-buckets-of-awesome.md	post
2008-03-13	244	twittering on 2008-03-13	https://www.chesnok.com/daily/2008/03/13/twittering-on-2008-03-13/	1123	by/2008--twittering-on-2008-03-13.md	tweet-digest
2008-03-13	243	United States PostgreSQL Association launched!	https://www.chesnok.com/daily/2008/03/13/united-states-postgresql-association-launched/	1458	by/2008--united-states-postgresql-association-launched.md	post
2008-03-12	241	twittering on 2008-03-12	https://www.chesnok.com/daily/2008/03/12/twittering-on-2008-03-12/	468	by/2008--twittering-on-2008-03-12.md	tweet-digest
2008-03-11	240	twittering on 2008-03-11	https://www.chesnok.com/daily/2008/03/11/twittering-on-2008-03-11/	3470	by/2008--twittering-on-2008-03-11.md	tweet-digest
2008-03-10	239	twittering on 2008-03-10	https://www.chesnok.com/daily/2008/03/10/twittering-on-2008-03-10/	2064	by/2008--twittering-on-2008-03-10.md	tweet-digest
2008-03-09	238	twittering on 2008-03-09	https://www.chesnok.com/daily/2008/03/09/twittering-on-2008-03-09/	82	by/2008--twittering-on-2008-03-09.md	tweet-digest
2008-03-08	237	twittering on 2008-03-08	https://www.chesnok.com/daily/2008/03/08/twittering-on-2008-03-08/	129	by/2008--twittering-on-2008-03-08.md	tweet-digest
2008-03-07	236	twittering on 2008-03-07	https://www.chesnok.com/daily/2008/03/07/twittering-on-2008-03-07/	5233	by/2008--twittering-on-2008-03-07.md	tweet-digest
2008-03-06	235	twittering on 2008-03-06	https://www.chesnok.com/daily/2008/03/06/twittering-on-2008-03-06/	2988	by/2008--twittering-on-2008-03-06.md	tweet-digest
2008-03-05	234	twittering on 2008-03-05	https://www.chesnok.com/daily/2008/03/05/twittering-on-2008-03-05/	2562	by/2008--twittering-on-2008-03-05.md	tweet-digest
2008-03-04	232	twittering on 2008-03-04	https://www.chesnok.com/daily/2008/03/04/twittering-on-2008-03-04/	247	by/2008--twittering-on-2008-03-04.md	tweet-digest
2008-03-03	231	twittering on 2008-03-03	https://www.chesnok.com/daily/2008/03/03/twittering-on-2008-03-03/	1093	by/2008--twittering-on-2008-03-03.md	tweet-digest
2008-03-02	230	twittering on 2008-03-02	https://www.chesnok.com/daily/2008/03/02/twittering-on-2008-03-02/	912	by/2008--twittering-on-2008-03-02.md	tweet-digest
2008-03-01	229	twittering on 2008-03-01	https://www.chesnok.com/daily/2008/03/01/twittering-on-2008-03-01/	150	by/2008--twittering-on-2008-03-01.md	tweet-digest
2008-02-29	228	twittering on 2008-02-29	https://www.chesnok.com/daily/2008/02/29/twittering-on-2008-02-29/	1436	by/2008--twittering-on-2008-02-29.md	tweet-digest
2008-02-28	227	twittering on 2008-02-28	https://www.chesnok.com/daily/2008/02/28/twittering-on-2008-02-28/	2955	by/2008--twittering-on-2008-02-28.md	tweet-digest
2008-02-27	226	twittering on 2008-02-27	https://www.chesnok.com/daily/2008/02/27/twittering-on-2008-02-27/	1942	by/2008--twittering-on-2008-02-27.md	tweet-digest
2008-02-27	225	extreme database makeover: RT meeting recap	https://www.chesnok.com/daily/2008/02/27/extreme-database-makeover-rt-meeting-recap/	4777	by/2008--extreme-database-makeover-rt-meeting-recap.md	post
2008-02-26	224	twittering on 2008-02-26	https://www.chesnok.com/daily/2008/02/26/twittering-on-2008-02-26/	853	by/2008--twittering-on-2008-02-26.md	tweet-digest
2008-02-25	223	twittering on 2008-02-25	https://www.chesnok.com/daily/2008/02/25/twittering-on-2008-02-25/	644	by/2008--twittering-on-2008-02-25.md	tweet-digest
2008-02-24	222	twittering on 2008-02-24	https://www.chesnok.com/daily/2008/02/24/twittering-on-2008-02-24/	420	by/2008--twittering-on-2008-02-24.md	tweet-digest
2008-02-23	221	twittering on 2008-02-23	https://www.chesnok.com/daily/2008/02/23/twittering-on-2008-02-23/	580	by/2008--twittering-on-2008-02-23.md	tweet-digest
2008-02-22	220	twittering on 2008-02-22	https://www.chesnok.com/daily/2008/02/22/twittering-on-2008-02-22/	1891	by/2008--twittering-on-2008-02-22.md	tweet-digest
2008-02-22	219	twittering on 2008-02-22	https://www.chesnok.com/daily/2008/02/22/twittering-on-2008-02-22-2/	1891	by/2008--twittering-on-2008-02-22-2.md	tweet-digest
2008-02-21	218	twittering on 2008-02-21	https://www.chesnok.com/daily/2008/02/21/twittering-on-2008-02-21/	2923	by/2008--twittering-on-2008-02-21.md	tweet-digest
2008-02-20	216	eclipse!	https://www.chesnok.com/daily/2008/02/20/eclipse/	667	by/2008--eclipse.md	post
2008-02-13	214	Twitter for PostgreSQL Conference East 2008	https://www.chesnok.com/daily/2008/02/13/twitter-for-postgresql-conference-east-2008/	340	by/2008--twitter-for-postgresql-conference-east-2008.md	post
2008-02-11	213	LAPUG Launch!	https://www.chesnok.com/daily/2008/02/11/lapug-launch/	1656	by/2008--lapug-launch.md	post
2008-02-11	212	Stormy Peters: Money, developers and creativity	https://www.chesnok.com/daily/2008/02/11/stormy-peters-money-developers-and-creativity/	1722	by/2008--stormy-peters-money-developers-and-creativity.md	post
2008-02-06	211	At SCALE Feb 8-10	https://www.chesnok.com/daily/2008/02/06/at-scale-feb-8-10/	527	by/2008--at-scale-feb-8-10.md	post
2008-02-01	210	Women in Open Source: a focus group in March	https://www.chesnok.com/daily/2008/02/01/focus-group/	2252	by/2008--focus-group.md	post
2008-01-29	207	a meme from Dawn	https://www.chesnok.com/daily/2008/01/29/a-meme-from-dawn/	1685	by/2008--a-meme-from-dawn.md	post
2008-01-28	206	Calagator, Ignite Portland, new PUGS site, geek2geek, SCALE — whew!	https://www.chesnok.com/daily/2008/01/28/calagator-ignite-portland-new-pugs-site-geek2geek-scale-whew/	1174	by/2008--calagator-ignite-portland-new-pugs-site-geek2geek-scale-whew.md	post
2008-01-26	205	PostgreSQL User Group Liaison – that’s me!	https://www.chesnok.com/daily/2008/01/26/postgresql-user-group-liason-thats-me/	964	by/2008--postgresql-user-group-liason-thats-me.md	post
2008-01-06	204	winter break is over!	https://www.chesnok.com/daily/2008/01/06/winter-break-is-over/	1418	by/2008--winter-break-is-over.md	post
2007-12-30	56	hugo nominees announced	https://www.chesnok.com/daily/2007/12/30/hugo-nominees-announced/	2881	by/2007--hugo-nominees-announced.md	post
2007-12-29	57	solder your own wine charms	https://www.chesnok.com/daily/2007/12/29/solder-your-own-wine-charms/	1933	by/2007--solder-your-own-wine-charms.md	post
2007-12-28	73	bike trips in portland	https://www.chesnok.com/daily/2007/12/28/bike-trips-in-portland/	997	by/2007--bike-trips-in-portland.md	post
2007-12-28	72	solar panel AA recharger	https://www.chesnok.com/daily/2007/12/28/solar-panel-aa-recharger/	654	by/2007--solar-panel-aa-recharger.md	post
2007-12-28	71	milk research	https://www.chesnok.com/daily/2007/12/28/milk-research/	807	by/2007--milk-research.md	post
2007-12-27	74	website design and layout article	https://www.chesnok.com/daily/2007/12/27/website-design-and-layout-article/	1709	by/2007--website-design-and-layout-article.md	post
2007-12-26	76	just like Bob's fingerprint thumb drive	https://www.chesnok.com/daily/2007/12/26/just-like-bobs-fingerprint-thumb-drive/	797	by/2007--just-like-bobs-fingerprint-thumb-drive.md	post
2007-12-26	75	netflix saving the world	https://www.chesnok.com/daily/2007/12/26/netflix-saving-the-world/	773	by/2007--netflix-saving-the-world.md	post
2007-12-26	62	light bulb philanthropy	https://www.chesnok.com/daily/2007/12/26/light-bulb-philanthropy/	494	by/2007--light-bulb-philanthropy.md	post
2007-12-26	37	five mistakes not to make in dns	https://www.chesnok.com/daily/2007/12/26/five-mistakes-not-to-make-in-dns/	695	by/2007--five-mistakes-not-to-make-in-dns.md	post
2007-12-26	36	unrigging the game	https://www.chesnok.com/daily/2007/12/26/unrigging-the-game/	5039	by/2007--unrigging-the-game.md	post
2007-12-25	38	wxPython	https://www.chesnok.com/daily/2007/12/25/wxpython/	829	by/2007--wxpython.md	post
2007-12-23	59	a look at carbon footprint	https://www.chesnok.com/daily/2007/12/23/a-look-at-carbon-footprint/	355	by/2007--a-look-at-carbon-footprint.md	post
2007-12-23	39	adobe rose	https://www.chesnok.com/daily/2007/12/23/adobe-rose/	569	by/2007--adobe-rose.md	post
2007-12-22	66	fun folding objects	https://www.chesnok.com/daily/2007/12/22/fun-folding-objects/	251	by/2007--fun-folding-objects.md	post
2007-12-22	65	maps – david rumsey map collection	https://www.chesnok.com/daily/2007/12/22/maps-david-rumsey-map-collection/	481	by/2007--maps-david-rumsey-map-collection.md	post
2007-12-22	64	five favorite podcasts from mark frauenfelder	https://www.chesnok.com/daily/2007/12/22/five-favorite-podcasts-from-mark-frauenfelder/	416	by/2007--five-favorite-podcasts-from-mark-frauenfelder.md	post
2007-12-22	63	alaska and del team on $38bn bungle	https://www.chesnok.com/daily/2007/12/22/alaska-and-del-team-on-38bn-bungle/	902	by/2007--alaska-and-del-team-on-38bn-bungle.md	post
2007-12-21	13	the virtues of walks	https://www.chesnok.com/daily/2007/12/21/the-virtues-of-walks/	594	by/2007--the-virtues-of-walks.md	post
2007-12-20	79	seven steps to remarkable customer service	https://www.chesnok.com/daily/2007/12/20/seven-steps-to-remarkable-customer-service/	531	by/2007--seven-steps-to-remarkable-customer-service.md	post
2007-12-20	78	Whatever it takes: the politics of the man behind â€œ24â€	https://www.chesnok.com/daily/2007/12/20/whatever-it-takes-the-politics-of-the-man-behind-%e2%80%9c24%e2%80%9d/	1042	by/2007--whatever-it-takes-the-politics-of-the-man-behind-e2-80-9c24-.md	post
2007-12-20	41	talk idea	https://www.chesnok.com/daily/2007/12/20/talk-idea/	1089	by/2007--talk-idea.md	post
2007-12-20	40	customer service	https://www.chesnok.com/daily/2007/12/20/customer-service/	2659	by/2007--customer-service.md	post
2007-12-18	60	vader	https://www.chesnok.com/daily/2007/12/18/vader/	94	by/2007--vader.md	post
2007-12-18	42	the whiteboard meme	https://www.chesnok.com/daily/2007/12/18/the-whiteboard-meme/	463	by/2007--the-whiteboard-meme.md	post
2007-12-18	203	legion of tech	https://www.chesnok.com/daily/2007/12/18/legion-of-tech/	1169	by/2007--legion-of-tech.md	post
2007-12-18	12	liberal rant for the day	https://www.chesnok.com/daily/2007/12/18/liberal-rant-for-the-day/	853	by/2007--liberal-rant-for-the-day.md	post
2007-12-17	61	Emissions slowly begin to drop ?	https://www.chesnok.com/daily/2007/12/17/emissions-slowly-begin-to-drop/	730	by/2007--emissions-slowly-begin-to-drop.md	post
2007-12-17	43	guerilla project facilitation	https://www.chesnok.com/daily/2007/12/17/guerilla-project-facilitation/	627	by/2007--guerilla-project-facilitation.md	post
2007-12-16	202	vernonia	https://www.chesnok.com/daily/2007/12/16/vernonia/	2468	by/2007--vernonia.md	post
2007-12-13	11	the new old blog	https://www.chesnok.com/daily/2007/12/13/the-new-old-blog/	297	by/2007--the-new-old-blog.md	post
2007-12-12	201	december coder’s bash – thanks, sam	https://www.chesnok.com/daily/2007/12/12/december-coders-social-thanks-sam/	1044	by/2007--december-coders-social-thanks-sam.md	post
2007-12-09	45	delightful sportswear	https://www.chesnok.com/daily/2007/12/09/delightful-sportswear/	163	by/2007--delightful-sportswear.md	post
2007-12-09	44	no one belongs here more than you	https://www.chesnok.com/daily/2007/12/09/no-one-belongs-here-more-than-you/	1890	by/2007--no-one-belongs-here-more-than-you.md	post
2007-12-09	30	nice nytimes article about a business	https://www.chesnok.com/daily/2007/12/09/nice-nytimes-article-about-a-business/	1265	by/2007--nice-nytimes-article-about-a-business.md	post
2007-12-08	200	scappoose school district to take on vernonia students	https://www.chesnok.com/daily/2007/12/08/scappoose-school-district-to-take-on-vernonia-students/	1511	by/2007--scappoose-school-district-to-take-on-vernonia-students.md	post
2007-12-07	33	philosophy of perl	https://www.chesnok.com/daily/2007/12/07/philosophy-of-perl/	725	by/2007--philosophy-of-perl.md	post
2007-12-07	32	eat local and â€œfoodmilesâ€	https://www.chesnok.com/daily/2007/12/07/eat-local-and-%e2%80%9cfoodmiles%e2%80%9d/	1585	by/2007--eat-local-and-e2-80-9cfoodmiles-e2-80-9d.md	post
2007-12-07	31	IPCC's mitigation report	https://www.chesnok.com/daily/2007/12/07/ipccs-mitigation-report/	2951	by/2007--ipccs-mitigation-report.md	post
2007-12-07	199	Hands On Greater Portland posts disaster response volunteer opportunities	https://www.chesnok.com/daily/2007/12/07/hands-on-greater-portland-posts-disaster-response-volunteer-opportunities/	847	by/2007--hands-on-greater-portland-posts-disaster-response-volunteer-.md	post
2007-12-06	47	xia xiaowan	https://www.chesnok.com/daily/2007/12/06/xia-xiaowan/	639	by/2007--xia-xiaowan.md	post
2007-12-06	46	1-800-GOOG-411	https://www.chesnok.com/daily/2007/12/06/1-800-goog-411/	693	by/2007--1-800-goog-411.md	post
2007-12-05	51	Pack your bagel in a CD spindle	https://www.chesnok.com/daily/2007/12/05/pack-your-bagel-in-a-cd-spindle/	567	by/2007--pack-your-bagel-in-a-cd-spindle.md	post
2007-12-05	49	150 best apartment ideas	https://www.chesnok.com/daily/2007/12/05/150-best-apartment-ideas/	1146	by/2007--150-best-apartment-ideas.md	post
2007-12-05	48	USDA coffee ruling	https://www.chesnok.com/daily/2007/12/05/usda-coffee-ruling/	1278	by/2007--usda-coffee-ruling.md	post
2007-12-05	198	I-5 closure: chehalis & feds fought over funding, priorities	https://www.chesnok.com/daily/2007/12/05/i-5-closure-chehalis-feds-fought-over-funding-priorities/	1447	by/2007--i-5-closure-chehalis-feds-fought-over-funding-priorities.md	post
2007-12-04	54	realestate roller coaster (apropos of the sustainability stuff)	https://www.chesnok.com/daily/2007/12/04/realestate-roller-coaster-apropos-of-the-sustainability-stuff/	420	by/2007--realestate-roller-coaster-apropos-of-the-sustainability-stuf.md	post
2007-12-04	52	pintoids	https://www.chesnok.com/daily/2007/12/04/pintoids/	1328	by/2007--pintoids.md	post
2007-12-04	34	me	https://www.chesnok.com/daily/2007/12/04/me/	395	by/2007--me.md	post
2007-12-04	195	news about flooding in oregon	https://www.chesnok.com/daily/2007/12/04/news-about-flooding-in-oregon/	1745	by/2007--news-about-flooding-in-oregon.md	post
2007-12-03	55	interesting film: Killer of Sheep	https://www.chesnok.com/daily/2007/12/03/interesting-film-killer-of-sheep/	704	by/2007--interesting-film-killer-of-sheep.md	post
2007-12-02	69	near-zero energy home	https://www.chesnok.com/daily/2007/12/02/near-zero-energy-home/	840	by/2007--near-zero-energy-home.md	post
2007-12-02	68	gender diversity at web conferences	https://www.chesnok.com/daily/2007/12/02/gender-diversity-at-web-conferences/	2869	by/2007--gender-diversity-at-web-conferences.md	post
2007-12-02	35	a greener apple	https://www.chesnok.com/daily/2007/12/02/a-greener-apple/	1651	by/2007--a-greener-apple.md	post
2007-11-29	194	postgresql conference east 2008 – announcement	https://www.chesnok.com/daily/2007/11/29/postgresql-conference-east-2008-announcement/	1425	by/2007--postgresql-conference-east-2008-announcement.md	post
2007-11-24	191	gulf coast trip: halloween, new orleans, lazarus project	https://www.chesnok.com/daily/2007/11/24/gulf-coast-trip-halloween-new-orleans-lazarus-project/	2768	by/2007--gulf-coast-trip-halloween-new-orleans-lazarus-project.md	post
2007-11-24	190	women’s sized t-shirts for postgresql	https://www.chesnok.com/daily/2007/11/24/womens-sized-t-shirts-for-postgresql/	988	by/2007--womens-sized-t-shirts-for-postgresql.md	post
2007-11-20	177	gulf coast trip: biloxi, hands on gulf coast, de-molding	https://www.chesnok.com/daily/2007/11/20/gulf-coast-trip-biloxi-hands-on-gulf-coast-de-molding/	4751	by/2007--gulf-coast-trip-biloxi-hands-on-gulf-coast-de-molding.md	post
2007-11-19	176	ptop hackathon, this saturday	https://www.chesnok.com/daily/2007/11/19/ptop-hackathon/	263	by/2007--ptop-hackathon.md	post
2007-11-16	175	ptop – meeting summary from last nights pdxpug	https://www.chesnok.com/daily/2007/11/16/ptop-meeting-summary-from-last-nights-pdxpug/	2606	by/2007--ptop-meeting-summary-from-last-nights-pdxpug.md	post
2007-11-14	174	automatic character set conversion in postgresql	https://www.chesnok.com/daily/2007/11/14/automatic-character-set-conversion-in-postgresql/	1121	by/2007--automatic-character-set-conversion-in-postgresql.md	post
2007-11-06	169	back from the gulf coast	https://www.chesnok.com/daily/2007/11/06/back-from-the-gulf-coast/	1032	by/2007--back-from-the-gulf-coast.md	post
2007-10-26	167	conference audio is up!	https://www.chesnok.com/daily/2007/10/26/conference-audio-is-up/	517	by/2007--conference-audio-is-up.md	post
2007-10-26	166	ignite was fun, some links	https://www.chesnok.com/daily/2007/10/26/ignite-was-fun-some-links/	1503	by/2007--ignite-was-fun-some-links.md	post
2007-10-22	164	conference aftermath: tired, happy	https://www.chesnok.com/daily/2007/10/22/conference-aftermath-tired-happy/	1843	by/2007--conference-aftermath-tired-happy.md	post
2007-10-18	163	new word – twittermentia	https://www.chesnok.com/daily/2007/10/18/new-word-twittermentia/	83	by/2007--new-word-twittermentia.md	post
2007-10-18	162	PostgreSQL Conference Fall 2007 – only two more days	https://www.chesnok.com/daily/2007/10/18/postgresql-conference-fall-2007-only-two-more-days/	1027	by/2007--postgresql-conference-fall-2007-only-two-more-days.md	post
2007-10-13	159	psql and file, CSV exports	https://www.chesnok.com/daily/2007/10/13/psql-and-file-csv-exports/	1338	by/2007--psql-and-file-csv-exports.md	post
2007-10-13	158	Perl Survey results released	https://www.chesnok.com/daily/2007/10/13/perl-survey-results-released/	502	by/2007--perl-survey-results-released.md	post
2007-10-12	157	PostgreSQL Conference Fall 2007 – Friday meetup	https://www.chesnok.com/daily/2007/10/12/postgresql-conference-fall-2007-friday-meetup/	846	by/2007--postgresql-conference-fall-2007-friday-meetup.md	post
2007-10-12	141	an annoying form issue, easily solved with a regex	https://www.chesnok.com/daily/2007/10/12/an-annoying-form-issue-easily-solved-with-a-regex/	1034	by/2007--an-annoying-form-issue-easily-solved-with-a-regex.md	post
2007-10-10	154	PostgreSQL Conference Fall 2007 – Where to eat lunch	https://www.chesnok.com/daily/2007/10/10/postgresql-conference-fall-2007-where-to-eat-lunch/	2194	by/2007--postgresql-conference-fall-2007-where-to-eat-lunch.md	post
2007-10-08	153	open season interview with mark shuttleworth	https://www.chesnok.com/daily/2007/10/08/open-season-interview-with-mark-shuttleworth/	749	by/2007--open-season-interview-with-mark-shuttleworth.md	post
2007-10-05	152	new laptop bag	https://www.chesnok.com/daily/2007/10/05/new-laptop-bag/	248	by/2007--new-laptop-bag.md	post
2007-10-05	151	PostgreSQL Conference Fall 2007 – talk descriptions are up!	https://www.chesnok.com/daily/2007/10/05/postgresql-conference-fall-2007-talk-descriptions-are-up/	2013	by/2007--postgresql-conference-fall-2007-talk-descriptions-are-up.md	post
2007-10-03	150	Coders for software engineers	https://www.chesnok.com/daily/2007/10/03/coders-for-software-engineers/	3428	by/2007--coders-for-software-engineers.md	post
2007-10-01	148	participation in open source, any worse than the rest of the industry?	https://www.chesnok.com/daily/2007/10/01/participation-in-open-source-any-worse-than-the-rest-of-the-industry/	1486	by/2007--participation-in-open-source-any-worse-than-the-rest-of-the-.md	post
2007-09-28	147	my women in tech article is up!	https://www.chesnok.com/daily/2007/09/28/my-women-in-tech-article-is-up/	414	by/2007--my-women-in-tech-article-is-up.md	post
2007-09-27	146	portland, or bicycle traffic more than doubled since 2001	https://www.chesnok.com/daily/2007/09/27/portland-or-bicycle-traffic-more-than-doubled-since-2001/	84	by/2007--portland-or-bicycle-traffic-more-than-doubled-since-2001.md	post
2007-09-26	144	those canvas bags	https://www.chesnok.com/daily/2007/09/26/those-canvas-bags/	356	by/2007--those-canvas-bags.md	post
2007-09-26	143	relational algebra talk – meeting summary	https://www.chesnok.com/daily/2007/09/26/relational-algebra-talk-meeting-summary/	77	by/2007--relational-algebra-talk-meeting-summary.md	post
2007-09-21	142	relational algebra talk last night was awesome	https://www.chesnok.com/daily/2007/09/21/relational-algebra-talk-last-night-was-awesome/	736	by/2007--relational-algebra-talk-last-night-was-awesome.md	post
2007-09-19	139	xppdx – dipping a toe in the water	https://www.chesnok.com/daily/2007/09/19/xppdx-dipping-a-toe-in-the-water/	1654	by/2007--xppdx-dipping-a-toe-in-the-water.md	post
2007-09-18	138	an example for upcoming very brief normalization talk (part 1)	https://www.chesnok.com/daily/2007/09/18/an-example-for-upcoming-very-brief-normalization-talk-part-1/	2256	by/2007--an-example-for-upcoming-very-brief-normalization-talk-part-1.md	post
2007-09-17	137	PostgreSQL conference in Portland on October 20th	https://www.chesnok.com/daily/2007/09/17/postgresql-conference-in-portland-on-october-20th/	1900	by/2007--postgresql-conference-in-portland-on-october-20th.md	post
2007-09-17	136	interview with VMWare CEO Diane Greene	https://www.chesnok.com/daily/2007/09/17/interview-with-vmware-ceo-diane-greene/	446	by/2007--interview-with-vmware-ceo-diane-greene.md	post
2007-09-11	135	being singled out – Tatiana Apandi interviewed by MacVoice	https://www.chesnok.com/daily/2007/09/11/being-singled-out-tatiana-apandi-interviewed-by-macvoice/	4153	by/2007--being-singled-out-tatiana-apandi-interviewed-by-macvoice.md	post
2007-09-09	134	Editorial vs. News	https://www.chesnok.com/daily/2007/09/09/editorial-vs-news/	1526	by/2007--editorial-vs-news.md	post
2007-09-09	133	science tattoos	https://www.chesnok.com/daily/2007/09/09/science-tattoos/	1514	by/2007--science-tattoos.md	post
2007-09-07	132	Comments on “So What?”	https://www.chesnok.com/daily/2007/09/07/comments-on-so-what/	1811	by/2007--comments-on-so-what.md	post
2007-09-06	131	haskell!	https://www.chesnok.com/daily/2007/09/06/haskell/	393	by/2007--haskell.md	post
2007-09-05	130	my comments on “A Fifty Year Wave of Change”	https://www.chesnok.com/daily/2007/09/05/my-comments-on-a-fifty-year-wave-of-change/	803	by/2007--my-comments-on-a-fifty-year-wave-of-change.md	post
2007-09-05	129	A comment on the Social Engineering article	https://www.chesnok.com/daily/2007/09/05/a-comment-on-the-social-engineering-article/	1053	by/2007--a-comment-on-the-social-engineering-article.md	post
2007-09-04	128	Women in Tech series from O’Reilly	https://www.chesnok.com/daily/2007/09/04/women-in-tech-series-from-oreilly/	260	by/2007--women-in-tech-series-from-oreilly.md	post
2007-08-30	127	a women-focused users group: the very, very beginning	https://www.chesnok.com/daily/2007/08/30/a-women-focused-users-group-the-very-very-beginning/	2008	by/2007--a-women-focused-users-group-the-very-very-beginning.md	post
2007-08-25	126	gut-wrenching photography, convergence on war	https://www.chesnok.com/daily/2007/08/25/gut-wrenching-photography-convergence-on-war/	2152	by/2007--gut-wrenching-photography-convergence-on-war.md	post
2007-08-25	125	PeaceMaker and indie educational software	https://www.chesnok.com/daily/2007/08/25/peacemaker-and-indie-educational-software/	1903	by/2007--peacemaker-and-indie-educational-software.md	post
2007-08-19	123	the kecky county fair	https://www.chesnok.com/daily/2007/08/19/the-kecky-county-fair/	680	by/2007--the-kecky-county-fair.md	post
2007-08-17	120	synchronized scanning talk	https://www.chesnok.com/daily/2007/08/17/synchronized-scanning-talk/	3696	by/2007--synchronized-scanning-talk.md	post
2007-08-11	118	non-profits and systems administration	https://www.chesnok.com/daily/2007/08/11/non-profits-and-systems-administration/	2861	by/2007--non-profits-and-systems-administration.md	post
2007-08-09	115	creationists using nature precedings to pre-publish junk science	https://www.chesnok.com/daily/2007/08/09/creationists-using-nature-precedings-to-pre-publish-junk-science/	1868	by/2007--creationists-using-nature-precedings-to-pre-publish-junk-sci.md	post
2007-08-08	114	kaizen and change	https://www.chesnok.com/daily/2007/08/08/kaizen-and-change/	1796	by/2007--kaizen-and-change.md	post
2007-08-05	112	end of an era	https://www.chesnok.com/daily/2007/08/05/end-of-an-era/	347	by/2007--end-of-an-era.md	post
2007-08-02	111	group cohesiveness	https://www.chesnok.com/daily/2007/08/02/group-cohesiveness/	1694	by/2007--group-cohesiveness.md	post
2007-07-27	109	oscon: day 2	https://www.chesnok.com/daily/2007/07/27/oscon-day-2/	2210	by/2007--oscon-day-2.md	post
2007-07-27	108	oscon: day 1 (continued)	https://www.chesnok.com/daily/2007/07/27/oscon-day-1-continued/	351	by/2007--oscon-day-1-continued.md	post
2007-07-27	107	oscon: day 1	https://www.chesnok.com/daily/2007/07/27/oscon-day-1/	2273	by/2007--oscon-day-1.md	post
2007-07-26	103	we need a hero	https://www.chesnok.com/daily/2007/07/26/we-need-a-hero/	407	by/2007--we-need-a-hero.md	post
2007-07-24	102	moving on from experiencing to changing the structure	https://www.chesnok.com/daily/2007/07/24/moving-on-from-experiencing-to-changing-the-structure/	1049	by/2007--moving-on-from-experiencing-to-changing-the-structure.md	post
2007-07-20	101	sharing data	https://www.chesnok.com/daily/2007/07/20/sharing-data/	663	by/2007--sharing-data.md	post
2007-07-16	100	thoughts on seduce a woman today	https://www.chesnok.com/daily/2007/07/16/thoughts-on-seduce-a-woman-today/	1222	by/2007--thoughts-on-seduce-a-woman-today.md	post
2007-07-15	99	women and ubuntulive	https://www.chesnok.com/daily/2007/07/15/women-and-ubuntulive/	869	by/2007--women-and-ubuntulive.md	post
2007-06-21	98	world values survey	https://www.chesnok.com/daily/2007/06/21/world-values-survey/	417	by/2007--world-values-survey.md	post
2007-06-21	96	quietly excellent	https://www.chesnok.com/daily/2007/06/21/quietly-excellent/	1286	by/2007--quietly-excellent.md	post
2007-06-20	95	lean manufacturing books	https://www.chesnok.com/daily/2007/06/20/lean-manufacturing-books/	512	by/2007--lean-manufacturing-books.md	post
2007-06-20	94	a story about the carbon offsets purchased by the Oscars	https://www.chesnok.com/daily/2007/06/20/a-story-about-the-carbon-offsets-purchased-by-the-oscars/	455	by/2007--a-story-about-the-carbon-offsets-purchased-by-the-oscars.md	post
2007-06-20	93	the importance of green building practices	https://www.chesnok.com/daily/2007/06/20/the-importance-of-green-building-practices/	634	by/2007--the-importance-of-green-building-practices.md	post
2007-06-19	92	links for 2007-06-19	https://www.chesnok.com/daily/2007/06/19/links-for-2007-06-19/	2043	by/2007--links-for-2007-06-19.md	post
2007-06-17	91	links for 2007-06-17	https://www.chesnok.com/daily/2007/06/17/links-for-2007-06-17/	332	by/2007--links-for-2007-06-17.md	post
2007-06-17	90	pavement and the search for meaning	https://www.chesnok.com/daily/2007/06/17/pavement-and-the-search-for-meaning/	646	by/2007--pavement-and-the-search-for-meaning.md	post
2007-06-15	89	links for 2007-06-15	https://www.chesnok.com/daily/2007/06/15/links-for-2007-06-15/	775	by/2007--links-for-2007-06-15.md	post
2007-06-14	88	links for 2007-06-14	https://www.chesnok.com/daily/2007/06/14/links-for-2007-06-14/	4618	by/2007--links-for-2007-06-14.md	post
2007-06-08	87	links for 2007-06-08	https://www.chesnok.com/daily/2007/06/08/links-for-2007-06-08/	482	by/2007--links-for-2007-06-08.md	post
2007-06-07	86	links for 2007-06-07	https://www.chesnok.com/daily/2007/06/07/links-for-2007-06-07/	3416	by/2007--links-for-2007-06-07.md	post
2007-06-07	85	natural step breakfast	https://www.chesnok.com/daily/2007/06/07/natural-step-breakfast/	3534	by/2007--natural-step-breakfast.md	post
2007-06-06	84	links for 2007-06-06	https://www.chesnok.com/daily/2007/06/06/links-for-2007-06-06/	9890	by/2007--links-for-2007-06-06.md	post
2007-06-05	83	link dump on interviewing	https://www.chesnok.com/daily/2007/06/05/link-dump-on-interviewing/	1279	by/2007--link-dump-on-interviewing.md	post
2007-06-05	81	extreme croquet	https://www.chesnok.com/daily/2007/06/05/extreme-croquet/	176	by/2007--extreme-croquet.md	post
2007-06-05	14	color	https://www.chesnok.com/daily/2007/06/05/color/	422	by/2007--color.md	post
2007-06-04	17	i’m not naming names…	https://www.chesnok.com/daily/2007/06/04/im-not-naming-names/	1125	by/2007--im-not-naming-names.md	post
2007-06-04	16	the cost of cutting carbon	https://www.chesnok.com/daily/2007/06/04/16/	2657	by/2007--16.md	post
2007-05-22	19	an example of why male nerds will never rule the earth	https://www.chesnok.com/daily/2007/05/22/an-example-of-why-male-nerds-will-never-rule-the-earth/	249	by/2007--an-example-of-why-male-nerds-will-never-rule-the-earth.md	post
2007-05-22	18	cool maps blog	https://www.chesnok.com/daily/2007/05/22/cool-maps-blog/	539	by/2007--cool-maps-blog.md	post
2007-05-21	22	plastic is better than paper, since 1990	https://www.chesnok.com/daily/2007/05/21/plastic-is-better-than-paper-since-1990/	1127	by/2007--plastic-is-better-than-paper-since-1990.md	post
2007-05-21	20	you know, i think this has gone a bit far	https://www.chesnok.com/daily/2007/05/21/you-know-i-think-this-has-gone-a-bit-far/	702	by/2007--you-know-i-think-this-has-gone-a-bit-far.md	post
2007-05-18	23	jane magazine guest blog	https://www.chesnok.com/daily/2007/05/18/jane-magazine-guest-blog/	665	by/2007--jane-magazine-guest-blog.md	post
2007-05-14	25	Confronting prevailing wisdom	https://www.chesnok.com/daily/2007/05/14/confronting-prevailing-wisdom/	1245	by/2007--confronting-prevailing-wisdom.md	post
2007-05-14	24	indoor vegetable furniture	https://www.chesnok.com/daily/2007/05/14/indoor-vegetable-furniture/	796	by/2007--indoor-vegetable-furniture.md	post
2007-05-13	82	class not dismissed	https://www.chesnok.com/daily/2007/05/13/class-not-dismissed/	489	by/2007--class-not-dismissed.md	post
2007-05-10	26	michael pollen on food	https://www.chesnok.com/daily/2007/05/10/michael-pollen-on-food/	695	by/2007--michael-pollen-on-food.md	post
2007-05-09	29	color meter	https://www.chesnok.com/daily/2007/05/09/color-meter/	327	by/2007--color-meter.md	post
2007-05-09	28	om seafood	https://www.chesnok.com/daily/2007/05/09/om-seafood/	590	by/2007--om-seafood.md	post
2007-05-09	27	The Secret of Apple Design: user-experience document	https://www.chesnok.com/daily/2007/05/09/the-secret-of-apple-design-user-experience-document/	1415	by/2007--the-secret-of-apple-design-user-experience-document.md	post
2007-04-05	50	anatomy of a blog discussion	https://www.chesnok.com/daily/2007/04/05/anatomy-of-a-blog-discussion/	261	by/2007--anatomy-of-a-blog-discussion.md	post
2007-04-04	53	more grammar pedantry	https://www.chesnok.com/daily/2007/04/04/more-grammar-pedantry/	343	by/2007--more-grammar-pedantry.md	post
2007-03-23	58	can’t get NAU website to work? try this	https://www.chesnok.com/daily/2007/03/23/cant-get-nau-website-to-work-try-this/	137	by/2007--cant-get-nau-website-to-work-try-this.md	post
2007-03-02	67	ira glass and the art of storytelling	https://www.chesnok.com/daily/2007/03/02/ira-glass-and-the-art-of-storytelling/	291	by/2007--ira-glass-and-the-art-of-storytelling.md	post
2007-02-26	77	who was the big winner last night?	https://www.chesnok.com/daily/2007/02/26/who-was-the-big-winner-last-night/	138	by/2007--who-was-the-big-winner-last-night.md	post
2007-02-09	80	bottled water – energy use	https://www.chesnok.com/daily/2007/02/09/bottled-water-energy-use/	321	by/2007--bottled-water-energy-use.md	post
2006-12-30	6	playing scrabble	https://www.chesnok.com/daily/2006/12/30/playing-scrabble/	811	by/2006--playing-scrabble.md	post
2006-12-27	5	marriage	https://www.chesnok.com/daily/2006/12/27/marriage/	1277	by/2006--marriage.md	post
2006-12-25	3	descended from basques?	https://www.chesnok.com/daily/2006/12/25/decended-from-basques/	1963	by/2006--decended-from-basques.md	post
2006-12-04	8	backtracking	https://www.chesnok.com/daily/2006/12/04/backtracking/	296	by/2006--backtracking.md	post
2006-12-03	9	recipes	https://www.chesnok.com/daily/2006/12/03/recipes/	613	by/2006--recipes.md	post
2006-09-29	7	the missing post from friday	https://www.chesnok.com/daily/2006/09/29/the-missing-post-from-friday/	0	by/2006--the-missing-post-from-friday.md	post
