date	year	title	authors	chars	url	fetched_file
2025-01-19	2025	What the TikTok saga teaches us about platform power in politics	Henry Farrell	7504	https://goodauthority.org/news/tiktok-saga-teaches-us-about-platform-power-in-politics/	by/2025--mc-tiktok-saga-teaches-us-about-platform-power-in-politics.md
2024-11-11	2024	What Democrats miss in debating Harris’ loss	Henry Farrell	7554	https://goodauthority.org/news/popularists-deliverists-partyists-in-us-2024-election/	by/2024--mc-popularists-deliverists-partyists-in-us-2024-election.md
2023-11-27	2023	Paying for the green transition	Henry Farrell; Mark Blyth	7375	https://goodauthority.org/news/how-will-the-world-pay-for-the-green-transition/	
2023-09-27	2023	Why do election losers accept their losses?	Henry Farrell	7987	https://goodauthority.org/news/why-do-election-losers-accept-their-losses/	by/2023--mc-why-do-election-losers-accept-their-losses.md
2022-12-31	2022	It’s been a great nine years for TMC political science analysis	Kim Yi Dionne; John Sides; Henry Farrell	20238	https://goodauthority.org/news/its-been-a-great-nine-years-for-tmc-political-science-analysis/	by/2022--mc-its-been-a-great-nine-years-for-tmc-political-science-analys.md
2022-12-21	2022	America and Europe are targeting Russia’s oil profits	Henry Farrell; Agathe Demarais	7070	https://goodauthority.org/news/america-and-europe-are-targeting-russias-oil-profits/	by/2022--mc-america-and-europe-are-targeting-russias-oil-profits.md
2022-12-05	2022	A transition for TMC (The Monkey Cage): Moving on from The Washington Post	Laura Seay; Nadia E. Brown; Marc Lynch; Kim Yi Dionne; Joshua A. Tucker; John Sides; Jeremy Wallace; Jessica Chen Weiss; Henry Farrell; Elizabeth N. Saunders; Christopher Stout; Bryn Rosenfeld; Sarah Binder; Amanda Hollis-Brusky; Stacie Goddard	2473	https://goodauthority.org/news/a-transition-for-tmc-the-monkey-cage-moving-on-from-the-washington-post/	by/2022--mc-a-transition-for-tmc-the-monkey-cage-moving-on-from-the-wash.md
2022-11-18	2022	Yale Law School pulled out of the U.S. News rankings. Here’s why.	Henry Farrell	5520	https://goodauthority.org/news/yale-law-school-pulled-out-of-the-u-s-news-rankings-heres-why/	by/2022--mc-yale-law-school-pulled-out-of-the-u-s-news-rankings-heres-wh.md
2022-11-15	2022	Explosion in Poland may put NATO in a tricky situation	Henry Farrell	3713	https://goodauthority.org/news/explosion-in-poland-may-put-nato-in-a-tricky-situation/	by/2022--mc-explosion-in-poland-may-put-nato-in-a-tricky-situation.md
2022-11-12	2022	Musk is wrecking speech moderation on Twitter. There’s an alternative.	Henry Farrell	7842	https://goodauthority.org/news/musk-is-wrecking-speech-moderation-on-twitter-theres-an-alternative/	by/2022--mc-musk-is-wrecking-speech-moderation-on-twitter-theres-an-alte.md
2022-11-10	2022	Will Republicans weaponize intelligence if they take the House?	Henry Farrell	5594	https://goodauthority.org/news/will-republicans-weaponize-intelligence-if-they-take-the-house/	by/2022--mc-will-republicans-weaponize-intelligence-if-they-take-the-hou.md
2022-10-10	2022	If OPEC is a cartel, it’s not a very good one	Henry Farrell	5433	https://goodauthority.org/news/if-opec-is-a-cartel-its-not-a-very-good-one/	by/2022--mc-if-opec-is-a-cartel-its-not-a-very-good-one.md
2022-10-08	2022	How does the U.S. block China from getting microchips made abroad?	Henry Farrell	5919	https://goodauthority.org/news/how-does-the-u-s-block-china-from-getting-microchips-made-abroad/	by/2022--mc-how-does-the-u-s-block-china-from-getting-microchips-made-ab.md
2022-07-07	2022	Boris Johnson says the ‘herd’ pushed him out. What does he mean?	Henry Farrell	6327	https://goodauthority.org/news/boris-johnson-says-the-herd-pushed-him-out-what-does-he-mean/	by/2022--mc-boris-johnson-says-the-herd-pushed-him-out-what-does-he-mean.md
2022-06-14	2022	Boris Johnson ripped up part of his Brexit deal with Europe	Henry Farrell	6676	https://goodauthority.org/news/boris-johnson-ripped-up-part-of-his-brexit-deal-with-europe/	by/2022--mc-boris-johnson-ripped-up-part-of-his-brexit-deal-with-europe.md
2021-12-01	2021	Putin’s fight with Ukraine reflects his deep distrust of the West. There’s a long history behind that.	Henry Farrell	6400	https://goodauthority.org/news/putins-fight-with-ukraine-reflects-his-deep-distrust-of-the-west-theres-a-long-history-behind-that/	by/2021--mc-putins-fight-with-ukraine-reflects-his-deep-distrust-of-the.md
2021-09-02	2021	The dollar provides the U.S. with enormous power. Will new payment technologies change that?	Henry Farrell	5977	https://goodauthority.org/news/the-dollar-provides-the-u-s-with-enormous-power-will-new-payment-technologies-change-that/	by/2021--mc-the-dollar-provides-the-u-s-with-enormous-power-will-new-pay.md
2021-08-09	2021	This book explains when social movements work	Henry Farrell; Hahrie Han; Elizabeth McKenna; Michelle Oyakawa	7084	https://goodauthority.org/news/media-depicts-activists-as-one-issue-ideologues-the-good-ones-are-anything-but/	by/2021--mc-media-depicts-activists-as-one-issue-ideologues-the-good-one.md
2021-05-05	2021	Facebook’s Oversight Board upheld the ban on Trump, but it didn’t like how Facebook banned him	Henry Farrell	7113	https://goodauthority.org/news/facebooks-oversight-board-upheld-the-ban-on-trump-but-it-didnt-like-how-facebook-banned-him/	by/2021--mc-facebooks-oversight-board-upheld-the-ban-on-trump-but-it-did.md
2021-02-08	2021	Biden is freezing Trump’s withdrawal of troops from Germany. There’s a long history behind America’s military bases abroad.	Henry Farrell	6334	https://goodauthority.org/news/biden-is-freezing-trumps-withdrawal-of-troops-from-germany-theres-a-long-history-behind-americas-military-bases-abroad/	by/2021--mc-biden-is-freezing-trumps-withdrawal-of-troops-from-germany-t.md
2021-02-08	2021	The 2020 election has had important aftereffects	Henry Farrell	4656	https://goodauthority.org/news/the-2020-election-has-had-important-aftereffects/	by/2021--mc-the-2020-election-has-had-important-aftereffects.md
2020-11-10	2020	Republican elites are playing with fire. Here’s what nuclear strategists would tell them.	Henry Farrell; Elizabeth N. Saunders	7730	https://goodauthority.org/news/republican-elites-are-playing-with-fire-heres-what-nuclear-strategists-would-tell-them/	by/2020--mc-republican-elites-are-playing-with-fire-heres-what-nuclear-s.md
2020-11-07	2020	Want to know why the networks finally called it for Biden? Here’s the likely reason.	Henry Farrell	5951	https://goodauthority.org/news/want-to-know-why-the-networks-finally-called-it-for-biden-heres-the-likely-reason/	by/2020--mc-want-to-know-why-the-networks-finally-called-it-for-biden-he.md
2020-11-07	2020	There’s a long history behind Stacey Abrams	Henry Farrell	7188	https://goodauthority.org/news/theres-a-long-history-behind-stacey-abrams/	by/2020--mc-theres-a-long-history-behind-stacey-abrams.md
2020-11-06	2020	Trump’s baseless claims damage American democracy	Henry Farrell	5033	https://goodauthority.org/news/trumps-baseless-claims-damage-american-democracy/	by/2020--mc-trumps-baseless-claims-damage-american-democracy.md
2020-10-21	2020	AOC just played ‘Among Us’ on Twitch. Over 400,000 people came to watch.	Jack Farrell; Henry Farrell	5433	https://goodauthority.org/news/aoc-just-played-among-us-on-twitch-over-400000-people-came-to-watch/	by/2020--mc-aoc-just-played-among-us-on-twitch-over-400000-people-came-t.md
2020-10-15	2020	How the Christian right helped get Amy Coney Barrett nominated to the Supreme Court	Henry Farrell	6897	https://goodauthority.org/news/how-the-christian-right-helped-get-amy-coney-barrett-nominated-to-the-supreme-court/	by/2020--mc-how-the-christian-right-helped-get-amy-coney-barrett-nominat.md
2020-09-26	2020	Trump’s refusal to respect the vote shatters ‘all the historically ingrained expectations’ about American democracy	Henry Farrell	5219	https://goodauthority.org/news/trumps-refusal-to-respect-the-vote-shatters-all-the-historically-ingrained-expectations-about-american-democracy/	by/2020--mc-trumps-refusal-to-respect-the-vote-shatters-all-the-historic.md
2020-09-07	2020	Britain has just admitted that it’s breaking its word on Brexit	Henry Farrell	6500	https://goodauthority.org/news/britain-has-just-admitted-that-its-breaking-its-word-on-brexit/	by/2020--mc-britain-has-just-admitted-that-its-breaking-its-word-on-brex.md
2020-09-01	2020	Trump’s top intelligence official is curtailing congressional briefings on foreign election interference	Henry Farrell	6892	https://goodauthority.org/news/trumps-top-intelligence-official-is-curtailing-congressional-briefings-on-foreign-election-interference/	by/2020--mc-trumps-top-intelligence-official-is-curtailing-congressional.md
2020-08-27	2020	The U.S. has become the world’s banking policeman. How did it happen?	Henry Farrell	7244	https://goodauthority.org/news/the-u-s-has-become-the-worlds-banking-policeman-how-did-it-happen/	by/2020--mc-the-u-s-has-become-the-worlds-banking-policeman-how-did-it-h.md
2020-08-26	2020	Europe’s top trade official has been forced to resign	Henry Farrell	5580	https://goodauthority.org/news/europes-top-trade-official-has-been-forced-to-resign/	by/2020--mc-europes-top-trade-official-has-been-forced-to-resign.md
2020-08-21	2020	Uber wants to limit its drivers’ rights in California. User loyalty is its secret political weapon.	Henry Farrell	7001	https://goodauthority.org/news/uber-wants-to-limit-its-drivers-rights-in-california-user-loyalty-is-its-secret-political-weapon/	by/2020--mc-uber-wants-to-limit-its-drivers-rights-in-california-user-lo.md
2020-08-13	2020	History tells us there are four key threats to U.S. democracy	Henry Farrell	6487	https://goodauthority.org/news/history-tells-us-there-are-four-key-threats-to-u-s-democracy/	by/2020--mc-history-tells-us-there-are-four-key-threats-to-u-s-democracy.md
2020-08-07	2020	There’s a reason the NRA is a key ‘surrogate’ for the Republican Party	Henry Farrell	6703	https://goodauthority.org/news/theres-a-reason-the-nra-is-a-key-surrogate-for-the-republican-party/	by/2020--mc-theres-a-reason-the-nra-is-a-key-surrogate-for-the-republica.md
2020-06-23	2020	European  Union isn’t likely to blacklist U.S. travelers	Henry Farrell	5722	https://goodauthority.org/news/european-union-isnt-likely-to-blacklist-u-s-travelers/	by/2020--mc-european-union-isnt-likely-to-blacklist-u-s-travelers.md
2020-06-06	2020	#NeverTrump conservatives want to shape the Republicans — and the Democrats, too	Henry Farrell	5792	https://goodauthority.org/news/nevertrump-conservatives-want-to-shape-the-republicans-and-the-democrats-too/	by/2020--mc-nevertrump-conservatives-want-to-shape-the-republicans-and-t.md
2020-05-26	2020	Twitter started fact-checking Trump. Then Trump threatened to close it down.	Henry Farrell	8228	https://goodauthority.org/news/twitter-started-fact-checking-trump-then-trump-threatened-to-close-it-down/	by/2020--mc-twitter-started-fact-checking-trump-then-trump-threatened-to.md
2020-05-25	2020	Boris Johnson doesn’t dare sack his chief adviser	Henry Farrell	6894	https://goodauthority.org/news/boris-johnson-doesnt-dare-sack-his-chief-adviser/	by/2020--mc-boris-johnson-doesnt-dare-sack-his-chief-adviser.md
2020-04-23	2020	So do morals matter in U.S. foreign policy? I asked the expert.	Henry Farrell	5725	https://goodauthority.org/news/so-do-morals-matter-in-u-s-foreign-policy-i-asked-the-expert/	by/2020--mc-so-do-morals-matter-in-u-s-foreign-policy-i-asked-the-expert.md
2020-04-15	2020	International politics is making it harder to make a coronavirus vaccine	Henry Farrell	8859	https://goodauthority.org/news/international-politics-is-making-it-harder-to-make-a-coronavirus-vaccine/	by/2020--mc-international-politics-is-making-it-harder-to-make-a-coronav.md
2020-03-12	2020	Ireland and Britain aren’t part of Trump’s coronavirus travel ban. This is why.	Henry Farrell	6865	https://goodauthority.org/news/ireland-and-britain-arent-part-of-trumps-coronavirus-travel-ban-this-is-why/	by/2020--mc-ireland-and-britain-arent-part-of-trumps-coronavirus-travel.md
2020-02-23	2020	If you’re worried that Russian bots are brainwashing the world, take a deep breath	Henry Farrell	7177	https://goodauthority.org/news/if-youre-worried-that-russian-bots-are-brainwashing-the-world-take-a-deep-breath/	by/2020--mc-if-youre-worried-that-russian-bots-are-brainwashing-the-worl.md
2020-02-11	2020	Sinn Fein won bigger than anyone in Ireland expected. That’s not altogether good for Sinn Fein.	Henry Farrell	6466	https://goodauthority.org/news/sinn-fein-won-bigger-than-anyone-in-ireland-expected-thats-not-altogether-good-for-sinn-fein/	by/2020--mc-sinn-fein-won-bigger-than-anyone-in-ireland-expected-thats-n.md
2020-02-03	2020	Ireland may be about to see a historic election upset	Henry Farrell	5914	https://goodauthority.org/news/ireland-may-be-about-to-see-a-historic-election-upset/	by/2020--mc-ireland-may-be-about-to-see-a-historic-election-upset.md
2020-01-28	2020	Bolton alleges that Trump helped out China’s leader on ZTE. What’s ZTE?	Henry Farrell	7334	https://goodauthority.org/news/bolton-alleges-that-trump-helped-out-chinas-leader-on-zte-whats-zte/	by/2020--mc-bolton-alleges-that-trump-helped-out-chinas-leader-on-zte-wh.md
2020-01-25	2020	Here are the facts behind Mike Pompeo’s fight with NPR	Henry Farrell	5882	https://goodauthority.org/news/here-are-the-facts-behind-mike-pompeos-fight-with-npr/	by/2020--mc-here-are-the-facts-behind-mike-pompeos-fight-with-npr.md
2019-12-19	2019	America weaponized the global financial system. Now other countries are fighting back.	Henry Farrell; Abraham Newman	8070	https://goodauthority.org/news/america-weaponized-the-global-financial-system-now-other-countries-are-fighting-back/	by/2019--mc-america-weaponized-the-global-financial-system-now-other-cou.md
2019-12-13	2019	After Britain’s elections, people are talking about a united Ireland. Don’t hold your breath.	Henry Farrell	6899	https://goodauthority.org/news/after-britains-elections-people-are-talking-about-a-united-ireland-dont-hold-your-breath/	by/2019--mc-after-britains-elections-people-are-talking-about-a-united-i.md
2019-11-27	2019	U.S. ambassadorships are destination tourism for the mega-rich	Henry Farrell	4543	https://goodauthority.org/news/u-s-ambassadorships-are-destination-tourism-for-the-mega-rich/	by/2019--mc-u-s-ambassadorships-are-destination-tourism-for-the-mega-ric.md
2019-10-17	2019	Britain and Europe have reached a deal on Brexit. Here’s who won and lost.	Henry Farrell	6429	https://goodauthority.org/news/britain-and-europe-have-reached-a-deal-on-brexit-heres-who-won-and-lost/	by/2019--mc-britain-and-europe-have-reached-a-deal-on-brexit-heres-who-w.md
2019-10-16	2019	Trump doesn’t want to be ‘responsible for destroying the Turkish economy.’ Good grief.	Henry Farrell; Abraham Newman	7422	https://goodauthority.org/news/trump-doesnt-want-to-be-responsible-for-destroying-the-turkish-economy-good-grief/	by/2019--mc-trump-doesnt-want-to-be-responsible-for-destroying-the-turki.md
2019-08-29	2019	Conservatives remade American state politics. Here’s how they did it.	Henry Farrell	8416	https://goodauthority.org/news/conservatives-remade-american-state-politics-heres-how-they-did-it/	by/2019--mc-conservatives-remade-american-state-politics-heres-how-they.md
2019-08-24	2019	We’re moving toward a world of fortress economies	Henry Farrell; Abraham Newman	4906	https://goodauthority.org/news/were-moving-toward-a-world-of-fortress-economies/	by/2019--mc-were-moving-toward-a-world-of-fortress-economies.md
2019-08-01	2019	Japan and South Korea are being pulled into a low level economic war	Henry Farrell; Abraham Newman	7653	https://goodauthority.org/news/japan-and-south-korea-are-being-pulled-into-a-low-level-economic-war/	by/2019--mc-japan-and-south-korea-are-being-pulled-into-a-low-level-econ.md
2019-07-16	2019	Silicon Valley paints itself as a hotbed of free enterprise. Here’s how the government helped build it.	Henry Farrell	9356	https://goodauthority.org/news/silicon-valley-paints-itself-as-a-hotbed-of-free-enterprise-heres-how-the-government-helped-build-it/	by/2019--mc-silicon-valley-paints-itself-as-a-hotbed-of-free-enterprise.md
2019-06-21	2019	Trump’s Iran strategy is a Twitter thread. It’s hard to know where to start.	Henry Farrell	7953	https://goodauthority.org/news/trumps-iran-strategy-is-a-twitter-thread-its-hard-to-know-where-to-start/	by/2019--mc-trumps-iran-strategy-is-a-twitter-thread-its-hard-to-know-wh.md
2019-06-07	2019	Europe’s democracies are in trouble. To understand why, look to the past.	Henry Farrell	7294	https://goodauthority.org/news/europes-democracies-are-in-trouble-to-understand-why-look-to-the-past/	by/2019--mc-europes-democracies-are-in-trouble-to-understand-why-look-to.md
2019-06-06	2019	A conservative YouTube star just lost his income stream for homophobic slurs	Henry Farrell	9723	https://goodauthority.org/news/a-conservative-youtube-star-just-lost-his-income-stream-for-homophobic-slurs/	by/2019--mc-a-conservative-youtube-star-just-lost-his-income-stream-for.md
2019-06-06	2019	Trump thinks that Ireland wants a border wall. Good grief.	Henry Farrell	4784	https://goodauthority.org/news/trump-thinks-that-ireland-wants-a-border-wall-good-grief/	by/2019--mc-trump-thinks-that-ireland-wants-a-border-wall-good-grief.md
2019-06-04	2019	Elizabeth Warren has a plan for the nation’s approach to trade	Henry Farrell	8400	https://goodauthority.org/news/elizabeth-warren-has-a-plan-for-the-nations-approach-to-trade/	by/2019--mc-elizabeth-warren-has-a-plan-for-the-nations-approach-to-trad.md
2019-05-10	2019	Jeff Bezos’s new plans for space have stirred up old fights in science fiction	Henry Farrell	7068	https://goodauthority.org/news/jeff-bezoss-new-plans-for-space-have-stirred-up-old-fights-in-science-fiction/	by/2019--mc-jeff-bezoss-new-plans-for-space-have-stirred-up-old-fights-i.md
2019-05-01	2019	Britain’s defense secretary was just fired over Huawei. Here’s what’s going on.	Henry Farrell; Abraham Newman	5267	https://goodauthority.org/news/britains-defense-secretary-was-just-fired-over-huawei-heres-whats-going-on/	by/2019--mc-britains-defense-secretary-was-just-fired-over-huawei-heres.md
2019-04-16	2019	The attorney general’s FBI conspiracy theory is all conspiracy and no theory	Henry Farrell	6169	https://goodauthority.org/news/the-attorney-generals-fbi-conspiracy-theory-is-all-conspiracy-and-no-theory/	by/2019--mc-the-attorney-generals-fbi-conspiracy-theory-is-all-conspirac.md
2019-04-15	2019	AOC and Elizabeth Warren want higher taxes on the rich. Selling that is tricky.	Henry Farrell	6996	https://goodauthority.org/news/aoc-and-elizabeth-warren-want-higher-taxes-on-the-rich-selling-that-is-tricky/	by/2019--mc-aoc-and-elizabeth-warren-want-higher-taxes-on-the-rich-selli.md
2019-03-26	2019	Trump confused everyone by canceling North Korea sanctions. The explanation may have been a coverup.	Henry Farrell	7038	https://goodauthority.org/news/trump-confused-everyone-by-canceling-north-korea-sanctions-the-explanation-may-have-been-a-coverup/	by/2019--mc-trump-confused-everyone-by-canceling-north-korea-sanctions-t.md
2019-03-20	2019	Europe just hit Google with a 10-figure fine. Again.	Henry Farrell	5241	https://goodauthority.org/news/europe-just-hit-google-with-a-10-figure-fine-again/	by/2019--mc-europe-just-hit-google-with-a-10-figure-fine-again.md
2019-03-15	2019	The Christchurch shooting suspect comes from an extreme online culture	Henry Farrell	6736	https://goodauthority.org/news/the-christchurch-shooting-suspect-comes-from-an-extreme-online-culture/	by/2019--mc-the-christchurch-shooting-suspect-comes-from-an-extreme-onli.md
2019-03-06	2019	Zuckerberg’s announcement changes everything for Facebook	Henry Farrell	5590	https://goodauthority.org/news/zuckerbergs-announcement-changes-everything-for-facebook/	by/2019--mc-zuckerbergs-announcement-changes-everything-for-facebook.md
2019-02-27	2019	Here’s how Trump talks like a mob boss	Henry Farrell	5714	https://goodauthority.org/news/heres-how-trump-talks-like-a-mob-boss/	by/2019--mc-heres-how-trump-talks-like-a-mob-boss.md
2019-02-24	2019	Trump may be about to call Europe’s bluff on Iran. Europe isn’t bluffing.	Henry Farrell	6994	https://goodauthority.org/news/trump-may-be-about-to-call-europes-bluff-on-iran-europe-isnt-bluffing/	by/2019--mc-trump-may-be-about-to-call-europes-bluff-on-iran-europe-isnt.md
2019-01-31	2019	Iran unilateralism may undermine America’s financial hegemony	Henry Farrell; Abraham Newman	8037	https://goodauthority.org/news/iran-unilateralism-may-undermine-americas-financial-hegemony/	by/2019--mc-iran-unilateralism-may-undermine-americas-financial-hegemony.md
2019-01-30	2019	People used to joke about ‘Democrats in disarray.’ They’re not joking now.	Henry Farrell	7303	https://goodauthority.org/news/people-used-to-joke-about-democrats-in-disarray-theyre-not-joking-now/	by/2019--mc-people-used-to-joke-about-democrats-in-disarray-theyre-not-j.md
2019-01-16	2019	The problem with Brexit is that there’s no obvious next step	Henry Farrell	5769	https://goodauthority.org/news/the-problem-with-brexit-is-that-theres-no-obvious-next-step/	by/2019--mc-the-problem-with-brexit-is-that-theres-no-obvious-next-step.md
2018-12-12	2018	Britain has plunged into Brexit chaos. Here are the key facts.	Henry Farrell	6049	https://goodauthority.org/news/britain-has-plunged-into-brexit-chaos-here-are-the-key-facts/	by/2018--mc-britain-has-plunged-into-brexit-chaos-here-are-the-key-facts.md
2018-12-12	2018	The U.S. often takes hostages in trade fights. They usually aren’t live human beings	Henry Farrell	7232	https://goodauthority.org/news/the-u-s-often-takes-hostages-in-trade-fights-they-usually-arent-live-human-beings/	by/2018--mc-the-u-s-often-takes-hostages-in-trade-fights-they-usually-ar.md
2018-12-07	2018	The Huawei arrest made the stock market tank. Trump may not even have known about it.	Henry Farrell; Abraham Newman	7734	https://goodauthority.org/news/the-huawei-arrest-made-the-stock-market-tank-trump-may-not-even-have-known-about-it/	by/2018--mc-the-huawei-arrest-made-the-stock-market-tank-trump-may-not-e.md
2018-12-05	2018	Rudy Giuliani is Trump’s cybersecurity adviser. He might want a refresher.	Henry Farrell	6184	https://goodauthority.org/news/rudy-giuliani-is-trumps-cybersecurity-adviser-he-might-want-a-refresher/	by/2018--mc-rudy-giuliani-is-trumps-cybersecurity-adviser-he-might-want.md
2018-11-28	2018	Citizens feel disconnected from government. If they knew what government did for them, they wouldn’t.	Henry Farrell	5899	https://goodauthority.org/news/citizens-feel-disconnected-from-government-if-they-knew-what-government-did-for-them-they-wouldnt/	by/2018--mc-citizens-feel-disconnected-from-government-if-they-knew-what.md
2018-11-06	2018	Blame Fox, not Facebook, for fake news	Henry Farrell	7420	https://goodauthority.org/news/blame-fox-not-facebook-for-fake-news/	by/2018--mc-blame-fox-not-facebook-for-fake-news.md
2018-10-24	2018	Academic ideas are supposed to thrive on their merits. If only.	Henry Farrell	7845	https://goodauthority.org/news/academic-ideas-are-supposed-to-thrive-on-their-merits-if-only/	by/2018--mc-academic-ideas-are-supposed-to-thrive-on-their-merits-if-onl.md
2018-10-04	2018	China is reportedly hacking computer motherboards. The economic fallout could be huge.	Henry Farrell; Abraham Newman	8632	https://goodauthority.org/news/china-is-reportedly-hacking-computer-motherboards-the-economic-fallout-could-be-huge/	by/2018--mc-china-is-reportedly-hacking-computer-motherboards-the-econom.md
2018-10-01	2018	China is weaponizing online distraction	Henry Farrell	5240	https://goodauthority.org/news/china-is-weaponizing-online-distraction/	by/2018--mc-china-is-weaponizing-online-distraction.md
2018-09-04	2018	There’s an old conservative idea behind Donald Trump’s threat to regulate Google	Henry Farrell	8704	https://goodauthority.org/news/theres-an-old-conservative-idea-behind-donald-trumps-threat-to-regulate-google/	by/2018--mc-theres-an-old-conservative-idea-behind-donald-trumps-threat.md
2018-09-04	2018	Hackers used a fish tank to break into a Vegas casino. We’re all in trouble.	Henry Farrell	5124	https://goodauthority.org/news/hackers-used-a-fish-tank-to-break-into-a-vegas-casino-were-all-in-trouble/	by/2018--mc-hackers-used-a-fish-tank-to-break-into-a-vegas-casino-were-a.md
2018-08-06	2018	Alex Jones was just banned from YouTube, Facebook and iTunes. Here’s how he managed to survive until now	Henry Farrell	11722	https://goodauthority.org/news/alex-jones-was-just-banned-from-youtube-facebook-and-itunes-heres-how-he-managed-to-survive-until-now/	by/2018--mc-alex-jones-was-just-banned-from-youtube-facebook-and-itunes.md
2018-08-06	2018	It’s no accident that Facebook is so addictive	Henry Farrell	7636	https://goodauthority.org/news/its-no-accident-that-facebook-is-so-addictive/	by/2018--mc-its-no-accident-that-facebook-is-so-addictive.md
2018-08-02	2018	Online labor markets may look competitive. They aren’t.	Henry Farrell	7665	https://goodauthority.org/news/online-labor-markets-may-look-competitive-they-arent/	by/2018--mc-online-labor-markets-may-look-competitive-they-arent.md
2018-07-19	2018	Theresa May’s Brexit speech may break the Northern Ireland peace process	Henry Farrell	6892	https://goodauthority.org/news/theresa-mays-brexit-speech-may-break-the-northern-ireland-peace-process/	by/2018--mc-theresa-mays-brexit-speech-may-break-the-northern-ireland-pe.md
2018-07-18	2018	Europe has just hit Google with a record $5 billion fine. Expect fireworks.	Henry Farrell	7276	https://goodauthority.org/news/europe-has-just-hit-google-with-a-record-5-billion-fine-expect-fireworks/	by/2018--mc-europe-has-just-hit-google-with-a-record-5-billion-fine-expe.md
2018-05-30	2018	The FBI blunder on phone encryption, explained	Henry Farrell	8784	https://goodauthority.org/news/the-fbi-blunder-on-phone-encryption-explained/	by/2018--mc-the-fbi-blunder-on-phone-encryption-explained.md
2018-05-25	2018	The exit polls say Ireland has voted to legalize abortion with a smashing majority	Henry Farrell	4363	https://goodauthority.org/news/the-exit-polls-say-ireland-has-voted-to-legalize-abortion-with-a-smashing-majority/	by/2018--mc-the-exit-polls-say-ireland-has-voted-to-legalize-abortion-wi.md
2018-05-25	2018	Here’s how Europe’s data privacy law could take down Facebook	Henry Farrell; Abraham Newman	6848	https://goodauthority.org/news/heres-how-europes-data-privacy-law-could-take-down-facebook/	by/2018--mc-heres-how-europes-data-privacy-law-could-take-down-facebook.md
2018-05-23	2018	The Constitution requires a census and State of the Union. Steve Ballmer wants to bring them up to date.	Henry Farrell	11326	https://goodauthority.org/news/the-constitution-requires-a-census-and-state-of-the-union-steve-ballmer-wants-to-bring-them-up-to-date/	by/2018--mc-the-constitution-requires-a-census-and-state-of-the-union-st.md
2018-05-14	2018	Trump’s U-turn on Chinese mega-firm ZTE damages U.S. power and credibility	Henry Farrell; Abraham Newman	10297	https://goodauthority.org/news/trumps-u-turn-on-chinese-mega-firm-zte-damages-u-s-power-and-credibility/	by/2018--mc-trumps-u-turn-on-chinese-mega-firm-zte-damages-u-s-power-and.md
2018-04-24	2018	Trump doesn’t like China’s economic nationalism. So why is his administration stirring it up?	Henry Farrell; Can Huang; Abraham Newman	7369	https://goodauthority.org/news/trump-doesnt-like-chinas-economic-nationalism-so-why-is-his-administration-stirring-it-up/	by/2018--mc-trump-doesnt-like-chinas-economic-nationalism-so-why-is-his.md
2018-04-12	2018	Forget Congress. Facebook’s real problem is in Europe.	Henry Farrell; Abraham Newman	7306	https://goodauthority.org/news/forget-congress-facebooks-real-problem-is-in-europe/	by/2018--mc-forget-congress-facebooks-real-problem-is-in-europe.md
2018-03-24	2018	Gun control laws could work, even if they’re hard to enforce	Henry Farrell	4993	https://goodauthority.org/news/gun-control-laws-could-work-even-if-theyre-hard-to-enforce/	by/2018--mc-gun-control-laws-could-work-even-if-theyre-hard-to-enforce.md
2018-03-15	2018	Most lawyers don’t understand cryptography. So why do they dominate tech policy debates?	Henry Farrell	7337	https://goodauthority.org/news/most-lawyers-dont-understand-cryptography-so-why-do-they-dominate-tech-policy-debates/	by/2018--mc-most-lawyers-dont-understand-cryptography-so-why-do-they-dom.md
2018-03-02	2018	Donald Trump says trade wars are ‘good, and easy to win.’ He’s flat-out wrong.	Henry Farrell	6154	https://goodauthority.org/news/donald-trump-says-trade-wars-are-good-and-easy-to-win-hes-flat-out-wrong/	by/2018--mc-donald-trump-says-trade-wars-are-good-and-easy-to-win-hes-fl.md
2018-02-22	2018	This simple technological fix helped veterans get health benefits	Henry Farrell	9023	https://goodauthority.org/news/this-simple-technological-fix-helped-veterans-get-health-benefits/	by/2018--mc-this-simple-technological-fix-helped-veterans-get-health-ben.md
2018-02-21	2018	Amazon’s next big TV series is based on Iain Banks’s Culture novels. What are the Culture novels?	Henry Farrell	7499	https://goodauthority.org/news/amazons-next-big-tv-series-is-based-on-iain-bankss-culture-novels-what-are-the-culture-novels/	by/2018--mc-amazons-next-big-tv-series-is-based-on-iain-bankss-culture-n.md
2018-02-16	2018	The surprise Mueller indictment tells us how we’ve been wrong about Russian trolls	Henry Farrell	7362	https://goodauthority.org/news/the-surprise-mueller-indictment-tells-us-how-weve-been-wrong-about-russian-trolls/	by/2018--mc-the-surprise-mueller-indictment-tells-us-how-weve-been-wrong.md
2018-02-01	2018	Trump is a typical conservative. That says a lot about the conservative tradition.	Henry Farrell	7478	https://goodauthority.org/news/trump-is-a-typical-conservative-that-says-a-lot-about-the-conservative-tradition/	by/2018--mc-trump-is-a-typical-conservative-that-says-a-lot-about-the-co.md
2017-12-22	2017	Here’s how Google is helping, not hurting, democracy	Henry Farrell	8051	https://goodauthority.org/news/heres-how-google-is-helping-not-hurting-democracy/	by/2017--mc-heres-how-google-is-helping-not-hurting-democracy.md
2017-12-05	2017	These are the conservative legal groups behind the Masterpiece Cakeshop case	Henry Farrell	9880	https://goodauthority.org/news/these-are-the-conservative-legal-groups-behind-the-masterpiece-cakeshop-case/	by/2017--mc-these-are-the-conservative-legal-groups-behind-the-masterpie.md
2017-12-04	2017	The Irish border has crashed Brexit negotiations. Here’s what you need to know.	Henry Farrell	7249	https://goodauthority.org/news/the-irish-border-has-crashed-brexit-negotiations-heres-what-you-need-to-know/	by/2017--mc-the-irish-border-has-crashed-brexit-negotiations-heres-what.md
2017-10-20	2017	This is how social media data can help NGOs	Henry Farrell	11348	https://goodauthority.org/news/this-is-how-social-media-data-can-help-ngos/	by/2017--mc-this-is-how-social-media-data-can-help-ngos.md
2017-10-20	2017	Congress doesn’t know enough to stop people enriching themselves at the public expense. Here’s how to fix this.	Henry Farrell	8190	https://goodauthority.org/news/congress-doesnt-know-enough-to-stop-people-enriching-themselves-at-the-public-expense-heres-how-to-fix-this/	by/2017--mc-congress-doesnt-know-enough-to-stop-people-enriching-themsel.md
2017-10-03	2017	We know that evidence-based medicine works. So why don’t politicians support it?	Henry Farrell	8533	https://goodauthority.org/news/we-know-that-evidence-based-medicine-works-so-why-dont-politicians-support-it/	by/2017--mc-we-know-that-evidence-based-medicine-works-so-why-dont-polit.md
2017-09-28	2017	Diversity isn’t just about justice. It’s about helping us make better collective decisions.	Henry Farrell	10775	https://goodauthority.org/news/diversity-isnt-just-about-justice-its-about-helping-us-make-better-collective-decisions/	by/2017--mc-diversity-isnt-just-about-justice-its-about-helping-us-make.md
2017-08-30	2017	A liberal think tank has just pushed out an employee who criticized Google. That’s worrying.	Henry Farrell	9273	https://goodauthority.org/news/a-liberal-think-tank-has-just-pushed-out-an-employee-who-criticized-google-thats-worrying/	by/2017--mc-a-liberal-think-tank-has-just-pushed-out-an-employee-who-cri.md
2017-08-09	2017	North Korea just called Trump’s bluff. So what happens now?	Henry Farrell	7010	https://goodauthority.org/news/north-korea-just-called-trumps-bluff-so-what-happens-now/	by/2017--mc-north-korea-just-called-trumps-bluff-so-what-happens-now.md
2017-08-07	2017	How U.S. government statistics work, explained by the country’s Chief Statistician	Henry Farrell	11608	https://goodauthority.org/news/how-u-s-government-statistics-work-explained-by-the-countrys-chief-statistician/	by/2017--mc-how-u-s-government-statistics-work-explained-by-the-countrys.md
2017-08-04	2017	Steve Ballmer has a big idea: to be a partisan for the facts	Henry Farrell	8860	https://goodauthority.org/news/steve-ballmer-has-a-big-idea-to-be-a-partisan-for-the-facts/	by/2017--mc-steve-ballmer-has-a-big-idea-to-be-a-partisan-for-the-facts.md
2017-08-03	2017	Steve Ballmer believes that facts about government spending can anchor public debate. Here’s how.	Henry Farrell	10030	https://goodauthority.org/news/steve-ballmer-believes-that-facts-about-government-spending-can-anchor-public-debate-heres-how/	by/2017--mc-steve-ballmer-believes-that-facts-about-government-spending.md
2017-07-17	2017	Trump has no long-term foreign policy vision. Here’s how that’s hurting America.	Henry Farrell	6463	https://goodauthority.org/news/trump-has-no-long-term-foreign-policy-vision-heres-how-thats-hurting-america/	by/2017--mc-trump-has-no-long-term-foreign-policy-vision-heres-how-thats.md
2017-07-12	2017	Most of what you think you know about human reasoning is wrong. Here’s why.	Henry Farrell	7905	https://goodauthority.org/news/most-of-what-you-think-you-know-about-human-reasoning-is-wrong-heres-why/	by/2017--mc-most-of-what-you-think-you-know-about-human-reasoning-is-wro.md
2017-07-11	2017	David Brooks has a point – upper class kids have invisible cultural advantages	Henry Farrell	7919	https://goodauthority.org/news/david-brooks-has-a-point-upper-class-kids-have-invisible-cultural-advantages/	by/2017--mc-david-brooks-has-a-point-upper-class-kids-have-invisible-cul.md
2017-07-09	2017	Trump’s plan to work with Putin on cybersecurity makes no sense. Here’s why.	Henry Farrell	9570	https://goodauthority.org/news/trumps-plan-to-work-with-putin-on-cybersecurity-makes-no-sense-heres-why/	by/2017--mc-trumps-plan-to-work-with-putin-on-cybersecurity-makes-no-sen.md
2017-06-28	2017	Cybercriminals have just mounted a massive worldwide attack. Here’s how NSA secrets helped them.	Henry Farrell	7650	https://goodauthority.org/news/cybercriminals-have-just-mounted-a-massive-worldwide-attack-heres-how-nsa-secrets-helped-them/	by/2017--mc-cybercriminals-have-just-mounted-a-massive-worldwide-attack.md
2017-06-09	2017	A tiny party of hardliners holds the balance of power in Britain. Here’s what you need to know	Henry Farrell	8508	https://goodauthority.org/news/a-tiny-party-of-hardliners-holds-the-balance-of-power-in-britain-heres-what-you-need-to-know/	by/2017--mc-a-tiny-party-of-hardliners-holds-the-balance-of-power-in-bri.md
2017-06-07	2017	Don’t believe what Putin is saying about ‘patriotic’ Russian hackers	Henry Farrell	6390	https://goodauthority.org/news/dont-believe-what-putin-is-saying-about-patriotic-russian-hackers/	by/2017--mc-dont-believe-what-putin-is-saying-about-patriotic-russian-ha.md
2017-06-01	2017	We now know who cheats on their taxes. (Hint: it’s not the poor or middle class.)	Henry Farrell	4469	https://goodauthority.org/news/we-now-know-who-cheats-on-their-taxes-hint-its-not-the-poor-or-middle-class/	by/2017--mc-we-now-know-who-cheats-on-their-taxes-hint-its-not-the-poor.md
2017-05-28	2017	Thanks to Trump, Germany says it can’t rely on the United States. What does that mean?	Henry Farrell	6685	https://goodauthority.org/news/thanks-to-trump-germany-says-it-cant-rely-on-the-united-states-what-does-that-mean/	by/2017--mc-thanks-to-trump-germany-says-it-cant-rely-on-the-united-stat.md
2017-05-17	2017	Trump’s values are abhorrent to the Federalist Society of conservative lawyers. That doesn’t stop them from helping him.	Henry Farrell	6396	https://goodauthority.org/news/trumps-values-are-abhorrent-to-the-federalist-society-of-conservative-lawyers-that-doesnt-stop-them-from-helping-him/	by/2017--mc-trumps-values-are-abhorrent-to-the-federalist-society-of-con.md
2017-05-16	2017	Jeff Sessions’s war on drugs will be less consequential than many believe. Here’s why.	Henry Farrell	6510	https://goodauthority.org/news/jeff-sessionss-war-on-drugs-will-be-less-consequential-than-many-believe-heres-why/	by/2017--mc-jeff-sessionss-war-on-drugs-will-be-less-consequential-than.md
2017-05-15	2017	The U.S. census is in trouble. This is why it’s crucial to what the nation knows about itself.	Henry Farrell	12436	https://goodauthority.org/news/the-u-s-census-is-in-trouble-this-is-why-its-crucial-to-what-the-nation-knows-about-itself/	by/2017--mc-the-u-s-census-is-in-trouble-this-is-why-its-crucial-to-what.md
2017-05-11	2017	Trump’s commission should investigate alien abductions, not voter fraud. There’s as much survey evidence for both	Henry Farrell	7154	https://goodauthority.org/news/trumps-commission-should-investigate-alien-abductions-not-voter-fraud-theres-as-much-survey-evidence-for-both/	by/2017--mc-trumps-commission-should-investigate-alien-abductions-not-vo.md
2017-04-15	2017	Hackers have just dumped a treasure trove of NSA data. Here’s what it means.	Henry Farrell	8779	https://goodauthority.org/news/hackers-have-just-dumped-a-treasure-trove-of-nsa-data-heres-what-it-means/	by/2017--mc-hackers-have-just-dumped-a-treasure-trove-of-nsa-data-heres.md
2017-04-13	2017	Most forensic science isn’t real science. Try telling that to the criminal justice system.	Henry Farrell	9654	https://goodauthority.org/news/most-forensic-science-isnt-real-science-try-telling-that-to-the-criminal-justice-system/	by/2017--mc-most-forensic-science-isnt-real-science-try-telling-that-to.md
2017-04-12	2017	Economists are arguing over how their profession messed up during the Great Recession. This is what happened.	Henry Farrell	9916	https://goodauthority.org/news/economists-are-arguing-over-how-their-profession-messed-up-during-the-great-recession-this-is-what-happened/	by/2017--mc-economists-are-arguing-over-how-their-profession-messed-up-d.md
2017-04-10	2017	Hungary’s government wants to shut down its most prominent university. That may be backfiring.	Henry Farrell	12696	https://goodauthority.org/news/hungarys-government-wants-to-shut-down-its-most-prominent-university-that-may-be-backfiring/	by/2017--mc-hungarys-government-wants-to-shut-down-its-most-prominent-un.md
2017-03-22	2017	Republicans claim Trump may have been surveilled through ‘incidental collection.’ What’s incidental collection?	Henry Farrell	10237	https://goodauthority.org/news/republicans-claim-trump-may-have-been-surveilled-through-incidental-collection-whats-incidental-collection/	by/2017--mc-republicans-claim-trump-may-have-been-surveilled-through-inc.md
2017-03-21	2017	Trump won’t allow you to use iPads or laptops on certain airlines. Here’s why.	Henry Farrell; Abraham Newman	6435	https://goodauthority.org/news/trump-wont-allow-you-to-use-ipads-or-laptops-on-certain-airlines-heres-why/	by/2017--mc-trump-wont-allow-you-to-use-ipads-or-laptops-on-certain-airl.md
2017-03-16	2017	Sean Spicer just suggested that Obama used British intelligence to spy on Trump. Britain isn’t happy.	Henry Farrell	9490	https://goodauthority.org/news/sean-spicer-just-suggested-that-obama-used-british-intelligence-to-spy-on-trump-britain-isnt-happy/	by/2017--mc-sean-spicer-just-suggested-that-obama-used-british-intellige.md
2017-03-03	2017	The truth behind Ireland’s dead babies scandal	Henry Farrell	6635	https://goodauthority.org/news/the-truth-behind-irelands-dead-babies-scandal/	by/2017--mc-the-truth-behind-irelands-dead-babies-scandal.md
2017-02-23	2017	France’s National Front scandal has exposed the dirty little secret of Europe’s far right	Henry Farrell; Abraham Newman	6477	https://goodauthority.org/news/frances-national-front-scandal-has-exposed-the-dirty-little-secret-of-europes-far-right/	by/2017--mc-frances-national-front-scandal-has-exposed-the-dirty-little.md
2017-02-16	2017	New editors, new initiatives and other announcements here at The Monkey Cage	Laura Seay; Marc Lynch; Joshua A. Tucker; John Sides; Henry Farrell; Danny Hayes; Erik Voeten; Kim Yi Dionne	6484	https://goodauthority.org/news/new-editors-new-initiatives-and-other-announcements-here-at-the-monkey-cage/	by/2017--mc-new-editors-new-initiatives-and-other-announcements-here-at.md
2017-01-23	2017	This is how Donald Trump engineers applause	Henry Farrell	8024	https://goodauthority.org/news/this-is-how-donald-trump-engineers-applause/	by/2017--mc-this-is-how-donald-trump-engineers-applause.md
2017-01-12	2017	Republicans say their midnight vote was about bridge building. Actually, it was bridge burning.	Henry Farrell	5191	https://goodauthority.org/news/republicans-say-their-midnight-vote-was-about-bridge-building-actually-it-was-bridge-burning/	by/2017--mc-republicans-say-their-midnight-vote-was-about-bridge-buildin.md
2016-12-13	2016	Thomas Schelling has died. His ideas shaped the Cold War and the world.	Henry Farrell	6032	https://goodauthority.org/news/thomas-schelling-has-died-his-ideas-shaped-the-cold-war-and-the-world/	by/2016--mc-thomas-schelling-has-died-his-ideas-shaped-the-cold-war-and.md
2016-11-28	2016	Law school administrators would like al-Qaeda to go after U.S. News & World Report. This is why.	Henry Farrell	5455	https://goodauthority.org/news/law-school-administrators-would-like-al-qaeda-to-go-after-u-s-news-world-report-this-is-why/	by/2016--mc-law-school-administrators-would-like-al-qaeda-to-go-after-u.md
2016-11-19	2016	Trump’s election has undermined ‘political correctness.’ That might actually be a problem.	Henry Farrell	9326	https://goodauthority.org/news/trumps-election-has-undermined-political-correctness-that-might-actually-be-a-problem/	by/2016--mc-trumps-election-has-undermined-political-correctness-that-mi.md
2016-10-22	2016	It probably wasn’t Russia who attacked the Internet today. That’s what’s scary.	Henry Farrell	6934	https://goodauthority.org/news/it-probably-wasnt-russia-who-attacked-the-internet-today-thats-whats-scary/	by/2016--mc-it-probably-wasnt-russia-who-attacked-the-internet-today-tha.md
2016-10-08	2016	The U.S. has just accused Russia of hacking America’s elections. That’s a very big deal.	Henry Farrell	9650	https://goodauthority.org/news/the-u-s-has-just-accused-russia-of-hacking-americas-elections-thats-a-very-big-deal/	by/2016--mc-the-u-s-has-just-accused-russia-of-hacking-americas-election.md
2016-08-30	2016	Why U.S. taxpayers may pay most of the bill for Apple’s $14.5 billion tax judgment	Henry Farrell	7012	https://goodauthority.org/news/why-u-s-taxpayers-may-pay-most-of-the-bill-for-apples-14-5-billion-tax-judgment/	by/2016--mc-why-u-s-taxpayers-may-pay-most-of-the-bill-for-apples-14-5-b.md
2016-07-26	2016	Why you should read Max Gladstone’s fantasy novels if you’re interested in politics	Henry Farrell	10256	https://goodauthority.org/news/why-you-should-read-max-gladstones-fantasy-novels-if-youre-interested-in-politics/	by/2016--mc-why-you-should-read-max-gladstones-fantasy-novels-if-youre-i.md
2016-07-15	2016	Microsoft just won a big privacy fight with the government. Here’s what that means.	Henry Farrell	6191	https://goodauthority.org/news/microsoft-just-won-a-big-privacy-fight-with-the-government-heres-what-that-means/	by/2016--mc-microsoft-just-won-a-big-privacy-fight-with-the-government-h.md
2016-07-12	2016	Can’t register for Pokémon Go? Game theory helps explain why.	Henry Farrell	4416	https://goodauthority.org/news/cant-register-for-pokemon-go-game-theory-helps-explain-why/	by/2016--mc-cant-register-for-pokemon-go-game-theory-helps-explain-why.md
2016-07-01	2016	Forget ‘House of Cards.’ Watch ‘The Thick of It’ if you want to understand Britain’s omnishambles	Henry Farrell	6970	https://goodauthority.org/news/forget-house-of-cards-watch-the-thick-of-it-if-you-want-to-understand-britains-omnishambles/	by/2016--mc-forget-house-of-cards-watch-the-thick-of-it-if-you-want-to-u.md
2016-06-24	2016	The U.K. has voted for Brexit. Here’s what happens next.	Henry Farrell	6855	https://goodauthority.org/news/the-u-k-has-voted-for-brexit-heres-what-happens-next/	by/2016--mc-the-u-k-has-voted-for-brexit-heres-what-happens-next.md
2016-06-20	2016	The Obama administration wanted to open up government to citizen input. Why hasn’t it worked?	Henry Farrell	6899	https://goodauthority.org/news/the-obama-administration-wanted-to-open-up-government-to-citizen-input-why-hasnt-it-worked/	by/2016--mc-the-obama-administration-wanted-to-open-up-government-to-cit.md
2016-06-14	2016	America’s founders hated general warrants. So why has the government resurrected them?	Henry Farrell	8383	https://goodauthority.org/news/americas-founders-hated-general-warrants-so-why-has-the-government-resurrected-them/	by/2016--mc-americas-founders-hated-general-warrants-so-why-has-the-gove.md
2016-06-02	2016	The U.S. wants to maintain cross-border data flows. That may be tough.	Henry Farrell	9744	https://goodauthority.org/news/the-u-s-wants-to-maintain-cross-border-data-flows-that-may-be-tough/	by/2016--mc-the-u-s-wants-to-maintain-cross-border-data-flows-that-may-b.md
2016-05-19	2016	The Chinese government fakes nearly 450 million social media comments a year. This is why.	Henry Farrell	4835	https://goodauthority.org/news/the-chinese-government-fakes-nearly-450-million-social-media-comments-a-year-this-is-why/	by/2016--mc-the-chinese-government-fakes-nearly-450-million-social-media.md
2016-05-08	2016	This is how the new Captain America movie gets global politics wrong	Henry Farrell	8593	https://goodauthority.org/news/this-is-how-the-new-captain-america-movie-gets-global-politics-wrong/	by/2016--mc-this-is-how-the-new-captain-america-movie-gets-global-politi.md
2016-04-23	2016	Conservative professors live a closeted life. Here’s why.	Henry Farrell	6663	https://goodauthority.org/news/conservative-professors-live-a-closeted-life-heres-why/	by/2016--mc-conservative-professors-live-a-closeted-life-heres-why.md
2016-04-21	2016	This new book explains why so many Islamist extremists have studied engineering	Henry Farrell	6434	https://goodauthority.org/news/this-new-book-explains-why-so-many-islamist-extremists-have-studied-engineering/	by/2016--mc-this-new-book-explains-why-so-many-islamist-extremists-have.md
2016-04-12	2016	A Financial Times columnist says that taxes have nothing to do with fairness. Here’s why he’s wrong.	Henry Farrell	7274	https://goodauthority.org/news/a-financial-times-columnist-says-that-taxes-have-nothing-to-do-with-fairness-heres-why-hes-wrong/	by/2016--mc-a-financial-times-columnist-says-that-taxes-have-nothing-to.md
2016-04-05	2016	This is the book you need to read about how rich people and corporations shield their money from the taxman	Henry Farrell	6483	https://goodauthority.org/news/this-is-the-book-you-need-to-read-about-how-rich-people-and-corporations-shield-their-money-from-the-taxman/	
2016-04-05	2016	A massive leak just revealed how the super-rich hide their money. Here’s what you need to know.	Henry Farrell	6978	https://goodauthority.org/news/a-massive-leak-just-revealed-how-the-super-rich-hide-their-money-heres-what-you-need-to-know/	by/2016--mc-a-massive-leak-just-revealed-how-the-super-rich-hide-their-m.md
2016-03-27	2016	This is the 100th anniversary of Ireland’s Easter Rising. What was the Easter Rising?	Henry Farrell	6575	https://goodauthority.org/news/this-is-the-100th-anniversary-of-irelands-easter-rising-what-was-the-easter-rising/	by/2016--mc-this-is-the-100th-anniversary-of-irelands-easter-rising-what.md
2016-03-25	2016	Here’s why economists should be more humble, even when they have great ideas	Henry Farrell	5356	https://goodauthority.org/news/heres-why-economists-should-be-more-humble-even-when-they-have-great-ideas/	by/2016--mc-heres-why-economists-should-be-more-humble-even-when-they-ha.md
2016-03-22	2016	Here’s why Europe can’t police terrorism very well	Henry Farrell	5499	https://goodauthority.org/news/heres-why-europe-cant-police-terrorism-very-well/	by/2016--mc-heres-why-europe-cant-police-terrorism-very-well.md
2016-03-02	2016	This is how unethical financial advisers can get away with it	Henry Farrell	8045	https://goodauthority.org/news/this-is-how-unethical-financial-advisers-can-get-away-with-it/	by/2016--mc-this-is-how-unethical-financial-advisers-can-get-away-with-i.md
2016-02-29	2016	Trump will win or lose. Either way, the Koch network will still shape the Republican Party.	Theda Skocpol; Henry Farrell; Alexander Hertel-Fernandez	11453	https://goodauthority.org/news/trump-will-win-or-lose-either-way-the-koch-network-will-still-shape-the-republican-party/	by/2016--mc-trump-will-win-or-lose-either-way-the-koch-network-will-stil.md
2016-02-10	2016	The NSA is massively reorganizing itself. That’s going to hurt its credibility	Henry Farrell	8090	https://goodauthority.org/news/the-nsa-is-massively-reorganizing-itself-thats-going-to-hurt-its-credibility/	by/2016--mc-the-nsa-is-massively-reorganizing-itself-thats-going-to-hurt.md
2016-02-04	2016	J.K. Rowling got in trouble for how she talks about Africa. Here’s why she may have been right.	Henry Farrell; Chris Blattman	9666	https://goodauthority.org/news/j-k-rowling-got-in-trouble-for-how-she-talks-about-africa-heres-why-she-may-have-been-right/	by/2016--mc-j-k-rowling-got-in-trouble-for-how-she-talks-about-africa-he.md
2016-01-31	2016	Here’s why the activist who started the Safe Harbor fight thinks that negotiations won’t work	Henry Farrell	7978	https://goodauthority.org/news/heres-why-the-activist-who-started-the-safe-harbor-fight-thinks-that-negotiations-wont-work/	by/2016--mc-heres-why-the-activist-who-started-the-safe-harbor-fight-thi.md
2016-01-31	2016	If U.S. privacy negotiations with Europe fail, it’s a recipe for chaos	Henry Farrell	4054	https://goodauthority.org/news/if-u-s-privacy-negotiations-with-europe-fail-its-a-recipe-for-chaos/	by/2016--mc-if-u-s-privacy-negotiations-with-europe-fail-its-a-recipe-fo.md
2016-01-29	2016	Apple may owe Ireland $19 billion, but Ireland doesn’t want the money. Here’s why.	Henry Farrell	5093	https://goodauthority.org/news/apple-may-owe-ireland-19-billion-but-ireland-doesnt-want-the-money-heres-why/	by/2016--mc-apple-may-owe-ireland-19-billion-but-ireland-doesnt-want-the.md
2016-01-16	2016	Bill O’Reilly will flee to Ireland if Sanders is elected. He’s in for a shock.	Henry Farrell	7398	https://goodauthority.org/news/bill-oreilly-will-flee-to-ireland-if-sanders-is-elected-hes-in-for-a-shock/	by/2016--mc-bill-oreilly-will-flee-to-ireland-if-sanders-is-elected-hes.md
2015-12-18	2015	The Weekly Standard makes a fact-free argument about political science. Here are some facts.	Henry Farrell	8999	https://goodauthority.org/news/the-weekly-standard-makes-a-fact-free-argument-about-political-science-here-are-some-facts/	by/2015--mc-the-weekly-standard-makes-a-fact-free-argument-about-politic.md
2015-12-16	2015	Here’s how Washington weaponized America’s IT companies and why it backfired	Henry Farrell; Abraham Newman	8998	https://goodauthority.org/news/heres-how-washington-weaponized-americas-it-companies-and-why-it-backfired/	by/2015--mc-heres-how-washington-weaponized-americas-it-companies-and-wh.md
2015-12-08	2015	Donald Trump’s attacks on Muslims fit a pattern of persecution. Just ask Jews, Catholics and Mormons.	Henry Farrell	9415	https://goodauthority.org/news/donald-trumps-attacks-on-muslims-fit-a-pattern-of-persecution-just-ask-jews-catholics-and-mormons/	by/2015--mc-donald-trumps-attacks-on-muslims-fit-a-pattern-of-persecutio.md
2015-11-17	2015	This is the group that’s surprisingly prone to violent extremism	Henry Farrell	7355	https://goodauthority.org/news/this-is-the-group-thats-surprisingly-prone-to-violent-extremism/	by/2015--mc-this-is-the-group-thats-surprisingly-prone-to-violent-extrem.md
2015-11-11	2015	Bernie Sanders says Denmark is socialist. Forbes Magazine says it’s the most business-friendly country. Who’s right?	Henry Farrell	12203	https://goodauthority.org/news/bernie-sanders-says-denmark-is-socialist-forbes-magazine-says-its-the-most-business-friendly-country-whos-right/	by/2015--mc-bernie-sanders-says-denmark-is-socialist-forbes-magazine-say.md
2015-10-21	2015	College textbooks are a racket	Henry Farrell	8039	https://goodauthority.org/news/college-textbooks-are-a-racket/	by/2015--mc-college-textbooks-are-a-racket.md
2015-10-19	2015	What is it that Homeland understands about international politics but that Robert Kagan simply doesn’t get?	Henry Farrell; Abraham Newman	5410	https://goodauthority.org/news/what-is-it-that-homeland-understands-about-international-politics-but-that-robert-kagan-simply-doesnt-get/	by/2015--mc-what-is-it-that-homeland-understands-about-international-pol.md
2015-10-15	2015	Here’s why the Iraq War may have helped trigger the financial crisis	Henry Farrell	7462	https://goodauthority.org/news/heres-why-the-iraq-war-may-have-helped-trigger-the-financial-crisis/	by/2015--mc-heres-why-the-iraq-war-may-have-helped-trigger-the-financial.md
2015-10-14	2015	Edward Snowden has proposed a new treaty. Here’s why it might or might not take off.	Henry Farrell	9649	https://goodauthority.org/news/edward-snowden-has-proposed-a-new-treaty-heres-why-it-might-or-might-not-take-off/	by/2015--mc-edward-snowden-has-proposed-a-new-treaty-heres-why-it-might.md
2015-10-06	2015	Here’s how the Facebook case has just transformed the surveillance debate	Henry Farrell; Abraham Newman	6879	https://goodauthority.org/news/heres-how-the-facebook-case-has-just-transformed-the-surveillance-debate/	by/2015--mc-heres-how-the-facebook-case-has-just-transformed-the-surveil.md
2015-10-06	2015	This privacy activist has just won an enormous victory against U.S. surveillance. Here’s how.	Henry Farrell; Abraham Newman	8305	https://goodauthority.org/news/this-privacy-activist-has-just-won-an-enormous-victory-against-u-s-surveillance-heres-how/	by/2015--mc-this-privacy-activist-has-just-won-an-enormous-victory-again.md
2015-10-01	2015	What you need to know about the cyberspying deal with China	Henry Farrell	8166	https://goodauthority.org/news/what-you-need-to-know-about-the-cyberspying-deal-with-china/	by/2015--mc-what-you-need-to-know-about-the-cyberspying-deal-with-china.md
2015-09-25	2015	Facebook is at the center of a huge privacy controversy. For once, it isn't Facebook's fault.	Henry Farrell	7145	https://goodauthority.org/news/facebook-is-at-the-center-of-a-huge-privacy-controversy-for-once-it-isnt-facebooks-fault/	by/2015--mc-facebook-is-at-the-center-of-a-huge-privacy-controversy-for.md
2015-09-25	2015	Facebook is at the center of a huge privacy controversy. For once, it isn’t Facebook’s fault.	Henry Farrell; Abraham Newman	7144	https://goodauthority.org/news/facebook-is-at-the-center-of-a-huge-privacy-controversy-for-once-it-isnt-facebooks-fault-2/	
2015-09-21	2015	American businesses gave themselves a 6% tax cut over the last 15 years. Here's how they did it.	Henry Farrell	6578	https://goodauthority.org/news/american-businesses-gave-themselves-a-6-tax-cut-over-the-last-15-years-heres-how-they-did-it/	by/2015--mc-american-businesses-gave-themselves-a-6-tax-cut-over-the-las.md
2015-09-21	2015	American businesses gave themselves a 6% tax cut over the last 15 years. Here’s how they did it.	Henry Farrell	6577	https://goodauthority.org/news/american-businesses-gave-themselves-a-6-tax-cut-over-the-last-15-years-heres-how-they-did-it-2/	
2015-09-14	2015	This book explains why Jeremy Corbyn now leads Labour. Its author died in 2011.	Henry Farrell	8877	https://goodauthority.org/news/this-book-explains-why-jeremy-corbyn-now-leads-labour-its-author-died-in-2011/	by/2015--mc-this-book-explains-why-jeremy-corbyn-now-leads-labour-its-au.md
2015-09-03	2015	Classical Greece was incredibly politically innovative. Why did it rise — and then fall?	Henry Farrell	7610	https://goodauthority.org/news/classical-greece-was-incredibly-politically-innovative-why-did-it-rise-and-then-fall/	by/2015--mc-classical-greece-was-incredibly-politically-innovative-why-d.md
2015-08-22	2015	The rediscovery of this writer in the Renaissance opened the way to the modern world (and, more important, the invention of political science)	Henry Farrell	9738	https://goodauthority.org/news/the-rediscovery-of-this-writer-in-the-renaissance-opened-the-way-to-the-modern-world-and-more-important-the-invention-of-political-science/	by/2015--mc-the-rediscovery-of-this-writer-in-the-renaissance-opened-the.md
2015-08-18	2015	Facebook wasn't great at respecting privacy in the first place. It's gotten much worse.	Henry Farrell	2886	https://goodauthority.org/news/facebook-wasnt-great-at-respecting-privacy-in-the-first-place-its-gotten-much-worse/	by/2015--mc-facebook-wasnt-great-at-respecting-privacy-in-the-first-plac.md
2015-08-18	2015	Facebook wasn’t great at respecting privacy in the first place. It’s gotten much worse.	Henry Farrell	2885	https://goodauthority.org/news/facebook-wasnt-great-at-respecting-privacy-in-the-first-place-its-gotten-much-worse-2/	
2015-08-12	2015	Europe is being torn by an angry argument. This time, it's not the euro's fault.	Henry Farrell	6875	https://goodauthority.org/news/europe-is-being-torn-by-an-angry-argument-this-time-its-not-the-euros-fault/	by/2015--mc-europe-is-being-torn-by-an-angry-argument-this-time-its-not.md
2015-08-12	2015	Europe is being torn by an angry argument. This time, it’s not the euro’s fault.	Henry Farrell	6874	https://goodauthority.org/news/europe-is-being-torn-by-an-angry-argument-this-time-its-not-the-euros-fault-2/	
2015-07-28	2015	With your tattoos and topknots, who do you think you are?	Henry Farrell	5974	https://goodauthority.org/news/with-your-tattoos-and-topknots-who-do-you-think-you-are/	by/2015--mc-with-your-tattoos-and-topknots-who-do-you-think-you-are.md
2015-07-21	2015	This is what economists don't understand about the euro crisis – or the U.S. dollar	Henry Farrell	7212	https://goodauthority.org/news/this-is-what-economists-dont-understand-about-the-euro-crisis-or-the-u-s-dollar/	by/2015--mc-this-is-what-economists-dont-understand-about-the-euro-crisi.md
2015-07-14	2015	The Iran deal reflects the U.S.'s overwhelming power over the world's financial system	Henry Farrell	4472	https://goodauthority.org/news/the-iran-deal-reflects-the-u-s-s-overwhelming-power-over-the-worlds-financial-system/	by/2015--mc-the-iran-deal-reflects-the-u-s-s-overwhelming-power-over-the.md
2015-07-14	2015	The Iran deal reflects the U.S.’s overwhelming power over the world’s financial system	Henry Farrell	4471	https://goodauthority.org/news/the-iran-deal-reflects-the-u-s-s-overwhelming-power-over-the-worlds-financial-system-2/	
2015-07-13	2015	The euro zone was supposed to strengthen European democracy. Instead, it's undermining it.	Henry Farrell	9260	https://goodauthority.org/news/the-euro-zone-was-supposed-to-strengthen-european-democracy-instead-its-undermining-it/	by/2015--mc-the-euro-zone-was-supposed-to-strengthen-european-democracy.md
2015-07-13	2015	The euro zone was supposed to strengthen European democracy. Instead, it’s undermining it.	Henry Farrell	9259	https://goodauthority.org/news/the-euro-zone-was-supposed-to-strengthen-european-democracy-instead-its-undermining-it-2/	
2015-07-12	2015	Other Europeans say they can't trust Greece. The problem goes both ways.	Henry Farrell	5188	https://goodauthority.org/news/other-europeans-say-they-cant-trust-greece-the-problem-goes-both-ways/	by/2015--mc-other-europeans-say-they-cant-trust-greece-the-problem-goes.md
2015-07-12	2015	Other Europeans say they can’t trust Greece. The problem goes both ways.	Henry Farrell	5187	https://goodauthority.org/news/other-europeans-say-they-cant-trust-greece-the-problem-goes-both-ways-2/	
2015-07-05	2015	Greece is less likely to get a deal after the referendum, but will get a better deal if it does get one	Henry Farrell	7402	https://goodauthority.org/news/greece-is-less-likely-to-get-a-deal-after-the-referendum-but-will-get-a-better-deal-if-it-does-get-one/	by/2015--mc-greece-is-less-likely-to-get-a-deal-after-the-referendum-but.md
2015-07-05	2015	Greece isn't the first country to have a debt referendum. Does Iceland provide useful lessons?	Henry Farrell	7216	https://goodauthority.org/news/greece-isnt-the-first-country-to-have-a-debt-referendum-does-iceland-provide-useful-lessons/	by/2015--mc-greece-isnt-the-first-country-to-have-a-debt-referendum-does.md
2015-06-28	2015	The euro is an experiment in making a currency without a government. That's why it's in trouble.	Henry Farrell	8778	https://goodauthority.org/news/the-euro-is-an-experiment-in-making-a-currency-without-a-government-thats-why-its-in-trouble/	by/2015--mc-the-euro-is-an-experiment-in-making-a-currency-without-a-gov.md
2015-06-28	2015	The austerity referendum solves a problem for Greece's leaders. It may solve a problem for Europe's leaders, too.	Henry Farrell	7241	https://goodauthority.org/news/the-austerity-referendum-solves-a-problem-for-greeces-leaders-it-may-solve-a-problem-for-europes-leaders-too/	by/2015--mc-the-austerity-referendum-solves-a-problem-for-greeces-leader.md
2015-06-28	2015	Conservatives worry that Obamacare is a 'super-statute.' It isn't quite one yet.	Henry Farrell	13776	https://goodauthority.org/news/conservatives-worry-that-obamacare-is-a-super-statute-it-isnt-quite-one-yet/	by/2015--mc-conservatives-worry-that-obamacare-is-a-super-statute-it-isn.md
2015-06-25	2015	Who's lying in the negotiations over Greece and the euro?	Henry Farrell	6801	https://goodauthority.org/news/whos-lying-in-the-negotiations-over-greece-and-the-euro/	by/2015--mc-whos-lying-in-the-negotiations-over-greece-and-the-euro.md
2015-06-25	2015	Who’s lying in the negotiations over Greece and the euro?	Henry Farrell	6800	https://goodauthority.org/news/whos-lying-in-the-negotiations-over-greece-and-the-euro-2/	
2015-06-24	2015	Yes, Amazon and eBay can ban sales of Confederate merchandise. Is that good or bad?	Henry Farrell	6211	https://goodauthority.org/news/yes-amazon-and-ebay-can-ban-sales-of-confederate-merchandise-is-that-good-or-bad/	by/2015--mc-yes-amazon-and-ebay-can-ban-sales-of-confederate-merchandise.md
2015-06-18	2015	Censoring ISIS's online propaganda isn't working out very well	Henry Farrell	4836	https://goodauthority.org/news/censoring-isiss-online-propaganda-isnt-working-out-very-well/	by/2015--mc-censoring-isiss-online-propaganda-isnt-working-out-very-well.md
2015-06-18	2015	Censoring ISIS’s online propaganda isn’t working out very well	Henry Farrell	4836	https://goodauthority.org/news/censoring-isiss-online-propaganda-isnt-working-out-very-well-2/	
2015-06-17	2015	Irish people are really, really angry with the New York Times today. This is why.	Henry Farrell	3845	https://goodauthority.org/news/irish-people-are-really-really-angry-with-the-new-york-times-today-this-is-why/	by/2015--mc-irish-people-are-really-really-angry-with-the-new-york-times.md
2015-06-15	2015	The hack on the U.S. government was not a 'cyber Pearl Harbor' (but it was a very big deal)	Henry Farrell	7439	https://goodauthority.org/news/the-hack-on-the-u-s-government-was-not-a-cyber-pearl-harbor-but-it-was-a-very-big-deal/	by/2015--mc-the-hack-on-the-u-s-government-was-not-a-cyber-pearl-harbor.md
2015-06-15	2015	The hack on the U.S. government was not a ‘cyber Pearl Harbor’ (but it was a very big deal)	Henry Farrell	7438	https://goodauthority.org/news/the-hack-on-the-u-s-government-was-not-a-cyber-pearl-harbor-but-it-was-a-very-big-deal-2/	
2015-06-12	2015	Why losing a trade vote in Congress may strengthen America's bargaining position	Henry Farrell	7778	https://goodauthority.org/news/why-losing-a-trade-vote-in-congress-may-strengthen-americas-bargaining-position/	by/2015--mc-why-losing-a-trade-vote-in-congress-may-strengthen-americas.md
2015-06-12	2015	Why losing a trade vote in Congress may strengthen America’s bargaining position	Henry Farrell	7777	https://goodauthority.org/news/why-losing-a-trade-vote-in-congress-may-strengthen-americas-bargaining-position-2/	
2015-06-01	2015	The Dread Pirate Roberts was as much lawmaker as lawbreaker	Henry Farrell	5270	https://goodauthority.org/news/the-dread-pirate-roberts-was-as-much-lawmaker-as-lawbreaker/	by/2015--mc-the-dread-pirate-roberts-was-as-much-lawmaker-as-lawbreaker.md
2015-05-23	2015	Ireland's voters approve same-sex marriage. Here's how that happened.	Henry Farrell	9011	https://goodauthority.org/news/irelands-voters-approve-same-sex-marriage-heres-how-that-happened/	by/2015--mc-irelands-voters-approve-same-sex-marriage-heres-how-that-hap.md
2015-05-23	2015	Ireland’s voters approve same-sex marriage. Here’s how that happened.	Henry Farrell; Niamh Hardiman	9011	https://goodauthority.org/news/irelands-voters-approve-same-sex-marriage-heres-how-that-happened-2/	
2015-05-10	2015	What the runners-up tell us about Britain's election	Henry Farrell	3677	https://goodauthority.org/news/what-the-runners-up-tell-us-about-britains-election/	by/2015--mc-what-the-runners-up-tell-us-about-britains-election.md
2015-05-09	2015	Britain's election highlights the instability of its political system	Henry Farrell	10588	https://goodauthority.org/news/britains-election-highlights-the-instability-of-its-political-system/	by/2015--mc-britains-election-highlights-the-instability-of-its-politica.md
2015-05-04	2015	Israel's appeal courts treat Arabs better when one judge is Arab-Israeli	Henry Farrell	7969	https://goodauthority.org/news/israels-appeal-courts-treat-arabs-better-when-one-judge-is-arab-israeli/	by/2015--mc-israels-appeal-courts-treat-arabs-better-when-one-judge-is-a.md
2015-04-30	2015	Some Supreme Court Justices worry that a gay marriage ruling will provoke public backlash. They shouldn't be concerned.	Henry Farrell	7006	https://goodauthority.org/news/some-supreme-court-justices-worry-that-a-gay-marriage-ruling-will-provoke-public-backlash-they-shouldnt-be-concerned/	by/2015--mc-some-supreme-court-justices-worry-that-a-gay-marriage-ruling.md
2015-04-24	2015	What's new in the U.S. cyber strategy	Henry Farrell	9003	https://goodauthority.org/news/whats-new-in-the-u-s-cyber-strategy/	by/2015--mc-whats-new-in-the-u-s-cyber-strategy.md
2015-04-24	2015	What’s new in the U.S. cyber strategy	Henry Farrell	9003	https://goodauthority.org/news/whats-new-in-the-u-s-cyber-strategy-2/	
2015-04-23	2015	The new German spying scandal is a big deal	Henry Farrell	5001	https://goodauthority.org/news/the-new-german-spying-scandal-is-a-big-deal/	by/2015--mc-the-new-german-spying-scandal-is-a-big-deal.md
2015-04-23	2015	What's behind the Gazprom crisis?	Henry Farrell	8250	https://goodauthority.org/news/whats-behind-the-gazprom-crisis/	by/2015--mc-whats-behind-the-gazprom-crisis.md
2015-04-23	2015	What’s behind the Gazprom crisis?	Henry Farrell	8250	https://goodauthority.org/news/whats-behind-the-gazprom-crisis-2/	
2015-04-09	2015	How Thucydides helps explain Greece's problems with Germany	Henry Farrell	14883	https://goodauthority.org/news/how-thucydides-helps-explain-greeces-problems-with-germany/	by/2015--mc-how-thucydides-helps-explain-greeces-problems-with-germany.md
2015-04-08	2015	Mark Zuckerberg wants people to understand common knowledge. What's common knowledge?	Henry Farrell	7469	https://goodauthority.org/news/mark-zuckerberg-wants-people-to-understand-common-knowledge-whats-common-knowledge/	by/2015--mc-mark-zuckerberg-wants-people-to-understand-common-knowledge.md
2015-04-06	2015	Why it's so hard to create norms in cyberspace	Henry Farrell	7141	https://goodauthority.org/news/why-its-so-hard-to-create-norms-in-cyberspace/	by/2015--mc-why-its-so-hard-to-create-norms-in-cyberspace.md
2015-04-06	2015	Why it’s so hard to create norms in cyberspace	Henry Farrell	7462	https://goodauthority.org/news/why-its-so-hard-to-create-norms-in-cyberspace-2/	
2015-03-26	2015	People are freaking out about the Trans Pacific Partnership's investor dispute settlement system. Why should you care?	Henry Farrell	8520	https://goodauthority.org/news/people-are-freaking-out-about-the-trans-pacific-partnerships-investor-dispute-settlement-system-why-should-you-care/	by/2015--mc-people-are-freaking-out-about-the-trans-pacific-partnerships.md
2015-03-26	2015	People are freaking out about the Trans Pacific Partnership’s investor dispute settlement system. Why should you care?	Henry Farrell	8520	https://goodauthority.org/news/people-are-freaking-out-about-the-trans-pacific-partnerships-investor-dispute-settlement-system-why-should-you-care-2/	
2015-03-20	2015	Aaron Schock's downfall tells us we need to look at political spending as well as giving	Henry Farrell	6253	https://goodauthority.org/news/aaron-schocks-downfall-tells-us-we-need-to-look-at-political-spending-as-well-as-giving/	by/2015--mc-aaron-schocks-downfall-tells-us-we-need-to-look-at-political.md
2015-03-19	2015	Why 'Dark Web' drug markets will keep on imploding	Henry Farrell	7044	https://goodauthority.org/news/why-dark-web-drug-markets-will-keep-on-imploding/	by/2015--mc-why-dark-web-drug-markets-will-keep-on-imploding.md
2015-03-19	2015	Why ‘Dark Web’ drug markets will keep on imploding	Henry Farrell	7044	https://goodauthority.org/news/why-dark-web-drug-markets-will-keep-on-imploding-2/	
2015-03-18	2015	How the White House snubbed Irish politicians on St. Patrick's Day	Henry Farrell	5053	https://goodauthority.org/news/how-the-white-house-snubbed-irish-politicians-on-st-patricks-day/	by/2015--mc-how-the-white-house-snubbed-irish-politicians-on-st-patricks.md
2015-03-18	2015	How the White House snubbed Irish politicians on St. Patrick’s Day	Henry Farrell	5052	https://goodauthority.org/news/how-the-white-house-snubbed-irish-politicians-on-st-patricks-day-2/	
2015-03-04	2015	Ferguson's government was run like a racket	Henry Farrell	4698	https://goodauthority.org/news/fergusons-government-was-run-like-a-racket/	by/2015--mc-fergusons-government-was-run-like-a-racket.md
2015-03-04	2015	Ferguson’s government was run like a racket	Henry Farrell	4698	https://goodauthority.org/news/fergusons-government-was-run-like-a-racket-2/	
2015-02-26	2015	European privacy policy is not a cynical anti-competitive plot	Henry Farrell; Abraham Newman	11452	https://goodauthority.org/news/european-privacy-policy-is-not-a-cynical-anti-competitive-plot/	by/2015--mc-european-privacy-policy-is-not-a-cynical-anti-competitive-pl.md
2015-02-24	2015	How social science explains the Silk Road	Henry Farrell	8279	https://goodauthority.org/news/how-social-science-explains-the-silk-road/	by/2015--mc-how-social-science-explains-the-silk-road.md
2015-02-20	2015	Greece's finance minister is talking Kant, not cant	Henry Farrell	5461	https://goodauthority.org/news/greeces-finance-minister-is-talking-kant-not-cant/	by/2015--mc-greeces-finance-minister-is-talking-kant-not-cant.md
2015-02-17	2015	Obama says that Europeans are using privacy rules to protect their firms against U.S. competition. Is he right?	Henry Farrell	6228	https://goodauthority.org/news/obama-says-that-europeans-are-using-privacy-rules-to-protect-their-firms-against-u-s-competition-is-he-right/	by/2015--mc-obama-says-that-europeans-are-using-privacy-rules-to-protect.md
2015-02-17	2015	Why Greece's finance minister denies that he's a game theorist	Henry Farrell	6491	https://goodauthority.org/news/why-greeces-finance-minister-denies-that-hes-a-game-theorist/	by/2015--mc-why-greeces-finance-minister-denies-that-hes-a-game-theorist.md
2015-02-17	2015	Why Greece’s finance minister denies that he’s a game theorist	Henry Farrell	6490	https://goodauthority.org/news/why-greeces-finance-minister-denies-that-hes-a-game-theorist-2/	
2015-02-12	2015	Academia is not a meritocracy	Henry Farrell	2610	https://goodauthority.org/news/academia-is-not-a-meritocracy/	by/2015--mc-academia-is-not-a-meritocracy.md
2015-01-28	2015	Russia is hinting at a new Cold War over SWIFT. So what's SWIFT?	Henry Farrell	7402	https://goodauthority.org/news/russia-is-hinting-at-a-new-cold-war-over-swift-so-whats-swift/	by/2015--mc-russia-is-hinting-at-a-new-cold-war-over-swift-so-whats-swif.md
2015-01-28	2015	Russia is hinting at a new Cold War over SWIFT. So what’s SWIFT?	Henry Farrell	7401	https://goodauthority.org/news/russia-is-hinting-at-a-new-cold-war-over-swift-so-whats-swift-2/	
2015-01-22	2015	Why our success in managing the banking crisis was the mother of failure	Henry Farrell	9279	https://goodauthority.org/news/why-our-success-in-managing-the-banking-crisis-was-the-mother-of-failure/	by/2015--mc-why-our-success-in-managing-the-banking-crisis-was-the-mothe.md
2015-01-20	2015	Doctors blame the WHO and the U.N. for failing to fight Ebola. Here's why they're wrong.	Henry Farrell	6909	https://goodauthority.org/news/doctors-blame-the-who-and-the-u-n-for-failing-to-fight-ebola-heres-why-theyre-wrong/	by/2015--mc-doctors-blame-the-who-and-the-u-n-for-failing-to-fight-ebola.md
2015-01-08	2015	Austerity is still popular despite an abject record of failure	Henry Farrell	5878	https://goodauthority.org/news/austerity-is-still-popular-despite-an-abject-record-of-failure/	by/2015--mc-austerity-is-still-popular-despite-an-abject-record-of-failu.md
2015-01-07	2015	The U.S.-led global economic order is dying	Henry Farrell	10957	https://goodauthority.org/news/the-u-s-led-global-economic-order-is-dying/	by/2015--mc-the-u-s-led-global-economic-order-is-dying.md
2015-01-06	2015	The G20 didn't help much during the financial crisis	Henry Farrell	4927	https://goodauthority.org/news/the-g20-didnt-help-much-during-the-financial-crisis/	by/2015--mc-the-g20-didnt-help-much-during-the-financial-crisis.md
2015-01-06	2015	The G20 didn’t help much during the financial crisis	Henry Farrell	4926	https://goodauthority.org/news/the-g20-didnt-help-much-during-the-financial-crisis-2/	
2014-12-28	2014	People who participate 'beyond voting' are different	Henry Farrell	6285	https://goodauthority.org/news/people-who-participate-beyond-voting-are-different/	by/2014--mc-people-who-participate-beyond-voting-are-different.md
2014-12-19	2014	Immigration activists are empowered when they don't fear arrest	Henry Farrell	6757	https://goodauthority.org/news/immigration-activists-are-empowered-when-they-dont-fear-arrest/	by/2014--mc-immigration-activists-are-empowered-when-they-dont-fear-arre.md
2014-12-16	2014	Bitcoin's financial network is doomed	Henry Farrell	9189	https://goodauthority.org/news/bitcoins-financial-network-is-doomed/	by/2014--mc-bitcoins-financial-network-is-doomed.md
2014-12-16	2014	Bitcoin’s financial network is doomed	Henry Farrell	9188	https://goodauthority.org/news/bitcoins-financial-network-is-doomed-2/	
2014-12-10	2014	The subtle damage to the CIA	Henry Farrell	3740	https://goodauthority.org/news/the-subtle-damage-to-the-cia/	by/2014--mc-the-subtle-damage-to-the-cia.md
2014-12-01	2014	Social media hasn't boosted young voter turnout	Henry Farrell	7273	https://goodauthority.org/news/social-media-hasnt-boosted-young-voter-turnout/	by/2014--mc-social-media-hasnt-boosted-young-voter-turnout.md
2014-11-17	2014	America's bank bailouts worked	Henry Farrell	6857	https://goodauthority.org/news/americas-bank-bailouts-worked/	by/2014--mc-americas-bank-bailouts-worked.md
2014-11-12	2014	U.S. firms funnel more than half their foreign profits through tax havens	Henry Farrell	2501	https://goodauthority.org/news/u-s-firms-funnel-more-than-half-their-foreign-profits-through-tax-havens/	by/2014--mc-u-s-firms-funnel-more-than-half-their-foreign-profits-throug.md
2014-10-29	2014	Politics in everything: Eight reasons my goddaughter is awesome	Henry Farrell	3573	https://goodauthority.org/news/politics-in-everything-eight-reasons-my-goddaughter-is-awesome/	by/2014--mc-politics-in-everything-eight-reasons-my-goddaughter-is-aweso.md
2014-10-28	2014	How business power explains the bailout	Henry Farrell	4458	https://goodauthority.org/news/how-business-power-explains-the-bailout/	by/2014--mc-how-business-power-explains-the-bailout.md
2014-10-22	2014	No, the National Science Foundation is not building an Orwellian surveillance nightmare	Henry Farrell	10738	https://goodauthority.org/news/no-the-national-science-foundation-is-not-building-an-orwellian-surveillance-nightmare/	by/2014--mc-no-the-national-science-foundation-is-not-building-an-orwell.md
2014-09-29	2014	'Explainer journalism' can do a better job at explaining	Henry Farrell	7292	https://goodauthority.org/news/explainer-journalism-can-do-a-better-job-at-explaining/	by/2014--mc-explainer-journalism-can-do-a-better-job-at-explaining.md
2014-09-29	2014	‘Explainer journalism’ can do a better job at explaining	Henry Farrell	7291	https://goodauthority.org/news/explainer-journalism-can-do-a-better-job-at-explaining-2/	
2014-09-24	2014	If policymakers had listened to political scientists, we wouldn't have invaded Iraq	Henry Farrell	4817	https://goodauthority.org/news/if-policymakers-had-listened-to-political-scientists-we-wouldnt-have-invaded-iraq/	by/2014--mc-if-policymakers-had-listened-to-political-scientists-we-woul.md
2014-09-24	2014	If policymakers had listened to political scientists, we wouldn’t have invaded Iraq	Henry Farrell	4816	https://goodauthority.org/news/if-policymakers-had-listened-to-political-scientists-we-wouldnt-have-invaded-iraq-2/	
2014-09-09	2014	Why Reddit sucks: some scientific evidence	Henry Farrell	5883	https://goodauthority.org/news/why-reddit-sucks-some-scientific-evidence/	by/2014--mc-why-reddit-sucks-some-scientific-evidence.md
2014-09-05	2014	When The Economist blamed Irish peasants for starving to death	Henry Farrell	2299	https://goodauthority.org/news/when-the-economist-blamed-irish-peasants-for-starving-to-death/	by/2014--mc-when-the-economist-blamed-irish-peasants-for-starving-to-dea.md
2014-09-04	2014	America couldn't make a proper cup of tea to save its life	Henry Farrell	4419	https://goodauthority.org/news/america-couldnt-make-a-proper-cup-of-tea-to-save-its-life/	by/2014--mc-america-couldnt-make-a-proper-cup-of-tea-to-save-its-life.md
2014-09-04	2014	America couldn’t make a proper cup of tea to save its life	Henry Farrell	4418	https://goodauthority.org/news/america-couldnt-make-a-proper-cup-of-tea-to-save-its-life-2/	
2014-07-18	2014	The free market is an impossible utopia	Henry Farrell	10726	https://goodauthority.org/news/the-free-market-is-an-impossible-utopia/	by/2014--mc-the-free-market-is-an-impossible-utopia.md
2014-07-17	2014	Europe may get a lot tougher on Russia sanctions	Henry Farrell	3152	https://goodauthority.org/news/europe-may-get-a-lot-tougher-on-russia-sanctions/	by/2014--mc-europe-may-get-a-lot-tougher-on-russia-sanctions.md
2014-07-11	2014	How U.S. hypocrisy is hurting relations with Germany	Henry Farrell	5753	https://goodauthority.org/news/how-u-s-hypocrisy-is-hurting-relations-with-germany/	by/2014--mc-how-u-s-hypocrisy-is-hurting-relations-with-germany.md
2014-07-10	2014	Ireland's Garth Brooks crisis	Henry Farrell	5089	https://goodauthority.org/news/irelands-garth-brooks-crisis/	by/2014--mc-irelands-garth-brooks-crisis.md
2014-07-10	2014	Ireland’s Garth Brooks crisis	Henry Farrell	5088	https://goodauthority.org/news/irelands-garth-brooks-crisis-2/	
2014-07-03	2014	The E.U. isn't censoring searches on a former Merrill Lynch banker. Google is.	Henry Farrell	7093	https://goodauthority.org/news/the-e-u-isnt-censoring-searches-on-a-former-merrill-lynch-banker-google-is/	by/2014--mc-the-e-u-isnt-censoring-searches-on-a-former-merrill-lynch-ba.md
2014-07-03	2014	The E.U. isn’t censoring searches on a former Merrill Lynch banker. Google is.	Henry Farrell	7092	https://goodauthority.org/news/the-e-u-isnt-censoring-searches-on-a-former-merrill-lynch-banker-google-is-2/	
2014-06-26	2014	Dictators lie about economic growth	Henry Farrell	3626	https://goodauthority.org/news/dictators-lie-about-economic-growth/	by/2014--mc-dictators-lie-about-economic-growth.md
2014-06-24	2014	Bailing out banks is not a lucrative business	Henry Farrell	12298	https://goodauthority.org/news/bailing-out-banks-is-not-a-lucrative-business/	by/2014--mc-bailing-out-banks-is-not-a-lucrative-business.md
2014-06-20	2014	The case that might cripple Facebook	Henry Farrell	6186	https://goodauthority.org/news/the-case-that-might-cripple-facebook/	by/2014--mc-the-case-that-might-cripple-facebook.md
2014-06-19	2014	The fight over Europe's new president	Henry Farrell	9446	https://goodauthority.org/news/the-fight-over-europes-new-president/	by/2014--mc-the-fight-over-europes-new-president.md
2014-06-19	2014	The fight over Europe’s new president	Henry Farrell	9445	https://goodauthority.org/news/the-fight-over-europes-new-president-2/	
2014-06-02	2014	If you can fake spontaneity you have it made: Five key questions about the grassroots industry	Henry Farrell	8852	https://goodauthority.org/news/if-you-can-fake-spontaneity-you-have-it-made-five-key-questions-about-the-grassroots-industry/	by/2014--mc-if-you-can-fake-spontaneity-you-have-it-made-five-key-questi.md
2014-05-29	2014	Five questions on regulating for-profit colleges	Henry Farrell	6976	https://goodauthority.org/news/five-questions-on-regulating-for-profit-colleges/	by/2014--mc-five-questions-on-regulating-for-profit-colleges.md
2014-05-14	2014	Five key questions about the European Court of Justice's Google decision	Henry Farrell	8385	https://goodauthority.org/news/five-key-questions-about-the-european-court-of-justices-google-decision/	by/2014--mc-five-key-questions-about-the-european-court-of-justices-goog.md
2014-05-14	2014	Five key questions about the European Court of Justice’s Google decision	Henry Farrell	8384	https://goodauthority.org/news/five-key-questions-about-the-european-court-of-justices-google-decision-2/	
2014-05-06	2014	Five key questions – and answers – about how digital culture is hurting art	Henry Farrell	15304	https://goodauthority.org/news/five-key-questions-and-answers-about-how-digital-culture-is-hurting-art/	by/2014--mc-five-key-questions-and-answers-about-how-digital-culture-is.md
2014-05-01	2014	Five key questions – and answers – about the arrest of Gerry Adams	Henry Farrell	6077	https://goodauthority.org/news/five-key-questions-and-answers-about-the-arrest-of-gerry-adams/	by/2014--mc-five-key-questions-and-answers-about-the-arrest-of-gerry-ada.md
2014-04-30	2014	China inflates its GDP statistics	Henry Farrell	3264	https://goodauthority.org/news/china-inflates-its-gdp-statistics/	by/2014--mc-china-inflates-its-gdp-statistics.md
2014-04-25	2014	The political science of cybersecurity V:  Why running hackers through the FBI really isn't a good idea	Henry Farrell	7422	https://goodauthority.org/news/the-political-science-of-cybersecurity-v-why-running-hackers-through-the-fbi-really-isnt-a-good-idea/	by/2014--mc-the-political-science-of-cybersecurity-v-why-running-hackers.md
2014-04-25	2014	The political science of cybersecurity V:  Why running hackers through the FBI really isn’t a good idea	Henry Farrell	7421	https://goodauthority.org/news/the-political-science-of-cybersecurity-v-why-running-hackers-through-the-fbi-really-isnt-a-good-idea-2/	
2014-04-25	2014	Israeli checkpoints fuel support for violence	Henry Farrell	2823	https://goodauthority.org/news/israeli-checkpoints-fuel-support-for-violence/	by/2014--mc-israeli-checkpoints-fuel-support-for-violence.md
2014-04-11	2014	The NSA may have exploited Heartbleed. That's a very, very big deal.	Henry Farrell	3833	https://goodauthority.org/news/the-nsa-may-have-exploited-heartbleed-thats-a-very-very-big-deal/	by/2014--mc-the-nsa-may-have-exploited-heartbleed-thats-a-very-very-big.md
2014-04-11	2014	The NSA may have exploited Heartbleed. That’s a very, very big deal.	Henry Farrell	3833	https://goodauthority.org/news/the-nsa-may-have-exploited-heartbleed-thats-a-very-very-big-deal-2/	
2014-04-01	2014	Five key questions – and answers – about France's election fallout	Henry Farrell	9843	https://goodauthority.org/news/five-key-questions-and-answers-about-frances-election-fallout/	by/2014--mc-five-key-questions-and-answers-about-frances-election-fallou.md
2014-04-01	2014	Five key questions – and answers – about France’s election fallout	Henry Farrell	9842	https://goodauthority.org/news/five-key-questions-and-answers-about-frances-election-fallout-2/	
2014-03-25	2014	Five key questions — and answers — about the OSCE mission in Ukraine	Henry Farrell	6626	https://goodauthority.org/news/five-key-questions-and-answers-about-the-osce-mission-in-ukraine/	by/2014--mc-five-key-questions-and-answers-about-the-osce-mission-in-ukr.md
2014-03-21	2014	Turkey's Twitter ban is not an example of the Streisand Effect	Henry Farrell	4616	https://goodauthority.org/news/turkeys-twitter-ban-is-not-an-example-of-the-streisand-effect/	by/2014--mc-turkeys-twitter-ban-is-not-an-example-of-the-streisand-effec.md
2014-03-21	2014	Turkey’s Twitter ban is not an example of the Streisand Effect	Henry Farrell	4615	https://goodauthority.org/news/turkeys-twitter-ban-is-not-an-example-of-the-streisand-effect-2/	
2014-03-19	2014	The euro is a democratic disaster	Henry Farrell	2788	https://goodauthority.org/news/the-euro-is-a-democratic-disaster/	by/2014--mc-the-euro-is-a-democratic-disaster.md
2014-03-12	2014	The political science of cybersecurity IV: How Edward Snowden helps U.S. deterrence	Henry Farrell	9247	https://goodauthority.org/news/the-political-science-of-cybersecurity-iv-how-edward-snowden-helps-u-s-deterrence/	by/2014--mc-the-political-science-of-cybersecurity-iv-how-edward-snowden.md
2014-03-04	2014	Time to lay the G-8 to rest	Henry Farrell	9531	https://goodauthority.org/news/time-to-lay-the-g-8-to-rest/	by/2014--mc-time-to-lay-the-g-8-to-rest.md
2014-03-02	2014	The 'Russia reset' was already dead; now it’s time for isolation	Henry Farrell	4415	https://goodauthority.org/news/the-russia-reset-was-already-dead-now-its-time-for-isolation/	by/2014--mc-the-russia-reset-was-already-dead-now-its-time-for-isolation.md
2014-03-02	2014	Obama is using the OSCE to give Russia an exit strategy … if it wants one	Henry Farrell	8501	https://goodauthority.org/news/obama-is-using-the-osce-to-give-russia-an-exit-strategy-if-it-wants-one/	by/2014--mc-obama-is-using-the-osce-to-give-russia-an-exit-strategy-if-i.md
2014-02-25	2014	Bitcoin is like Tinkerbell: If people stop clapping, it's going to die	Henry Farrell	2866	https://goodauthority.org/news/bitcoin-is-like-tinkerbell-if-people-stop-clapping-its-going-to-die/	by/2014--mc-bitcoin-is-like-tinkerbell-if-people-stop-clapping-its-going.md
2014-02-24	2014	Snowden-type leaks will force the U.S. to be more transparent	Henry Farrell	4065	https://goodauthority.org/news/snowden-type-leaks-will-force-the-u-s-to-be-more-transparent/	by/2014--mc-snowden-type-leaks-will-force-the-u-s-to-be-more-transparent.md
2014-02-21	2014	Five key questions – and answers – about the threat to Volkswagen investment in the South	Henry Farrell	7109	https://goodauthority.org/news/five-key-questions-and-answers-about-the-threat-to-volkswagen-investment-in-the-south-2/	
2014-02-21	2014	Five key questions – and answers – about the threat to Volkswagen investment in the South	Henry Farrell	6961	https://goodauthority.org/news/five-key-questions-and-answers-about-the-threat-to-volkswagen-investment-in-the-south/	by/2014--mc-five-key-questions-and-answers-about-the-threat-to-volkswage-2.md
2014-02-20	2014	The political science of cybersecurity III – How international relations theory shapes U.S. cybersecurity doctrine	Henry Farrell	12894	https://goodauthority.org/news/the-political-science-of-cybersecurity-iii-how-international-relations-theory-shapes-u-s-cybersecurity-doctrine/	by/2014--mc-the-political-science-of-cybersecurity-iii-how-international.md
2014-02-18	2014	The 'Fragile Five' will not create a new global economic crisis	Henry Farrell	8460	https://goodauthority.org/news/the-fragile-five-will-not-create-a-new-global-economic-crisis/	by/2014--mc-the-fragile-five-will-not-create-a-new-global-economic-crisi.md
2014-02-14	2014	Why a Bitcoin vulnerability has undermined the Silk Road	Henry Farrell	5657	https://goodauthority.org/news/why-a-bitcoin-vulnerability-has-undermined-the-silk-road/	by/2014--mc-why-a-bitcoin-vulnerability-has-undermined-the-silk-road.md
2014-02-12	2014	The political science of cybersecurity II:  Why cryptography is so important	Henry Farrell	9602	https://goodauthority.org/news/the-political-science-of-cybersecurity-ii-why-cryptography-is-so-important/	by/2014--mc-the-political-science-of-cybersecurity-ii-why-cryptography-i.md
2014-02-11	2014	Robert Dahl as mentor	Henry Farrell	20035	https://goodauthority.org/news/robert-dahl-as-mentor/	by/2014--mc-robert-dahl-as-mentor.md
2014-02-10	2014	How the 9/11 Commission helped Edward Snowden	Henry Farrell	6231	https://goodauthority.org/news/how-the-9-11-commission-helped-edward-snowden/	by/2014--mc-how-the-9-11-commission-helped-edward-snowden.md
2014-02-10	2014	Why the Swiss voted to cap immigration	Henry Farrell	9309	https://goodauthority.org/news/why-the-swiss-voted-to-cap-immigration/	by/2014--mc-why-the-swiss-voted-to-cap-immigration.md
2014-02-07	2014	How bond markets police balanced budget rules	Henry Farrell	2708	https://goodauthority.org/news/how-bond-markets-police-balanced-budget-rules/	by/2014--mc-how-bond-markets-police-balanced-budget-rules.md
2014-01-23	2014	The political science of cybersecurity I – why people fight so hard over cybersecurity	Henry Farrell	6098	https://goodauthority.org/news/the-political-science-of-cybersecurity-i-why-people-fight-so-hard-over-cybersecurity/	by/2014--mc-the-political-science-of-cybersecurity-i-why-people-fight-so.md
2014-01-21	2014	Five key questions – and answers – about how our social horizons may shrink as we use more technology	Henry Farrell	6061	https://goodauthority.org/news/five-key-questions-and-answers-about-how-our-social-horizons-may-shrink-as-we-use-more-technology/	by/2014--mc-five-key-questions-and-answers-about-how-our-social-horizons.md
2014-01-16	2014	How government officials get scared by unlikely threats	Henry Farrell	5762	https://goodauthority.org/news/how-government-officials-get-scared-by-unlikely-threats/	by/2014--mc-how-government-officials-get-scared-by-unlikely-threats.md
2014-01-16	2014	Five key questions – and answers – about the Oscar nominations lottery	Henry Farrell	7977	https://goodauthority.org/news/five-key-questions-and-answers-about-the-oscar-nominations-lottery/	by/2014--mc-five-key-questions-and-answers-about-the-oscar-nominations-l.md
2014-01-15	2014	Chasing Oscar nominations is like gambling in the lottery	Henry Farrell	2659	https://goodauthority.org/news/chasing-oscar-nominations-is-like-gambling-in-the-lottery/	by/2014--mc-chasing-oscar-nominations-is-like-gambling-in-the-lottery.md
2014-01-13	2014	How patronage politics ate the Port Authority	Henry Farrell	8549	https://goodauthority.org/news/how-patronage-politics-ate-the-port-authority/	by/2014--mc-how-patronage-politics-ate-the-port-authority.md
2014-01-11	2014	Aaron Swartz died one year ago today	Henry Farrell	502	https://goodauthority.org/news/aaron-swartz-died-one-year-ago-today/	by/2014--mc-aaron-swartz-died-one-year-ago-today.md
2014-01-10	2014	How Christie hurt political science	Henry Farrell	2017	https://goodauthority.org/news/how-christie-hurt-political-science/	by/2014--mc-how-christie-hurt-political-science.md
2014-01-10	2014	The not-quite-as-depressing psychological theory that explains Washington	Henry Farrell	5722	https://goodauthority.org/news/the-not-quite-as-depressing-psychological-theory-that-explains-washington/	by/2014--mc-the-not-quite-as-depressing-psychological-theory-that-explai.md
2013-12-23	2013	Why Putin Bailed Out Ukraine	Henry Farrell	3543	https://goodauthority.org/news/why-putin-bailed-out-ukraine/	by/2013--mc-why-putin-bailed-out-ukraine.md
2013-12-22	2013	Crowd-sourcing American foreign policy	Henry Farrell	5135	https://goodauthority.org/news/crowd-sourcing-american-foreign-policy/	by/2013--mc-crowd-sourcing-american-foreign-policy.md
2013-12-17	2013	Five key questions – and answers – about Iran's social media influence	Henry Farrell	5919	https://goodauthority.org/news/five-key-questions-and-answers-about-irans-social-media-influence/	by/2013--mc-five-key-questions-and-answers-about-irans-social-media-infl.md
2013-12-12	2013	The TPP is not an agreement among like-minded countries	Henry Farrell	9569	https://goodauthority.org/news/the-tpp-is-not-an-agreement-among-like-minded-countries/	by/2013--mc-the-tpp-is-not-an-agreement-among-like-minded-countries.md
2013-12-10	2013	Just two sentences make Americans as pro-welfare as Danes	Henry Farrell	2788	https://goodauthority.org/news/just-two-sentences-make-americans-as-pro-welfare-as-danes/	by/2013--mc-just-two-sentences-make-americans-as-pro-welfare-as-danes.md
2013-12-05	2013	Would new Iran sanctions help U.S. negotiators? Probably not.	Henry Farrell	4803	https://goodauthority.org/news/would-new-iran-sanctions-help-u-s-negotiators-probably-not/	by/2013--mc-would-new-iran-sanctions-help-u-s-negotiators-probably-not.md
2013-11-21	2013	How Valve demonstrates democracy in the workplace	Henry Farrell	7910	https://goodauthority.org/news/how-valve-demonstrates-democracy-in-the-workplace/	by/2013--mc-how-valve-demonstrates-democracy-in-the-workplace.md
2013-11-21	2013	The New York Times is creating a new data-driven journalism venture	Henry Farrell	1019	https://goodauthority.org/news/the-new-york-times-is-creating-a-new-data-driven-journalism-venture/	by/2013--mc-the-new-york-times-is-creating-a-new-data-driven-journalism.md
2013-11-18	2013	The United States is isolated in the Trans-Pacific Partnership negotiations	Henry Farrell	9856	https://goodauthority.org/news/the-united-states-is-isolated-in-the-trans-pacific-partnership-negotiations/	by/2013--mc-the-united-states-is-isolated-in-the-trans-pacific-partnersh.md
2013-11-15	2013	Five key questions – and answers – about the leaked TPP text	Henry Farrell	7375	https://goodauthority.org/news/five-key-questions-and-answers-about-the-leaked-tpp-text/	by/2013--mc-five-key-questions-and-answers-about-the-leaked-tpp-text.md
2013-11-14	2013	Five key questions — and answers — about the nuclear talks with Iran	Henry Farrell	5827	https://goodauthority.org/news/five-key-questions-and-answers-about-the-nuclear-talks-with-iran/	by/2013--mc-five-key-questions-and-answers-about-the-nuclear-talks-with.md
2013-11-11	2013	Cyber-Pearl Harbor is a myth	Henry Farrell	3920	https://goodauthority.org/news/cyber-pearl-harbor-is-a-myth/	by/2013--mc-cyber-pearl-harbor-is-a-myth.md
2013-11-08	2013	The more Americans know about the NSA, the less they like it (or vice versa)	Henry Farrell	2181	https://goodauthority.org/news/the-more-americans-know-about-the-nsa-the-less-they-like-it-or-vice-versa/	by/2013--mc-the-more-americans-know-about-the-nsa-the-less-they-like-it.md
2013-11-06	2013	Why Elizabeth Warren cares about funding the social sciences	Henry Farrell	4192	https://goodauthority.org/news/why-elizabeth-warren-cares-about-funding-the-social-sciences/	by/2013--mc-why-elizabeth-warren-cares-about-funding-the-social-sciences.md
2013-11-05	2013	Our allies' spooks don't just spy on each other. They help each other change the law.	Henry Farrell	2688	https://goodauthority.org/news/our-allies-spooks-dont-just-spy-on-each-other-they-help-each-other-change-the-law/	by/2013--mc-our-allies-spooks-dont-just-spy-on-each-other-they-help-each.md
2013-10-25	2013	Five things you need to know about the transatlantic wiretap scandal	Henry Farrell	9045	https://goodauthority.org/news/five-things-you-need-to-know-about-the-transatlantic-wiretap-scandal/	by/2013--mc-five-things-you-need-to-know-about-the-transatlantic-wiretap.md
2013-10-23	2013	The Merkel phone tap scandal paves the way toward E.U.-U.S. confrontation	Henry Farrell	3283	https://goodauthority.org/news/the-merkel-phone-tap-scandal-paves-the-way-toward-e-u-u-s-confrontation/	by/2013--mc-the-merkel-phone-tap-scandal-paves-the-way-toward-e-u-u-s-co.md
2013-10-22	2013	The U.S. is losing its hypocrisy advantage	Henry Farrell	4203	https://goodauthority.org/news/the-u-s-is-losing-its-hypocrisy-advantage/	by/2013--mc-the-u-s-is-losing-its-hypocrisy-advantage.md
2013-10-17	2013	Why Glenn Greenwald's new media venture is a big deal	Henry Farrell	7733	https://goodauthority.org/news/why-glenn-greenwalds-new-media-venture-is-a-big-deal/	by/2013--mc-why-glenn-greenwalds-new-media-venture-is-a-big-deal.md
2013-10-09	2013	American policy-making is a succession of kludges	Henry Farrell	3075	https://goodauthority.org/news/american-policy-making-is-a-succession-of-kludges/	by/2013--mc-american-policy-making-is-a-succession-of-kludges.md
2013-10-07	2013	Liberal comment trolling polarizes conservatives (but not vice versa), study says	Henry Farrell	1923	https://goodauthority.org/news/liberal-comment-trolling-polarizes-conservatives-but-not-vice-versa-study-says/	by/2013--mc-liberal-comment-trolling-polarizes-conservatives-but-not-vic.md
2013-10-01	2013	Making like a lemming can be tactically smart	Henry Farrell	3302	https://goodauthority.org/news/making-like-a-lemming-can-be-tactically-smart/	by/2013--mc-making-like-a-lemming-can-be-tactically-smart.md
2013-09-26	2013	Some 'Dodgy Doctorates' hurt more than others	Henry Farrell	4894	https://goodauthority.org/news/some-dodgy-doctorates-hurt-more-than-others/	by/2013--mc-some-dodgy-doctorates-hurt-more-than-others.md
2013-09-26	2013	How America Exports Its Gun Problems	Henry Farrell	4040	https://goodauthority.org/news/how-america-exports-its-gun-problems/	by/2013--mc-how-america-exports-its-gun-problems.md
2013-09-19	2013	The Science of Hotness	Henry Farrell	1198	https://goodauthority.org/news/the-science-of-hotness/	by/2013--mc-the-science-of-hotness.md
2013-09-18	2013	Why Do Policy Makers Hate International Relations Scholarship?	Henry Farrell	4573	https://goodauthority.org/news/why-do-policy-makers-hate-international-relations-scholarship/	by/2013--mc-why-do-policy-makers-hate-international-relations-scholarshi.md
2013-09-14	2013	Nate Jensen on publishing articles	Henry Farrell	171	https://goodauthority.org/news/nate-jensen-on-publishing-articles/	by/2013--mc-nate-jensen-on-publishing-articles.md
2013-09-13	2013	Why Are Business Gurus Overconfident Jerks?	Henry Farrell	4729	https://goodauthority.org/news/why-are-business-gurus-overconfident-jerks/	by/2013--mc-why-are-business-gurus-overconfident-jerks.md
2013-09-12	2013	Why Care About the O’Bagy Affair?	Henry Farrell	4002	https://goodauthority.org/news/why-care-about-the-obagy-affair/	by/2013--mc-why-care-about-the-obagy-affair.md
2013-09-09	2013	SWIFT, the NSA and Glenn Greenwald	Henry Farrell	2686	https://goodauthority.org/news/swift-the-nsa-and-glenn-greenwald/	DUPLICATE of by/2013--ct-swift-the-nsa-and-glenn-greenwald.md
2013-09-07	2013	How Slavery Changed the US South	Henry Farrell	1391	https://goodauthority.org/news/how-slavery-changed-the-us-south/	by/2013--mc-how-slavery-changed-the-us-south.md
2013-09-03	2013	Risky political science	Henry Farrell	2652	https://goodauthority.org/news/risky-political-science/	by/2013--mc-risky-political-science.md
2013-08-05	2013	NSF cancels funding round	Henry Farrell	833	https://goodauthority.org/news/nsf-cancels-funding-round/	by/2013--mc-nsf-cancels-funding-round.md
2013-07-30	2013	The NSA and Internet balkanization	Henry Farrell	4672	https://goodauthority.org/news/the-nsa-and-internet-balkanization/	by/2013--mc-the-nsa-and-internet-balkanization.md
2013-07-18	2013	Why You Should Never Trust a Data Scientist	Henry Farrell	2147	https://goodauthority.org/news/why-you-should-never-trust-a-data-scientist/	DUPLICATE of by/2013--ct-why-you-should-never-trust-a-data-scientist.md
2013-07-18	2013	The Political Science of PRISM and International Privacy	Henry Farrell	6720	https://goodauthority.org/news/the-political-science-of-prism-and-international-privacy/	by/2013--mc-the-political-science-of-prism-and-international-privacy.md
2013-07-15	2013	Autism and the social contagion of information	Henry Farrell	4075	https://goodauthority.org/news/autism-and-the-social-contagion-of-information/	by/2013--mc-autism-and-the-social-contagion-of-information.md
2013-07-12	2013	It’s possible indeed	Henry Farrell	1492	https://goodauthority.org/news/its-possible-indeed/	by/2013--mc-its-possible-indeed.md
2013-07-11	2013	Violence as a Source of Trust in Mafia-type Organizations	Henry Farrell	3804	https://goodauthority.org/news/violence-as-a-source-of-trust-in-mafia-type-organizations/	by/2013--mc-violence-as-a-source-of-trust-in-mafia-type-organizations.md
2013-07-11	2013	Robert Putnam on funding the social sciences	Henry Farrell	1504	https://goodauthority.org/news/robert-putnam-on-funding-the-social-sciences/	by/2013--mc-robert-putnam-on-funding-the-social-sciences.md
2013-07-05	2013	Distinguishing Offense from Defense in Cybersecurity	Henry Farrell	4850	https://goodauthority.org/news/distinguishing-offense-from-defense-in-cybersecurity/	by/2013--mc-distinguishing-offense-from-defense-in-cybersecurity.md
2013-06-27	2013	How Cities Compete For Business	Henry Farrell	1771	https://goodauthority.org/news/how-cities-compete-for-business/	by/2013--mc-how-cities-compete-for-business.md
2013-06-26	2013	Conservatives for Better Childcare	Henry Farrell	4561	https://goodauthority.org/news/conservatives-for-better-childcare/	by/2013--mc-conservatives-for-better-childcare.md
2013-06-21	2013	Do Human Rights Treaties Work?	Henry Farrell	1363	https://goodauthority.org/news/do-human-rights-treaties-work/	by/2013--mc-do-human-rights-treaties-work.md
2013-06-10	2013	The Dynamics of Information Diffusion in the Turkish Protests	Henry Farrell	7185	https://goodauthority.org/news/the-dynamics-of-information-diffusion-in-the-turkish-protests/	by/2013--mc-the-dynamics-of-information-diffusion-in-the-turkish-protest.md
2013-06-03	2013	Twitter and the Turkish protests – post-weekend update	Henry Farrell	2337	https://goodauthority.org/news/twitter-and-the-turkish-protests-post-weekend-update/	by/2013--mc-twitter-and-the-turkish-protests-post-weekend-update.md
2013-05-29	2013	Terrorist Expensing	Henry Farrell	2209	https://goodauthority.org/news/terrorist-expensing/	by/2013--mc-terrorist-expensing.md
2013-05-22	2013	The Sociology of Think-Tanks	Henry Farrell	3926	https://goodauthority.org/news/the-sociology-of-think-tanks/	by/2013--mc-the-sociology-of-think-tanks.md
2013-05-20	2013	Does cellphone coverage make violence more likely in Africa?	Henry Farrell	1610	https://goodauthority.org/news/does-cellphone-coverage-make-violence-more-likely-in-africa/	by/2013--mc-does-cellphone-coverage-make-violence-more-likely-in-africa.md
2013-05-03	2013	Jonathan Kirshner on Hollywood	Henry Farrell	1782	https://goodauthority.org/news/jonathan-kirshner-on-hollywood/	by/2013--mc-jonathan-kirshner-on-hollywood.md
2013-04-29	2013	Can Corporate Social Responsibility Improve Labor Standards?	Henry Farrell	2435	https://goodauthority.org/news/can-corporate-social-responsibility-improve-labor-standards/	by/2013--mc-can-corporate-social-responsibility-improve-labor-standards.md
2013-04-25	2013	Political Science is Not Alone	Henry Farrell	1832	https://goodauthority.org/news/political-science-is-not-alone/	by/2013--mc-political-science-is-not-alone.md
2013-04-05	2013	Gender and Citation in International Relations	Henry Farrell	2606	https://goodauthority.org/news/gender-and-citation-in-international-relations/	by/2013--mc-gender-and-citation-in-international-relations.md
2013-04-02	2013	How Did Intellectual Property Become a Free Trade Issue?	Henry Farrell	5169	https://goodauthority.org/news/how-did-intellectual-property-become-a-free-trade-issue/	by/2013--mc-how-did-intellectual-property-become-a-free-trade-issue.md
2013-03-29	2013	Jeff Isaac on the NSF and Political Science	Henry Farrell	6087	https://goodauthority.org/news/jeff-isaac-on-the-nsf-and-political-science/	by/2013--mc-jeff-isaac-on-the-nsf-and-political-science.md
2013-03-25	2013	Did the Iraq War Cause the Great Recession?	Henry Farrell	3657	https://goodauthority.org/news/did-the-iraq-war-cause-the-great-recession/	by/2013--mc-did-the-iraq-war-cause-the-great-recession.md
2013-03-22	2013	The Coburn Amendment Aftermath	Henry Farrell	4194	https://goodauthority.org/news/the-coburn-amendment-aftermath/	by/2013--mc-the-coburn-amendment-aftermath.md
2013-03-18	2013	More on Cybersecurity	Henry Farrell	1612	https://goodauthority.org/news/more-on-cybersecurity/	by/2013--mc-more-on-cybersecurity.md
2013-03-16	2013	Public Service Announcement	Henry Farrell	375	https://goodauthority.org/news/public-service-announcement/	by/2013--mc-public-service-announcement.md
2013-03-11	2013	Three Notes on Ideas and Political Economy	Henry Farrell	12669	https://goodauthority.org/news/three-notes-on-ideas-and-political-economy/	by/2013--mc-three-notes-on-ideas-and-political-economy.md
2013-02-22	2013	Xenophobia and Citizenship in Switzerland	Henry Farrell	2820	https://goodauthority.org/news/xenophobia-and-citizenship-in-switzerland/	by/2013--mc-xenophobia-and-citizenship-in-switzerland.md
2013-02-21	2013	The International Relations of Cybersecurity	Henry Farrell	2856	https://goodauthority.org/news/the-international-relations-of-cybersecurity/	by/2013--mc-the-international-relations-of-cybersecurity.md
2013-02-15	2013	Robert Cottrell on the Value of Academic Blogging	Henry Farrell	4643	https://goodauthority.org/news/robert-cottrell-on-the-value-of-academic-blogging/	by/2013--mc-robert-cottrell-on-the-value-of-academic-blogging.md
2013-02-13	2013	Doctors in the House	Henry Farrell	2577	https://goodauthority.org/news/doctors-in-the-house/	by/2013--mc-doctors-in-the-house.md
2013-02-12	2013	Reforming the American Welfare State	Henry Farrell	4327	https://goodauthority.org/news/reforming-the-american-welfare-state/	by/2013--mc-reforming-the-american-welfare-state.md
2013-01-29	2013	Hilary Mason on data sharing	Henry Farrell	2237	https://goodauthority.org/news/hilary-mason-on-data-sharing/	by/2013--mc-hilary-mason-on-data-sharing.md
2013-01-29	2013	Algorithmic Advertising and Racial Bias	Henry Farrell	2551	https://goodauthority.org/news/algorithmic-advertising-and-racial-bias/	by/2013--mc-algorithmic-advertising-and-racial-bias.md
2013-01-12	2013	Aaron Swartz has died	Henry Farrell	497	https://goodauthority.org/news/aaron-swartz-has-died/	by/2013--mc-aaron-swartz-has-died.md
2013-01-03	2013	A Conversation	Henry Farrell	1477	https://goodauthority.org/news/a-conversation/	by/2013--mc-a-conversation.md
2013-01-01	2013	Duck of Minerva Blogging Awards	Henry Farrell	451	https://goodauthority.org/news/duck-of-minerva-blogging-awards/	by/2013--mc-duck-of-minerva-blogging-awards.md
2012-12-20	2012	Supply Chains and Labour Rights	Henry Farrell	2545	https://goodauthority.org/news/supply-chains-and-labour-rights/	by/2012--mc-supply-chains-and-labour-rights.md
2012-12-11	2012	Albert Hirschman has died	Henry Farrell	882	https://goodauthority.org/news/albert-hirschman-has-died/	by/2012--mc-albert-hirschman-has-died.md
2012-12-06	2012	James on EMU	Henry Farrell	1726	https://goodauthority.org/news/james-on-emu/	by/2012--mc-james-on-emu.md
2012-11-15	2012	Power and Voting in the European Central Bank	Henry Farrell	4805	https://goodauthority.org/news/power-and-voting-in-the-european-central-bank/	by/2012--mc-power-and-voting-in-the-european-central-bank.md
2012-11-13	2012	Evolution, Pundits and Pollsters	Henry Farrell	6208	https://goodauthority.org/news/evolution-pundits-and-pollsters/	by/2012--mc-evolution-pundits-and-pollsters.md
2012-11-09	2012	Geographic Data and the 2012 Election	Henry Farrell	688	https://goodauthority.org/news/geographic-data-and-the-2012-election/	by/2012--mc-geographic-data-and-the-2012-election.md
2012-11-08	2012	The Great Depression’s Lessons for Europe and Greece	Henry Farrell	3209	https://goodauthority.org/news/the-great-depressions-lessons-for-europe-and-greece/	by/2012--mc-the-great-depressions-lessons-for-europe-and-greece.md
2012-11-07	2012	Is Nate Silver Incentive Compatible?	Henry Farrell	2900	https://goodauthority.org/news/is-nate-silver-incentive-compatible/	by/2012--mc-is-nate-silver-incentive-compatible.md
2012-10-24	2012	International Relations Blogger Awards	Henry Farrell	1891	https://goodauthority.org/news/international-relations-blogger-awards/	by/2012--mc-international-relations-blogger-awards.md
2012-10-16	2012	Reports of Media Polarization Effects Have Been Greatly Exaggerated	Henry Farrell	2928	https://goodauthority.org/news/reports-of-media-polarization-effects-have-been-greatly-exaggerated/	by/2012--mc-reports-of-media-polarization-effects-have-been-greatly-exag.md
2012-10-12	2012	Does the EU Deserve Its Nobel Peace Prize?	Henry Farrell	5153	https://goodauthority.org/news/does-the-eu-deserve-its-nobel-peace-prize/	by/2012--mc-does-the-eu-deserve-its-nobel-peace-prize.md
2012-10-10	2012	The Politics of Pinocchios	Henry Farrell	5663	https://goodauthority.org/news/the-politics-of-pinocchios/	by/2012--mc-the-politics-of-pinocchios.md
2012-09-07	2012	Symposium on Timothy Groseclose’s Arguments about Liberal Bias	Henry Farrell	2385	https://goodauthority.org/news/symposium-on-timothy-grosecloses-arguments-about-liberal-bias/	by/2012--mc-symposium-on-timothy-grosecloses-arguments-about-liberal-bia.md
2012-09-04	2012	The International Consequences of US Anti-Bribery Law	Henry Farrell	2296	https://goodauthority.org/news/the-international-consequences-of-us-anti-bribery-law/	by/2012--mc-the-international-consequences-of-us-anti-bribery-law.md
2012-08-29	2012	Karl Marx, Republican	Henry Farrell	2825	https://goodauthority.org/news/karl-marx-republican/	by/2012--mc-karl-marx-republican.md
2012-08-27	2012	APSA Meeting Going Ahead from Thursday	Henry Farrell	1912	https://goodauthority.org/news/apsa-meeting-going-ahead-from-thursday/	by/2012--mc-apsa-meeting-going-ahead-from-thursday.md
2012-08-26	2012	Perspectives on Politics: New Orleans Issue and Panel	Henry Farrell	909	https://goodauthority.org/news/perspectives-on-politics-new-orleans-issue-and-panel/	by/2012--mc-perspectives-on-politics-new-orleans-issue-and-panel.md
2012-08-02	2012	Applying for a Ph.D. in political science	Henry Farrell	154	https://goodauthority.org/news/applying-for-a-ph-d-in-political-science/	by/2012--mc-applying-for-a-ph-d-in-political-science.md
2012-07-31	2012	Shifting Attitudes to the EU	Henry Farrell	2543	https://goodauthority.org/news/shifting-attitudes-to-the-eu/	by/2012--mc-shifting-attitudes-to-the-eu.md
2012-07-31	2012	Milton Friedman’s Thermostat	Henry Farrell	4507	https://goodauthority.org/news/milton-friedmans-thermostat/	by/2012--mc-milton-friedmans-thermostat.md
2012-07-31	2012	Political Sophistication and Sovereign Debt Resettlement	Henry Farrell	1817	https://goodauthority.org/news/political-sophistication-and-sovereign-debt-resettlement/	by/2012--mc-political-sophistication-and-sovereign-debt-resettlement.md
2012-07-16	2012	Are Threats More Credible When They Come from Democracies?	Henry Farrell	3620	https://goodauthority.org/news/are-threats-more-credible-when-they-come-from-democracies/	by/2012--mc-are-threats-more-credible-when-they-come-from-democracies.md
2012-07-11	2012	Twitter and the Arab Spring: New Evidence	Henry Farrell	3018	https://goodauthority.org/news/twitter-and-the-arab-spring-new-evidence/	by/2012--mc-twitter-and-the-arab-spring-new-evidence.md
2012-06-25	2012	The Political Science of the Sherman Theory	Henry Farrell	4914	https://goodauthority.org/news/the-political-science-of-the-sherman-theory/	by/2012--mc-the-political-science-of-the-sherman-theory.md
2012-06-24	2012	Why the Stevens Op-Ed is Wrong	Henry Farrell	11553	https://goodauthority.org/news/why-the-stevens-op-ed-is-wrong/	by/2012--mc-why-the-stevens-op-ed-is-wrong.md
2012-06-23	2012	Two Views of Europe	Henry Farrell	3277	https://goodauthority.org/news/two-views-of-europe/	by/2012--mc-two-views-of-europe.md
2012-06-20	2012	Game of Thrones Attack Ads	Henry Farrell	313	https://goodauthority.org/news/game-of-thrones-attack-ads/	by/2012--mc-game-of-thrones-attack-ads.md
2012-06-16	2012	Black disenfranchisement and economic exploitation in the post-Civil War South	Henry Farrell	1328	https://goodauthority.org/news/black-disenfranchisement-and-economic-exploitation-in-the-post-civil-war-south/	by/2012--mc-black-disenfranchisement-and-economic-exploitation-in-the-po.md
2012-06-14	2012	What the Chinese Government Worries About	Henry Farrell	1354	https://goodauthority.org/news/what-the-chinese-government-worries-about/	by/2012--mc-what-the-chinese-government-worries-about.md
2012-06-11	2012	The Corrupting Influence of Corruption Research	Henry Farrell	2948	https://goodauthority.org/news/the-corrupting-influence-of-corruption-research/	by/2012--mc-the-corrupting-influence-of-corruption-research.md
2012-06-11	2012	What Explains Support for the Welfare State?	Henry Farrell	4195	https://goodauthority.org/news/what-explains-support-for-the-welfare-state/	by/2012--mc-what-explains-support-for-the-welfare-state.md
2012-06-11	2012	APSR open access issue	Henry Farrell	819	https://goodauthority.org/news/apsr-open-access-issue/	by/2012--mc-apsr-open-access-issue.md
2012-06-08	2012	Online Reader on Middle East Politics	Henry Farrell	2291	https://goodauthority.org/news/online-reader-on-middle-east-politics/	by/2012--mc-online-reader-on-middle-east-politics.md
2012-06-05	2012	Charles Lane and the Market for Political Science	Henry Farrell	10355	https://goodauthority.org/news/charles-lane-and-the-market-for-political-science/	by/2012--mc-charles-lane-and-the-market-for-political-science.md
2012-05-24	2012	The political science of the Internet	Henry Farrell	1530	https://goodauthority.org/news/the-political-science-of-the-internet/	
2012-05-24	2012	Alexis Tsipras Thinks He’s Playing Nuclear Chess	Henry Farrell	1322	https://goodauthority.org/news/alexis-tsipras-thinks-hes-playing-nuclear-chess/	by/2012--mc-alexis-tsipras-thinks-hes-playing-nuclear-chess.md
2012-05-23	2012	Cognitive Democracy	Henry Farrell	65525	https://goodauthority.org/news/cognitive-democracy/	DUPLICATE of by/2012--ct-cognitive-democracy.md
2012-05-19	2012	Greece, brinkmanship and the euro, again	Henry Farrell	4772	https://goodauthority.org/news/greece-brinkmanship-and-the-euro-again/	by/2012--mc-greece-brinkmanship-and-the-euro-again.md
2012-05-18	2012	It Came from the Shlaespile!	Henry Farrell	4460	https://goodauthority.org/news/it-came-from-the-shlaespile/	by/2012--mc-it-came-from-the-shlaespile.md
2012-05-17	2012	More on genes and political preferences	Henry Farrell	2147	https://goodauthority.org/news/more-on-genes-and-political-preferences/	by/2012--mc-more-on-genes-and-political-preferences.md
2012-05-17	2012	An unexpected critique of the Coase Theorem	Henry Farrell	893	https://goodauthority.org/news/an-unexpected-critique-of-the-coase-theorem/	by/2012--mc-an-unexpected-critique-of-the-coase-theorem.md
2012-05-12	2012	Are the Fed’s Inflation Forecasts Biased by Partisan Expectations?	Henry Farrell	784	https://goodauthority.org/news/are-the-feds-inflation-forecasts-biased-by-partisan-expectations/	by/2012--mc-are-the-feds-inflation-forecasts-biased-by-partisan-expectat.md
2012-05-09	2012	Threatened Amendment to Defund Political Science	Henry Farrell	777	https://goodauthority.org/news/threatened-amendment-to-defund-political-science/	by/2012--mc-threatened-amendment-to-defund-political-science.md
2012-05-07	2012	Politics in Everything: The Politics of Malicious Denunciations	Henry Farrell	1815	https://goodauthority.org/news/politics-in-everything-the-politics-of-malicious-denunciations/	by/2012--mc-politics-in-everything-the-politics-of-malicious-denunciatio.md
2012-05-04	2012	It’s tough to make predictions …	Henry Farrell	1151	https://goodauthority.org/news/its-tough-to-make-predictions/	by/2012--mc-its-tough-to-make-predictions.md
2012-05-03	2012	Political Scientists elected to NAS	Henry Farrell	385	https://goodauthority.org/news/political-scientists-elected-to-nas/	by/2012--mc-political-scientists-elected-to-nas.md
2012-04-24	2012	Most useless college majors	Henry Farrell	1082	https://goodauthority.org/news/most-useless-college-majors/	by/2012--mc-most-useless-college-majors.md
2012-04-11	2012	Tips for article writers	Henry Farrell	209	https://goodauthority.org/news/tips-for-article-writers/	by/2012--mc-tips-for-article-writers.md
2012-03-28	2012	Politics in Everything: Regional Accents Edition	Henry Farrell	303	https://goodauthority.org/news/politics-in-everything-regional-accents-edition/	by/2012--mc-politics-in-everything-regional-accents-edition.md
2012-03-28	2012	Politics in Everything: Fine Needlework Edition	Henry Farrell	716	https://goodauthority.org/news/politics-in-everything-fine-needlework-edition/	by/2012--mc-politics-in-everything-fine-needlework-edition.md
2012-03-26	2012	XKCD comments on the Tucker/Gelman Question	Henry Farrell	96	https://goodauthority.org/news/xkcd-comments-on-the-tucker-gelman-question/	
2012-03-18	2012	Politics in Everything: Cupcakes Edition	Henry Farrell	1832	https://goodauthority.org/news/politics-in-everything-cupcakes-edition/	by/2012--mc-politics-in-everything-cupcakes-edition.md
2012-03-15	2012	Political Scientists in Public Debate: Movie Criticism Edition	Henry Farrell	1854	https://goodauthority.org/news/political-scientists-in-public-debate-movie-criticism-edition/	by/2012--mc-political-scientists-in-public-debate-movie-criticism-editio.md
2012-03-13	2012	Mapping Public Opinion	Henry Farrell	405	https://goodauthority.org/news/mapping-public-opinion/	by/2012--mc-mapping-public-opinion.md
2012-03-10	2012	The Political Science of Child Soldiering in Africa	Henry Farrell	3856	https://goodauthority.org/news/the-political-science-of-child-soldiering-in-africa/	by/2012--mc-the-political-science-of-child-soldiering-in-africa.md
2012-03-06	2012	The NSF and Big Data in the Social Sciences	Henry Farrell	882	https://goodauthority.org/news/the-nsf-and-big-data-in-the-social-sciences/	by/2012--mc-the-nsf-and-big-data-in-the-social-sciences.md
2012-02-29	2012	Political scientists in public debate	Henry Farrell	1081	https://goodauthority.org/news/political-scientists-in-public-debate-2/	by/2012--mc-political-scientists-in-public-debate-2.md
2012-02-16	2012	The political economy of skills	Henry Farrell	3413	https://goodauthority.org/news/the-political-economy-of-skills/	by/2012--mc-the-political-economy-of-skills.md
2012-02-15	2012	Brinkmanship and the Euro: Still a Bad Idea	Henry Farrell	6334	https://goodauthority.org/news/brinkmanship-and-the-euro-still-a-bad-idea/	by/2012--mc-brinkmanship-and-the-euro-still-a-bad-idea.md
2012-02-03	2012	Is Climate Change Likely to Increase Conflict?	Henry Farrell	1296	https://goodauthority.org/news/is-climate-change-likely-to-increase-conflict/	by/2012--mc-is-climate-change-likely-to-increase-conflict.md
2012-01-26	2012	Fred Bergsten and Jacob Kirkegaard Need to Read Thomas Schelling	Henry Farrell	5476	https://goodauthority.org/news/fred-bergsten-and-jacob-kirkegaard-need-to-read-thomas-schelling/	by/2012--mc-fred-bergsten-and-jacob-kirkegaard-need-to-read-thomas-schel.md
2012-01-13	2012	Google, David Kreps, and the Dread Pirate Roberts Strategy	Henry Farrell	6515	https://goodauthority.org/news/google-david-kreps-and-the-dread-pirate-roberts-strategy/	
2012-01-12	2012	Why Is Inequality Higher in America?	Henry Farrell	6975	https://goodauthority.org/news/why-is-inequality-higher-in-america/	by/2012--mc-why-is-inequality-higher-in-america.md
2012-01-05	2012	How Enduring Is American Economic Inequality?	Henry Farrell	1658	https://goodauthority.org/news/how-enduring-is-american-economic-inequality/	DUPLICATE of by/2012--hfn-how-enduring-is-american-economic-inequality.md
2011-12-30	2011	Tea Party Analysis Analysis Fail	Henry Farrell	3752	https://goodauthority.org/news/tea-party-analysis-analysis-fail/	by/2011--mc-tea-party-analysis-analysis-fail.md
2011-12-23	2011	Tom Pepinsky on causation and comparative politics	Henry Farrell	2459	https://goodauthority.org/news/tom-pepinsky-on-causation-and-comparative-politics/	by/2011--mc-tom-pepinsky-on-causation-and-comparative-politics.md
2011-12-22	2011	Do Low Corporate Tax Rates Attract Inward Investment?	Henry Farrell	2669	https://goodauthority.org/news/do-low-corporate-tax-rates-attract-inward-investment/	by/2011--mc-do-low-corporate-tax-rates-attract-inward-investment.md
2011-12-21	2011	Agency Spending and Partisan Politics	Henry Farrell	3880	https://goodauthority.org/news/agency-spending-and-partisan-politics/	by/2011--mc-agency-spending-and-partisan-politics.md
2011-12-12	2011	Correlation is Not Causation – Really Big Data Edition	Henry Farrell	457	https://goodauthority.org/news/correlation-is-not-causation-really-big-data-edition/	by/2011--mc-correlation-is-not-causation-really-big-data-edition.md
2011-12-07	2011	Annals of Interesting Peer Review Decisions	Henry Farrell	2256	https://goodauthority.org/news/annals-of-interesting-peer-review-decisions/	by/2011--mc-annals-of-interesting-peer-review-decisions.md
2011-12-05	2011	Vanessa Williamson Guestblogging	Henry Farrell	685	https://goodauthority.org/news/vanessa-williamson-guestblogging/	by/2011--mc-vanessa-williamson-guestblogging.md
2011-11-29	2011	3 Quarks Daily Prize	Henry Farrell	1075	https://goodauthority.org/news/3-quarks-daily-prize/	by/2011--mc-3-quarks-daily-prize.md
2011-11-29	2011	Thinking With Models	Henry Farrell	2015	https://goodauthority.org/news/thinking-with-models/	DUPLICATE of by/2011--ct-thinking-with-models.md
2011-11-21	2011	Spain’s Right Turn – The General Election, November 20, 2011	Henry Farrell	3710	https://goodauthority.org/news/spains-right-turn-the-general-election-november-20-2011/	by/2011--mc-spains-right-turn-the-general-election-november-20-2011.md
2011-11-16	2011	Blame the Sociologists	Henry Farrell	3734	https://goodauthority.org/news/blame-the-sociologists/	by/2011--mc-blame-the-sociologists.md
2011-11-05	2011	The Economics Public Sphere	Henry Farrell	3086	https://goodauthority.org/news/the-economics-public-sphere/	by/2011--mc-the-economics-public-sphere.md
2011-10-28	2011	Free Trade II: Free Trade and Intellectual Property	Henry Farrell	5747	https://goodauthority.org/news/free-trade-ii-free-trade-and-intellectual-property/	by/2011--mc-free-trade-ii-free-trade-and-intellectual-property.md
2011-10-28	2011	Free Trade I: Does Free Trade Help Workers’ Rights?	Henry Farrell	1385	https://goodauthority.org/news/free-trade-i-does-free-trade-help-workers-rights/	by/2011--mc-free-trade-i-does-free-trade-help-workers-rights.md
2011-10-26	2011	All that you ever wanted to know about the political economy of small businesses in Italy, but were afraid to ask (and much, much more)	Henry Farrell	6614	https://goodauthority.org/news/all-that-you-ever-wanted-to-know-about-the-political-economy-of-small-businesses-in-italy-but-were-afraid-to-ask-and-much-much-more/	by/2011--mc-all-that-you-ever-wanted-to-know-about-the-political-economy.md
2011-10-24	2011	Welcome to Suzanne Mettler	Henry Farrell	491	https://goodauthority.org/news/welcome-to-suzanne-mettler/	by/2011--mc-welcome-to-suzanne-mettler.md
2011-10-18	2011	The dynamics of Twitter cascades	Henry Farrell	3063	https://goodauthority.org/news/the-dynamics-of-twitter-cascades/	by/2011--mc-the-dynamics-of-twitter-cascades.md
2011-10-13	2011	The Revolution Will Be Quantified	Henry Farrell	185	https://goodauthority.org/news/the-revolution-will-be-quantified/	by/2011--mc-the-revolution-will-be-quantified.md
2011-10-04	2011	Italy and the politics of criminal trials	Henry Farrell	1703	https://goodauthority.org/news/italy-and-the-politics-of-criminal-trials/	by/2011--mc-italy-and-the-politics-of-criminal-trials.md
2011-10-04	2011	Political Science Journals as Indirect Lobbying	Henry Farrell	5545	https://goodauthority.org/news/political-science-journals-as-indirect-lobbying/	by/2011--mc-political-science-journals-as-indirect-lobbying.md
2011-09-30	2011	Occupy Wall Street as a Social Movement	Henry Farrell	2889	https://goodauthority.org/news/occupy-wall-street-as-a-social-movement/	by/2011--mc-occupy-wall-street-as-a-social-movement.md
2011-09-29	2011	Why Don’t We All End Up at Super-Super-Duper Tuesday?	Henry Farrell	1578	https://goodauthority.org/news/why-dont-we-all-end-up-at-super-super-duper-tuesday/	by/2011--mc-why-dont-we-all-end-up-at-super-super-duper-tuesday.md
2011-09-29	2011	Regime Change Doesn’t Work	Henry Farrell	1265	https://goodauthority.org/news/regime-change-doesnt-work/	by/2011--mc-regime-change-doesnt-work.md
2011-09-28	2011	Movie Reviews and Media Bias	Henry Farrell	2718	https://goodauthority.org/news/movie-reviews-and-media-bias/	by/2011--mc-movie-reviews-and-media-bias.md
2011-09-20	2011	How Robert Putnam helped create the Tea Party	Henry Farrell	1550	https://goodauthority.org/news/how-robert-putnam-helped-create-the-tea-party/	by/2011--mc-how-robert-putnam-helped-create-the-tea-party.md
2011-09-19	2011	Did Western Broadcasting Help Spur the East German Revolution?	Henry Farrell	2113	https://goodauthority.org/news/did-western-broadcasting-help-spur-the-east-german-revolution/	by/2011--mc-did-western-broadcasting-help-spur-the-east-german-revolutio.md
2011-09-14	2011	Jim Rosenau Has Died	Henry Farrell	435	https://goodauthority.org/news/jim-rosenau-has-died/	by/2011--mc-jim-rosenau-has-died.md
2011-09-14	2011	The Effects of the Internet on Politics	Henry Farrell	1140	https://goodauthority.org/news/the-effects-of-the-internet-on-politics/	by/2011--mc-the-effects-of-the-internet-on-politics.md
2011-09-09	2011	The Euro and the American Civil War	Henry Farrell	2314	https://goodauthority.org/news/the-euro-and-the-american-civil-war/	by/2011--mc-the-euro-and-the-american-civil-war.md
2011-09-08	2011	Woodrow Wilson Center Fellowships	Henry Farrell	654	https://goodauthority.org/news/woodrow-wilson-center-fellowships/	by/2011--mc-woodrow-wilson-center-fellowships.md
2011-08-21	2011	Peter Mair has died	Henry Farrell	723	https://goodauthority.org/news/peter-mair-has-died/	by/2011--mc-peter-mair-has-died.md
2011-08-18	2011	Institutions and Politics	Henry Farrell	13169	https://goodauthority.org/news/institutions-and-politics/	DUPLICATE of by/2007--ct-institutions-and-politics.md
2011-08-15	2011	Drezner vs. Slaughter	Henry Farrell	18916	https://goodauthority.org/news/drezner-vs-slaughter/	by/2011--mc-drezner-vs-slaughter.md
2011-08-11	2011	Me, the People: Clive Crook, Here We Go Again Edition	Henry Farrell	827	https://goodauthority.org/news/me-the-people-clive-crook-here-we-go-again-edition/	by/2011--mc-me-the-people-clive-crook-here-we-go-again-edition.md
2011-08-10	2011	Do Austerity Measures Increase the Risk of Social Chaos?	Henry Farrell	1049	https://goodauthority.org/news/do-austerity-measures-increase-the-risk-of-social-chaos/	by/2011--mc-do-austerity-measures-increase-the-risk-of-social-chaos.md
2011-08-08	2011	Can bloggers help draw attention to academic papers?	Henry Farrell	1856	https://goodauthority.org/news/can-bloggers-help-draw-attention-to-academic-papers/	by/2011--mc-can-bloggers-help-draw-attention-to-academic-papers.md
2011-08-06	2011	Layna Mosley guestposting	Henry Farrell	333	https://goodauthority.org/news/layna-mosley-guestposting/	by/2011--mc-layna-mosley-guestposting.md
2011-08-04	2011	Jack Goldstone is blogging	Henry Farrell	78	https://goodauthority.org/news/jack-goldstone-is-blogging/	
2011-07-27	2011	Is Twitter Politically Polarized?	Henry Farrell	2195	https://goodauthority.org/news/is-twitter-politically-polarized/	by/2011--mc-is-twitter-politically-polarized.md
2011-07-20	2011	Realpolitik and Dragons	Henry Farrell	3227	https://goodauthority.org/news/realpolitik-and-dragons/	by/2011--mc-realpolitik-and-dragons.md
2011-07-18	2011	Rupert Murdoch and Preference Falsification	Henry Farrell	1496	https://goodauthority.org/news/rupert-murdoch-and-preference-falsification/	by/2011--mc-rupert-murdoch-and-preference-falsification.md
2011-07-10	2011	Does Nudging Explain Differences in Organ Donation Rates?	Henry Farrell	3688	https://goodauthority.org/news/does-nudging-explain-differences-in-organ-donation-rates/	by/2011--mc-does-nudging-explain-differences-in-organ-donation-rates.md
2011-06-28	2011	Unionization and Inequality	Henry Farrell	5546	https://goodauthority.org/news/unionization-and-inequality/	by/2011--mc-unionization-and-inequality.md
2011-06-23	2011	Review, Gary Herrigel’s Manufacturing Possibilities	Henry Farrell	56551	https://goodauthority.org/news/review-gary-herrigels-manufacturing-possibilities/	
2011-06-08	2011	France’s Comparative Advantage: Neo-Liberalism	Henry Farrell	2601	https://goodauthority.org/news/frances-comparative-advantage-neo-liberalism/	by/2011--mc-frances-comparative-advantage-neo-liberalism.md
2011-06-06	2011	Measuring Faculty Productivity (or not)	Henry Farrell	4051	https://goodauthority.org/news/measuring-faculty-productivity-or-not/	by/2011--mc-measuring-faculty-productivity-or-not.md
2011-06-02	2011	Tarrow seminar	Henry Farrell	205	https://goodauthority.org/news/tarrow-seminar/	by/2011--mc-tarrow-seminar.md
2011-06-02	2011	How inequality affects redistributive politics	Henry Farrell	1651	https://goodauthority.org/news/how-inequality-affects-redistributive-politics/	by/2011--mc-how-inequality-affects-redistributive-politics.md
2011-06-01	2011	Where Do Political Donations Come From?	Henry Farrell	3842	https://goodauthority.org/news/where-do-political-donations-come-from/	by/2011--mc-where-do-political-donations-come-from.md
2011-05-27	2011	Horserace commentary	Henry Farrell	210	https://goodauthority.org/news/horserace-commentary/	by/2011--mc-horserace-commentary.md
2011-05-25	2011	Political Theory Tats	Henry Farrell	264	https://goodauthority.org/news/political-theory-tats/	by/2011--mc-political-theory-tats.md
2011-05-19	2011	The Guttenberg elegies	Henry Farrell	2012	https://goodauthority.org/news/the-guttenberg-elegies/	by/2011--mc-the-guttenberg-elegies.md
2011-05-16	2011	Welfare for Gramps	Henry Farrell	1799	https://goodauthority.org/news/welfare-for-gramps/	by/2011--mc-welfare-for-gramps.md
2011-05-13	2011	Should Political Scientists Care More About Politics?	Henry Farrell	1693	https://goodauthority.org/news/should-political-scientists-care-more-about-politics/	by/2011--mc-should-political-scientists-care-more-about-politics.md
2011-05-13	2011	Work in progress	Henry Farrell	201	https://goodauthority.org/news/63457/	by/2011--mc-63457.md
2011-05-12	2011	Fox News as a Social Movement	Henry Farrell	2120	https://goodauthority.org/news/fox-news-as-a-social-movement/	by/2011--mc-fox-news-as-a-social-movement.md
2011-05-11	2011	John Sides and Peggy Noonan: Together at Last!	Henry Farrell	63	https://goodauthority.org/news/john-sides-and-peggy-noonan-together-at-last/	
2011-05-02	2011	Dubious prognoses	Henry Farrell	892	https://goodauthority.org/news/dubious-prognoses/	by/2011--mc-dubious-prognoses.md
2011-04-28	2011	Graeme Robertson on the politics of dictatorship	Henry Farrell	1025	https://goodauthority.org/news/graeme-robertson-on-the-politics-of-dictatorship/	by/2011--mc-graeme-robertson-on-the-politics-of-dictatorship.md
2011-04-28	2011	Repression and Mass Protests in Non-Democratic Regimes	Henry Farrell	1539	https://goodauthority.org/news/repression-and-mass-protests-in-non-democratic-regimes/	by/2011--mc-repression-and-mass-protests-in-non-democratic-regimes.md
2011-04-26	2011	Causality and political networks	Henry Farrell	479	https://goodauthority.org/news/causality-and-political-networks/	by/2011--mc-causality-and-political-networks.md
2011-04-21	2011	Really, Unlock the NSF!	Henry Farrell	2929	https://goodauthority.org/news/really-unlock-the-nsf/	by/2011--mc-really-unlock-the-nsf.md
2011-04-19	2011	Making a Killing	Henry Farrell	1145	https://goodauthority.org/news/making-a-killing/	by/2011--mc-making-a-killing.md
2011-04-17	2011	Unlock the NSF!	Henry Farrell	773	https://goodauthority.org/news/unlock-the-nsf/	by/2011--mc-unlock-the-nsf.md
2011-04-17	2011	Jerome Frank Vindicated	Henry Farrell	1855	https://goodauthority.org/news/jerome-frank-vindicated/	by/2011--mc-jerome-frank-vindicated.md
2011-04-15	2011	Stuff Political Scientists Like	Henry Farrell	1122	https://goodauthority.org/news/stuff-political-scientists-like/	by/2011--mc-stuff-political-scientists-like.md
2011-04-11	2011	The sources of French discrimination against Muslims	Henry Farrell	2874	https://goodauthority.org/news/the-sources-of-french-discrimination-against-muslims/	by/2011--mc-the-sources-of-french-discrimination-against-muslims.md
2011-04-06	2011	The Kaus Factor	Henry Farrell	1397	https://goodauthority.org/news/the-kaus-factor/	by/2011--mc-the-kaus-factor.md
2011-04-04	2011	The Chinese Communist Party and economic growth	Henry Farrell	2828	https://goodauthority.org/news/63304/	by/2011--mc-63304.md
2011-03-29	2011	What Happened to the anti-war movement?	Henry Farrell	1469	https://goodauthority.org/news/what-happened-to-the-anti-war-movement/	by/2011--mc-what-happened-to-the-anti-war-movement.md
2011-03-28	2011	Mapping Political Ideologies with Online Content Analysis	Henry Farrell	2382	https://goodauthority.org/news/mapping-political-ideologies-with-online-content-analysis/	by/2011--mc-mapping-political-ideologies-with-online-content-analysis.md
2011-03-24	2011	Terrorists on Tight Budgets	Henry Farrell	2289	https://goodauthority.org/news/terrorists-on-tight-budgets/	by/2011--mc-terrorists-on-tight-budgets.md
2011-03-17	2011	News sites as bad wikis	Henry Farrell	2855	https://goodauthority.org/news/news-sites-as-bad-wikis/	by/2011--mc-news-sites-as-bad-wikis.md
2011-03-14	2011	Authoritarian personality cults and signalling games	Henry Farrell	3463	https://goodauthority.org/news/authoritarian-personality-cults-and-signalling-games/	by/2011--mc-authoritarian-personality-cults-and-signalling-games.md
2011-03-10	2011	Epistemic closure – climate change edition	Henry Farrell	3656	https://goodauthority.org/news/epistemic-closure-climate-change-edition/	by/2011--mc-epistemic-closure-climate-change-edition.md
2011-03-07	2011	Changing norms for peer review deadlines	Henry Farrell	1276	https://goodauthority.org/news/changing-norms-for-peer-review-deadlines/	by/2011--mc-changing-norms-for-peer-review-deadlines.md
2011-03-02	2011	Data Visualizations in Everything: Plagiarizing Politicians Edition	Henry Farrell	546	https://goodauthority.org/news/data-visualizations-in-everything-plagiarizing-politicians-edition/	by/2011--mc-data-visualizations-in-everything-plagiarizing-politicians-e.md
2011-03-01	2011	Beyond Bed and Bath	Henry Farrell	3113	https://goodauthority.org/news/beyond-bed-and-bath/	by/2011--mc-beyond-bed-and-bath.md
2011-02-28	2011	What Drives Anti-Americanism in Muslim Countries?	Henry Farrell	2794	https://goodauthority.org/news/what-drives-anti-americanism-in-muslim-countries/	by/2011--mc-what-drives-anti-americanism-in-muslim-countries.md
2011-02-16	2011	Realism, schmrealism	Henry Farrell	5561	https://goodauthority.org/news/realism-schmrealism/	DUPLICATE of by/2011--ct-realism-schmrealism.md
2011-02-11	2011	Overcoming collective action problems in Egypt	Henry Farrell	3392	https://goodauthority.org/news/overcoming-collective-action-problems-in-egypt/	by/2011--mc-overcoming-collective-action-problems-in-egypt.md
2011-02-08	2011	The invisible American welfare state	Henry Farrell	1657	https://goodauthority.org/news/the-invisible-american-welfare-state/	by/2011--mc-the-invisible-american-welfare-state.md
2011-02-04	2011	Scholasticism	Henry Farrell	1781	https://goodauthority.org/news/scholasticism/	by/2011--mc-scholasticism.md
2011-01-31	2011	More data is needed …	Henry Farrell	1250	https://goodauthority.org/news/more-data-is-needed/	by/2011--mc-more-data-is-needed.md
2011-01-28	2011	The Power of Prayer	Henry Farrell	3016	https://goodauthority.org/news/the-power-of-prayer/	by/2011--mc-the-power-of-prayer.md
2011-01-27	2011	SBE 2020 Proposals out	Henry Farrell	1458	https://goodauthority.org/news/sbe-2020-proposals-out/	by/2011--mc-sbe-2020-proposals-out.md
2011-01-24	2011	Irish politics: a pre-election primer	Henry Farrell	8964	https://goodauthority.org/news/irish-politics-a-pre-election-primer/	DUPLICATE of by/2011--ct-irish-politics-a-pre-election-primer.md
2011-01-22	2011	Violent Threats Against a Political Scientist	Henry Farrell	5100	https://goodauthority.org/news/violent-threats-against-a-political-scientist/	by/2011--mc-violent-threats-against-a-political-scientist.md
2011-01-21	2011	“One of the Fingers on the Button Will be German”: German Economic Preferences over EU Institutions and the Irish Economic Crisis	Henry Farrell	17798	https://goodauthority.org/news/one-of-the-fingers-on-the-button-will-be-german-german-economic-preferences-over-eu-institutions-and-the-irish-economic-crisis/	
2011-01-18	2011	Seminar: What’s The Deal With Deutschland? The European Consequences of Changes in Germany’s Political Economy	Henry Farrell	2726	https://goodauthority.org/news/seminar-whats-the-deal-with-deutschland-the-european-consequences-of-changes-in-germanys-political-economy/	by/2011--mc-seminar-whats-the-deal-with-deutschland-the-european-consequ.md
2011-01-18	2011	Recent comments	Henry Farrell	285	https://goodauthority.org/news/recent-comments/	by/2011--mc-recent-comments.md
2011-01-18	2011	Pairwise Ranking Ownzored	Henry Farrell	575	https://goodauthority.org/news/pairwise-ranking-ownzored/	by/2011--mc-pairwise-ranking-ownzored.md
2011-01-13	2011	Pairwise Ranking of Political Science Departments	Henry Farrell	1281	https://goodauthority.org/news/pairwise-ranking-of-political-science-departments/	by/2011--mc-pairwise-ranking-of-political-science-departments.md
2011-01-11	2011	Comments feed	Henry Farrell	266	https://goodauthority.org/news/comments-feed/	by/2011--mc-comments-feed.md
2011-01-10	2011	Atmospheric politics	Henry Farrell	2226	https://goodauthority.org/news/atmospheric-politics/	by/2011--mc-atmospheric-politics.md
2011-01-07	2011	When Cosmopolitan Helped Change the Constitution	Henry Farrell	2435	https://goodauthority.org/news/when-cosmopolitan-helped-change-the-constitution/	by/2011--mc-when-cosmopolitan-helped-change-the-constitution.md
2011-01-06	2011	Mad Social Science	Henry Farrell	193	https://goodauthority.org/news/mad-social-science/	by/2011--mc-mad-social-science.md
2011-01-05	2011	Would That Lee Were Alive To See This Day	Henry Farrell	1153	https://goodauthority.org/news/would-that-lee-were-alive-to-see-this-day/	by/2011--mc-would-that-lee-were-alive-to-see-this-day.md
2011-01-04	2011	Measuring Diffusion through errors	Henry Farrell	1447	https://goodauthority.org/news/measuring-diffusion-through-errors/	by/2011--mc-measuring-diffusion-through-errors.md
2011-01-03	2011	What Political Science can give to policy makers	Henry Farrell	6153	https://goodauthority.org/news/what-political-science-can-give-to-policy-makers/	by/2011--mc-what-political-science-can-give-to-policy-makers.md
2011-01-03	2011	“International Political Sociology” as a non-sociological journal	Henry Farrell	3062	https://goodauthority.org/news/international-political-sociology-as-a-non-sociological-journal/	by/2011--mc-international-political-sociology-as-a-non-sociological-jour.md
2010-12-21	2010	There Can Be Only One: Social Sciences Edition	Henry Farrell	480	https://goodauthority.org/news/there-can-be-only-one-social-sciences-edition/	by/2010--mc-there-can-be-only-one-social-sciences-edition.md
2010-12-15	2010	Why Do Europeans Know The Size of Foreign Aid, and Americans Don’t	Henry Farrell	1927	https://goodauthority.org/news/why-do-europeans-know-the-size-of-foreign-aid-and-americans-dont/	by/2010--mc-why-do-europeans-know-the-size-of-foreign-aid-and-americans.md
2010-12-09	2010	Wikileaks and the difference between information and knowledge	Henry Farrell	4849	https://goodauthority.org/news/wikileaks-and-the-difference-between-information-and-knowledge/	by/2010--mc-wikileaks-and-the-difference-between-information-and-knowled.md
2010-12-07	2010	State power and the response to Wikileaks	Henry Farrell	3666	https://goodauthority.org/news/state-power-and-the-response-to-wikileaks/	DUPLICATE of by/2010--ct-state-power-and-the-response-to-wikileaks.md
2010-12-02	2010	Guestblogger: Niamh Hardiman on the Irish Crisis	Henry Farrell	740	https://goodauthority.org/news/guestblogger-niamh-hardiman-on-the-irish-crisis/	by/2010--mc-guestblogger-niamh-hardiman-on-the-irish-crisis.md
2010-11-24	2010	The IMF vs. the ECB: There Can Be Only One	Henry Farrell	3008	https://goodauthority.org/news/the-imf-vs-the-ecb-there-can-be-only-one/	by/2010--mc-the-imf-vs-the-ecb-there-can-be-only-one.md
2010-11-23	2010	APSA 2011	Henry Farrell	385	https://goodauthority.org/news/apsa-2011/	by/2010--mc-apsa-2011.md
2010-11-22	2010	Chalmers Johnson has died	Henry Farrell	279	https://goodauthority.org/news/chalmers-johnson-has-died/	by/2010--mc-chalmers-johnson-has-died.md
2010-11-18	2010	No kudos to The New Republic	Henry Farrell	556	https://goodauthority.org/news/no-kudos-to-the-new-republic/	by/2010--mc-no-kudos-to-the-new-republic.md
2010-11-18	2010	Lifemanship (Academic edition)	Henry Farrell	2774	https://goodauthority.org/news/lifemanship-academic-edition/	by/2010--mc-lifemanship-academic-edition.md
2010-11-17	2010	Voting for Congress and voting for President	Henry Farrell	5370	https://goodauthority.org/news/voting-for-congress-and-voting-for-president/	by/2010--mc-voting-for-congress-and-voting-for-president.md
2010-11-09	2010	What is a party in American politics?	Henry Farrell	2110	https://goodauthority.org/news/what-is-a-party-in-american-politics/	by/2010--mc-what-is-a-party-in-american-politics.md
2010-10-19	2010	Facial Hair in Everything: Politics Edition	Henry Farrell	1945	https://goodauthority.org/news/facial-hair-in-everything-politics-edition/	by/2010--mc-facial-hair-in-everything-politics-edition.md
2010-10-19	2010	Politics in Everything: The Political Economy of Beard Growing	Henry Farrell	1695	https://goodauthority.org/news/politics-in-everything-the-political-economy-of-beard-growing/	by/2010--mc-politics-in-everything-the-political-economy-of-beard-growin.md
2010-10-19	2010	Cakeblogging redux	Henry Farrell	341	https://goodauthority.org/news/cakeblogging-redux/	by/2010--mc-cakeblogging-redux.md
2010-10-18	2010	Should there be a Political Scientist in the White House?	Henry Farrell	4175	https://goodauthority.org/news/should-there-be-a-political-scientist-in-the-white-house/	by/2010--mc-should-there-be-a-political-scientist-in-the-white-house.md
2010-10-17	2010	An anthropologist on political donations	Henry Farrell	2408	https://goodauthority.org/news/an-anthropologist-on-political-donations/	by/2010--mc-an-anthropologist-on-political-donations.md
2010-10-08	2010	Better Cage	Henry Farrell	558	https://goodauthority.org/news/better-cage/	by/2010--mc-better-cage.md
2010-09-30	2010	Politics Everywhere: American Political Science Association Edition	Henry Farrell	2807	https://goodauthority.org/news/politics-everywhere-american-political-science-association-edition/	by/2010--mc-politics-everywhere-american-political-science-association-e.md
2010-09-28	2010	Well, I’m certain this will change a lot of people’s minds	Henry Farrell	1917	https://goodauthority.org/news/well-im-certain-this-will-change-a-lot-of-peoples-minds/	by/2010--mc-well-im-certain-this-will-change-a-lot-of-peoples-minds.md
2010-09-27	2010	The Visual Display of Quantitative Information: Mapping the Spread of Unemployment During the Recession	Henry Farrell	92	https://goodauthority.org/news/the-visual-display-of-quantitative-information-mapping-the-spread-of-unemployment-during-the-recession/	
2010-09-21	2010	When political science counted	Henry Farrell	1593	https://goodauthority.org/news/when-political-science-counted/	by/2010--mc-when-political-science-counted.md
2010-09-14	2010	Blogs and Bullets	Henry Farrell	978	https://goodauthority.org/news/blogs-and-bullets/	by/2010--mc-blogs-and-bullets.md
2010-09-14	2010	PolSci 101: A Partial Dissent	Henry Farrell	4055	https://goodauthority.org/news/polsci-101-a-partial-dissent/	by/2010--mc-polsci-101-a-partial-dissent.md
2010-09-03	2010	Firing PMs	Henry Farrell	1060	https://goodauthority.org/news/firing-pms/	by/2010--mc-firing-pms.md
2010-09-01	2010	Selection bias everywhere: race and dating edition	Henry Farrell	1906	https://goodauthority.org/news/selection-bias-everywhere-race-and-dating-edition/	by/2010--mc-selection-bias-everywhere-race-and-dating-edition.md
2010-08-31	2010	APSA Panels worth attending	Henry Farrell	2991	https://goodauthority.org/news/apsa-panels-worth-attending/	by/2010--mc-apsa-panels-worth-attending.md
2010-08-31	2010	Studies Do Not Show	Henry Farrell	814	https://goodauthority.org/news/studies-do-not-show/	by/2010--mc-studies-do-not-show.md
2010-08-25	2010	Open Access issue on Obama Presidency in Perspectives	Henry Farrell	1644	https://goodauthority.org/news/open-access-issue-on-obama-presidency-in-perspectives/	by/2010--mc-open-access-issue-on-obama-presidency-in-perspectives.md
2010-08-25	2010	Politics Everywhere: Black Steel in the Hour of Chaos edition	Henry Farrell	1923	https://goodauthority.org/news/politics-everywhere-black-steel-in-the-hour-of-chaos-edition/	by/2010--mc-politics-everywhere-black-steel-in-the-hour-of-chaos-edition.md
2010-08-24	2010	The Shrinking Political Science Job Market	Henry Farrell	514	https://goodauthority.org/news/the-shrinking-political-science-job-market/	by/2010--mc-the-shrinking-political-science-job-market.md
2010-08-23	2010	The Death of the Westminster Model?	Henry Farrell	933	https://goodauthority.org/news/the-death-of-the-westminster-model/	by/2010--mc-the-death-of-the-westminster-model.md
2010-08-21	2010	Election Report: Australia	Henry Farrell	16315	https://goodauthority.org/news/election-report-australia/	by/2010--mc-election-report-australia.md
2010-08-04	2010	Politics Everywhere: Why University Websites Suck	Henry Farrell	1611	https://goodauthority.org/news/politics-everywhere-why-university-websites-suck/	by/2010--mc-politics-everywhere-why-university-websites-suck.md
2010-08-03	2010	How Do Aid Organizations Target Relief?	Henry Farrell	1514	https://goodauthority.org/news/how-do-aid-organizations-target-relief/	by/2010--mc-how-do-aid-organizations-target-relief.md
2010-07-30	2010	Political Theory Everywhere: Now I Want to Open My Mind Edition	Henry Farrell	598	https://goodauthority.org/news/political-theory-everywhere-now-i-want-to-open-my-mind-edition/	by/2010--mc-political-theory-everywhere-now-i-want-to-open-my-mind-editi.md
2010-07-27	2010	Politics Everywhere: The Institutionalization of Fine Wine Markets	Henry Farrell	1425	https://goodauthority.org/news/politics-everywhere-the-institutionalization-of-fine-wine-markets/	by/2010--mc-politics-everywhere-the-institutionalization-of-fine-wine-ma.md
2010-07-27	2010	List of publishers in political science	Henry Farrell	296	https://goodauthority.org/news/list-of-publishers-in-political-science/	by/2010--mc-list-of-publishers-in-political-science.md
2010-07-19	2010	Scholasticism in political science redux	Henry Farrell	4702	https://goodauthority.org/news/scholasticism-in-political-science-redux/	by/2010--mc-scholasticism-in-political-science-redux.md
2010-07-16	2010	Horse Race Political Science	Henry Farrell	2129	https://goodauthority.org/news/horse-race-political-science-2/	by/2010--mc-horse-race-political-science-2.md
2010-07-16	2010	The Politics of Drift	Henry Farrell	4232	https://goodauthority.org/news/the-politics-of-drift/	
2010-07-13	2010	Less pundits please	Henry Farrell	3170	https://goodauthority.org/news/less-pundits-please/	by/2010--mc-less-pundits-please.md
2010-07-06	2010	Another Fine Mess	Henry Farrell	3039	https://goodauthority.org/news/another-fine-mess/	by/2010--mc-another-fine-mess.md
2010-07-02	2010	Thanks. But no thanks.	Henry Farrell	589	https://goodauthority.org/news/thanks-but-no-thanks/	by/2010--mc-thanks-but-no-thanks.md
2010-07-02	2010	Gail Collins – Meet the Fabulous Furry Freak Brothers	Henry Farrell	196	https://goodauthority.org/news/gail-collins-meet-the-fabulous-furry-freak-brothers/	by/2010--mc-gail-collins-meet-the-fabulous-furry-freak-brothers.md
2010-07-01	2010	Freeing up Perspectives	Henry Farrell	5372	https://goodauthority.org/news/freeing-up-perspectives/	by/2010--mc-freeing-up-perspectives.md
2010-06-26	2010	Homophily and Causation: Snarking on Journalists Edition	Henry Farrell	1242	https://goodauthority.org/news/homophily-and-causation-snarking-on-journalists-edition/	by/2010--mc-homophily-and-causation-snarking-on-journalists-edition.md
2010-06-24	2010	Paul Staniland	Henry Farrell	614	https://goodauthority.org/news/paul-staniland/	by/2010--mc-paul-staniland.md
2010-06-23	2010	Lego robots, social science and the experimental method	Henry Farrell	1184	https://goodauthority.org/news/lego-robots-social-science-and-the-experimental-method/	by/2010--mc-lego-robots-social-science-and-the-experimental-method.md
2010-06-22	2010	Showing the Spread of MFN Agreements	Henry Farrell	1980	https://goodauthority.org/news/showing-the-spread-of-mfn-agreements/	by/2010--mc-showing-the-spread-of-mfn-agreements.md
2010-06-18	2010	Chait on Noonan	Henry Farrell	1996	https://goodauthority.org/news/chait-on-noonan/	by/2010--mc-chait-on-noonan.md
2010-06-16	2010	Are Econ Students More Likely to be Republican?	Henry Farrell	773	https://goodauthority.org/news/are-econ-students-more-likely-to-be-republican/	by/2010--mc-are-econ-students-more-likely-to-be-republican.md
2010-06-11	2010	Me The People: David Brooks Edition	Henry Farrell	999	https://goodauthority.org/news/me-the-people-david-brooks-edition/	by/2010--mc-me-the-people-david-brooks-edition.md
2010-06-10	2010	Selection bias in the study of chain emails	Henry Farrell	1718	https://goodauthority.org/news/selection-bias-in-the-study-of-chain-emails/	by/2010--mc-selection-bias-in-the-study-of-chain-emails.md
2010-06-03	2010	FiveThirtyEight to the NYT	Henry Farrell	1371	https://goodauthority.org/news/fivethirtyeight-to-the-nyt/	by/2010--mc-fivethirtyeight-to-the-nyt.md
2010-06-01	2010	CJR on polsci blogs and journalism	Henry Farrell	2109	https://goodauthority.org/news/cjr-on-polsci-blogs-and-journalism/	by/2010--mc-cjr-on-polsci-blogs-and-journalism.md
2010-05-19	2010	Visualizing World Peace	Henry Farrell	276	https://goodauthority.org/news/visualizing-world-peace/	by/2010--mc-visualizing-world-peace.md
2010-05-18	2010	Pippa Norris has a posse	Henry Farrell	1995	https://goodauthority.org/news/pippa-norris-has-a-posse/	by/2010--mc-pippa-norris-has-a-posse.md
2010-05-06	2010	Ideological Polarization and the Lib Dem vote.	Henry Farrell	7611	https://goodauthority.org/news/ideological-polarization-and-the-lib-dem-vote/	by/2010--mc-ideological-polarization-and-the-lib-dem-vote.md
2010-05-05	2010	Duverger’s Law and the UK elections	Henry Farrell	1148	https://goodauthority.org/news/duvergers-law-and-the-uk-elections/	by/2010--mc-duvergers-law-and-the-uk-elections.md
2010-05-05	2010	New advances in the visual display of quantitative information	Henry Farrell	630	https://goodauthority.org/news/new-advances-in-the-visual-display-of-quantitative-information/	by/2010--mc-new-advances-in-the-visual-display-of-quantitative-informati.md
2010-05-04	2010	Strategic voting in the UK	Henry Farrell	2966	https://goodauthority.org/news/strategic-voting-in-the-uk/	by/2010--mc-strategic-voting-in-the-uk.md
2010-05-03	2010	The UK election again	Henry Farrell	1459	https://goodauthority.org/news/the-uk-election-again/	by/2010--mc-the-uk-election-again.md
2010-04-29	2010	Contagion and Homophily	Henry Farrell	252	https://goodauthority.org/news/contagion-and-homophily/	by/2010--mc-contagion-and-homophily.md
2010-04-28	2010	Get Your UK Election Forecasting Here	Henry Farrell	1806	https://goodauthority.org/news/get-your-uk-election-forecasting-here/	by/2010--mc-get-your-uk-election-forecasting-here.md
2010-04-27	2010	Drones in Pakistan	Henry Farrell	2333	https://goodauthority.org/news/drones-in-pakistan/	by/2010--mc-drones-in-pakistan.md
2010-04-27	2010	More on epistemic closure	Henry Farrell	5540	https://goodauthority.org/news/more-on-epistemic-closure/	by/2010--mc-more-on-epistemic-closure.md
2010-04-27	2010	The Political Science of Chain Emails	Henry Farrell	2997	https://goodauthority.org/news/the-political-science-of-chain-emails/	by/2010--mc-the-political-science-of-chain-emails.md
2010-04-26	2010	Measuring epistemic closure	Henry Farrell	4168	https://goodauthority.org/news/measuring-epistemic-closure/	by/2010--mc-measuring-epistemic-closure.md
2010-04-25	2010	Bidding starts over electoral reform	Henry Farrell	2394	https://goodauthority.org/news/bidding-starts-over-electoral-reform/	by/2010--mc-bidding-starts-over-electoral-reform.md
2010-04-23	2010	Princeton Readings in American Politics	Henry Farrell	1327	https://goodauthority.org/news/princeton-readings-in-american-politics/	by/2010--mc-princeton-readings-in-american-politics.md
2010-04-23	2010	Incentives for PR after the UK elections	Henry Farrell	1923	https://goodauthority.org/news/incentives-for-pr-after-the-uk-elections/	by/2010--mc-incentives-for-pr-after-the-uk-elections.md
2010-04-16	2010	Presidential debates in comparative perspective	Henry Farrell	3880	https://goodauthority.org/news/presidential-debates-in-comparative-perspective/	by/2010--mc-presidential-debates-in-comparative-perspective.md
2010-04-13	2010	The false hopes effect	Henry Farrell	1110	https://goodauthority.org/news/the-false-hopes-effect/	by/2010--mc-the-false-hopes-effect.md
2010-03-31	2010	Responses to Fabio Rojas	Henry Farrell	2985	https://goodauthority.org/news/responses-to-fabio-rojas/	by/2010--mc-responses-to-fabio-rojas.md
2010-03-25	2010	Feavered speculation	Henry Farrell	4604	https://goodauthority.org/news/feavered-speculation/	by/2010--mc-feavered-speculation.md
2010-03-22	2010	“Me, The People”: Repeat Offender Edition	Henry Farrell	2713	https://goodauthority.org/news/me-the-people-repeat-offender-edition/	by/2010--mc-me-the-people-repeat-offender-edition.md
2010-03-19	2010	Politics Everywhere – UK Edition	Henry Farrell	987	https://goodauthority.org/news/politics-everywhere-uk-edition/	by/2010--mc-politics-everywhere-uk-edition.md
2010-03-18	2010	The Gary King equilibrium	Henry Farrell	2135	https://goodauthority.org/news/the-gary-king-equilibrium/	by/2010--mc-the-gary-king-equilibrium.md
2010-03-15	2010	Read My Lips: Voters Do Not Care About the Legislative Process of Healthcare Reform	Henry Farrell	2249	https://goodauthority.org/news/read-my-lips-voters-do-not-care-about-the-legislative-process-of-healthcare-reform/	by/2010--mc-read-my-lips-voters-do-not-care-about-the-legislative-proces.md
2010-03-09	2010	If only politics were everywhere: a call for political action	Henry Farrell	661	https://goodauthority.org/news/if-only-politics-were-everywhere-a-call-for-political-action/	by/2010--mc-if-only-politics-were-everywhere-a-call-for-political-action.md
2010-03-09	2010	Politics Everywhere: Oscar Nominations and Self-Reinforcing Electorate Edition	Henry Farrell	961	https://goodauthority.org/news/politics-everywhere-oscar-nominations-and-self-reinforcing-electorate-edition/	by/2010--mc-politics-everywhere-oscar-nominations-and-self-reinforcing-e.md
2010-03-08	2010	Greek Pensions and Democratic Commitment Problems	Henry Farrell	2669	https://goodauthority.org/news/greek-pensions-and-democratic-commitment-problems/	by/2010--mc-greek-pensions-and-democratic-commitment-problems.md
2010-03-02	2010	COIN and selection effects	Henry Farrell	6785	https://goodauthority.org/news/coin-and-selection-effects/	by/2010--mc-coin-and-selection-effects.md
2010-03-02	2010	Trust and the Economy: Journalists Getting It Wrong Edition	Henry Farrell	4435	https://goodauthority.org/news/trust-and-the-economy-journalists-getting-it-wrong-edition/	by/2010--mc-trust-and-the-economy-journalists-getting-it-wrong-edition.md
2010-03-01	2010	Me, I’m looking forward to the HRB hearings	Henry Farrell	488	https://goodauthority.org/news/me-im-looking-forward-to-the-hrb-hearings/	by/2010--mc-me-im-looking-forward-to-the-hrb-hearings.md
2010-02-25	2010	The Order of Things	Henry Farrell	2776	https://goodauthority.org/news/the-order-of-things/	by/2010--mc-the-order-of-things.md
2010-02-17	2010	Good Writing in Political Science	Henry Farrell	20538	https://goodauthority.org/news/good-writing-in-political-science/	DUPLICATE of by/2010--ct-good-writing-in-political-science.md
2010-02-13	2010	The Vreelander	Henry Farrell	106	https://goodauthority.org/news/the-vreelander/	
2010-02-10	2010	Barb Koremenos on Lee	Henry Farrell	3123	https://goodauthority.org/news/barb-koremenos-on-lee/	by/2010--mc-barb-koremenos-on-lee.md
2010-02-06	2010	The Sigelman Number	Henry Farrell	1307	https://goodauthority.org/news/the-sigelman-number/	by/2010--mc-the-sigelman-number.md
2010-02-05	2010	Vote-counting as spectator sport	Henry Farrell	3730	https://goodauthority.org/news/vote-counting-as-spectator-sport/	by/2010--mc-vote-counting-as-spectator-sport.md
2010-02-04	2010	Politics Everywhere: Aid and Disaster Relief Edition	Henry Farrell	4740	https://goodauthority.org/news/politics-everywhere-aid-and-disaster-relief-edition/	by/2010--mc-politics-everywhere-aid-and-disaster-relief-edition.md
2010-01-29	2010	Free polsci journals for you	Henry Farrell	864	https://goodauthority.org/news/free-polsci-journals-for-you/	by/2010--mc-free-polsci-journals-for-you.md
2010-01-29	2010	Independent is Just Another Word for Loser	Henry Farrell	3135	https://goodauthority.org/news/independent-is-just-another-word-for-loser/	by/2010--mc-independent-is-just-another-word-for-loser.md
2010-01-25	2010	The industrial organization of the Lord’s Resistance Army	Henry Farrell	1152	https://goodauthority.org/news/the-industrial-organization-of-the-lords-resistance-army/	by/2010--mc-the-industrial-organization-of-the-lords-resistance-army.md
2010-01-23	2010	Downsizing political theory	Henry Farrell	1291	https://goodauthority.org/news/downsizing-political-theory/	by/2010--mc-downsizing-political-theory.md
2010-01-21	2010	Clinton on the Internets	Henry Farrell	1324	https://goodauthority.org/news/clinton-on-the-internets/	by/2010--mc-clinton-on-the-internets.md
2010-01-13	2010	If you build it, they won’t necessarily come	Henry Farrell	2323	https://goodauthority.org/news/if-you-build-it-they-wont-necessarily-come/	by/2010--mc-if-you-build-it-they-wont-necessarily-come.md
2010-01-11	2010	Who Graded Gregory Watson?	Henry Farrell	1110	https://goodauthority.org/news/who-graded-gregory-watson/	by/2010--mc-who-graded-gregory-watson.md
2009-12-29	2009	Lee’s blogging	Henry Farrell	4069	https://goodauthority.org/news/lees-blogging/	by/2009--mc-lees-blogging.md
2009-12-23	2009	The weirder the better	Henry Farrell	2327	https://goodauthority.org/news/the-weirder-the-better/	by/2009--mc-the-weirder-the-better.md
2009-12-18	2009	Briefs/panties OR lucky ticket!	Henry Farrell	125	https://goodauthority.org/news/briefs-panties-or-lucky-ticket/	
2009-12-18	2009	Netroots v. Wonkosphere	Henry Farrell	5027	https://goodauthority.org/news/netroots-v-wonkosphere/	by/2009--mc-netroots-v-wonkosphere.md
2009-12-12	2009	Lin Ostrom in Stockholm	Henry Farrell	128	https://goodauthority.org/news/lin-ostrom-in-stockholm/	
2009-12-09	2009	Marx not v. Smith	Henry Farrell	2381	https://goodauthority.org/news/marx-not-v-smith/	by/2009--mc-marx-not-v-smith.md
2009-12-06	2009	It’s baby-talk? he’s sick? or is it German?	Henry Farrell	1858	https://goodauthority.org/news/its-baby-talk-hes-sick-or-is-it-german/	by/2009--mc-its-baby-talk-hes-sick-or-is-it-german.md
2009-11-30	2009	The Political Economy of Debt	Henry Farrell	1778	https://goodauthority.org/news/the-political-economy-of-debt/	by/2009--mc-the-political-economy-of-debt.md
2009-11-23	2009	The political science of gays in the military	Henry Farrell	1417	https://goodauthority.org/news/the-political-science-of-gays-in-the-military/	by/2009--mc-the-political-science-of-gays-in-the-military.md
2009-11-19	2009	The Political Economy of Trust	Henry Farrell	2097	https://goodauthority.org/news/the-political-economy-of-trust/	by/2009--mc-the-political-economy-of-trust.md
2009-11-12	2009	STV and party identification	Henry Farrell	5558	https://goodauthority.org/news/stv-and-party-identification/	by/2009--mc-stv-and-party-identification.md
2009-11-03	2009	Weighted variables	Henry Farrell	693	https://goodauthority.org/news/weighted-variables/	by/2009--mc-weighted-variables.md
2009-11-01	2009	Political Scientists as phrase-coiners	Henry Farrell	1187	https://goodauthority.org/news/political-scientists-as-phrase-coiners/	by/2009--mc-political-scientists-as-phrase-coiners.md
2009-10-27	2009	The Political Science of #CNNfail	Henry Farrell	2979	https://goodauthority.org/news/the-political-science-of-cnnfail/	by/2009--mc-the-political-science-of-cnnfail.md
2009-10-25	2009	The “guitar groups are on the way out” problem	Henry Farrell	714	https://goodauthority.org/news/the-guitar-groups-are-on-the-way-out-problem/	by/2009--mc-the-guitar-groups-are-on-the-way-out-problem.md
2009-10-25	2009	Inquire Within: Answers to Political Science Questions	Henry Farrell	3489	https://goodauthority.org/news/inquire-within-answers-to-political-science-questions/	by/2009--mc-inquire-within-answers-to-political-science-questions.md
2009-10-19	2009	Politics Everywhere: Bloody in Tooth and Claw Edition	Henry Farrell	18	https://goodauthority.org/news/politics-everywhere-bloody-in-tooth-and-claw-edition/	
2009-10-16	2009	What is the value of political science?	Henry Farrell	3596	https://goodauthority.org/news/what-is-the-value-of-political-science/	by/2009--mc-what-is-the-value-of-political-science.md
2009-10-14	2009	Political science as waterboarding	Henry Farrell	2035	https://goodauthority.org/news/political-science-as-waterboarding/	by/2009--mc-political-science-as-waterboarding.md
2009-10-08	2009	Senators, Congresscritters and the Social Sciences	Henry Farrell	2083	https://goodauthority.org/news/senators-congresscritters-and-the-social-sciences/	by/2009--mc-senators-congresscritters-and-the-social-sciences.md
2009-10-03	2009	Election Analysis series – The Lisbon Treaty Referendum in Ireland	Henry Farrell	5771	https://goodauthority.org/news/election-analysis-series-the-lisbon-treaty-referendum-in-ireland/	by/2009--mc-election-analysis-series-the-lisbon-treaty-referendum-in-ire.md
2009-10-02	2009	Reality 3, the Onion 1	Henry Farrell	395	https://goodauthority.org/news/reality-3-the-onion-1/	by/2009--mc-reality-3-the-onion-1.md
2009-10-02	2009	The Political Impact of Keynesian Ideas	Henry Farrell	3108	https://goodauthority.org/news/the-political-impact-of-keynesian-ideas/	by/2009--mc-the-political-impact-of-keynesian-ideas.md
2009-09-29	2009	Not So Much of a Bueno de Mesquita	Henry Farrell	292	https://goodauthority.org/news/not-so-much-of-a-bueno-de-mesquita/	by/2009--mc-not-so-much-of-a-bueno-de-mesquita.md
2009-09-27	2009	Pay snooping	Henry Farrell	1254	https://goodauthority.org/news/pay-snooping/	by/2009--mc-pay-snooping.md
2009-09-22	2009	Project Gaydar	Henry Farrell	2174	https://goodauthority.org/news/project-gaydar/	by/2009--mc-project-gaydar.md
2009-09-22	2009	Political anthropology	Henry Farrell	3347	https://goodauthority.org/news/political-anthropology/	by/2009--mc-political-anthropology.md
2009-09-21	2009	Ignite and APSA	Henry Farrell	2331	https://goodauthority.org/news/ignite-and-apsa/	by/2009--mc-ignite-and-apsa.md
2009-09-17	2009	Bringing home the bacon: an alternative perspective	Henry Farrell	2283	https://goodauthority.org/news/bringing-home-the-bacon-an-alternative-perspective/	by/2009--mc-bringing-home-the-bacon-an-alternative-perspective.md
2009-09-16	2009	Another good reason to elect women to Congress	Henry Farrell	2072	https://goodauthority.org/news/another-good-reason-to-elect-women-to-congress/	by/2009--mc-another-good-reason-to-elect-women-to-congress.md
2009-09-11	2009	Comparing the language of inaugural addresses	Henry Farrell	1532	https://goodauthority.org/news/comparing-the-language-of-inaugural-addresses/	by/2009--mc-comparing-the-language-of-inaugural-addresses.md
2009-08-26	2009	Wrong Tomorrow	Henry Farrell	1201	https://goodauthority.org/news/wrong-tomorrow/	by/2009--mc-wrong-tomorrow.md
2009-08-25	2009	Political Cleavages	Henry Farrell	946	https://goodauthority.org/news/political-cleavages/	by/2009--mc-political-cleavages.md
2009-08-24	2009	The Secret History of World War III	Henry Farrell	2091	https://goodauthority.org/news/the-secret-history-of-world-war-iii/	by/2009--mc-the-secret-history-of-world-war-iii.md
2009-08-20	2009	Ideologies and perspectives	Henry Farrell	3722	https://goodauthority.org/news/ideologies-and-perspectives/	by/2009--mc-ideologies-and-perspectives.md
2009-08-20	2009	New(ish) Afghanistan-Pakistan blog	Henry Farrell	273	https://goodauthority.org/news/newish-afghanistan-pakistan-blog/	by/2009--mc-newish-afghanistan-pakistan-blog.md
2009-08-08	2009	Is this a first for a political scientist?	Henry Farrell	668	https://goodauthority.org/news/is-this-a-first-for-a-political-scientist/	by/2009--mc-is-this-a-first-for-a-political-scientist.md
2009-07-31	2009	Athenian Democracy	Henry Farrell	3247	https://goodauthority.org/news/athenian-democracy/	by/2009--mc-athenian-democracy.md
2009-07-29	2009	RSS feeds for IR journals	Henry Farrell	164	https://goodauthority.org/news/rss-feeds-for-ir-journals/	by/2009--mc-rss-feeds-for-ir-journals.md
2009-07-27	2009	Pedantry and pooling equilibria	Henry Farrell	2624	https://goodauthority.org/news/pedantry-and-pooling-equilibria/	by/2009--mc-pedantry-and-pooling-equilibria.md
2009-07-24	2009	Contracting Sovereignty	Henry Farrell	2901	https://goodauthority.org/news/contracting-sovereignty/	by/2009--mc-contracting-sovereignty.md
2009-07-18	2009	Who wants to be a political science major?	Henry Farrell	2437	https://goodauthority.org/news/who-wants-to-be-a-political-science-major/	by/2009--mc-who-wants-to-be-a-political-science-major.md
2009-07-15	2009	More on Getting Rid of Polls	Henry Farrell	4283	https://goodauthority.org/news/more-on-getting-rid-of-polls/	by/2009--mc-more-on-getting-rid-of-polls.md
2009-07-14	2009	Holiday Reading	Henry Farrell	1705	https://goodauthority.org/news/holiday-reading/	by/2009--mc-holiday-reading.md
2009-07-09	2009	Teles on the battle over health care	Henry Farrell	3446	https://goodauthority.org/news/teles-on-the-battle-over-health-care/	by/2009--mc-teles-on-the-battle-over-health-care.md
2009-07-06	2009	Academic home-pages	Henry Farrell	1688	https://goodauthority.org/news/academic-home-pages/	by/2009--mc-academic-home-pages.md
2009-07-03	2009	Lee Sigelman, Eat Your Heart Out	Henry Farrell	1314	https://goodauthority.org/news/lee-sigelman-eat-your-heart-out/	by/2009--mc-lee-sigelman-eat-your-heart-out.md
2009-07-02	2009	What’s Happening with Political Theory?	Henry Farrell	372	https://goodauthority.org/news/whats-happening-with-political-theory/	by/2009--mc-whats-happening-with-political-theory.md
2009-06-30	2009	Redistribution and National Identity	Henry Farrell	5796	https://goodauthority.org/news/redistribution-and-national-identity/	by/2009--mc-redistribution-and-national-identity.md
2009-06-25	2009	Politics Everywhere: Oscar Voting Edition	Henry Farrell	4549	https://goodauthority.org/news/politics-everywhere-oscar-voting-edition/	by/2009--mc-politics-everywhere-oscar-voting-edition.md
2009-06-25	2009	Irish Political Science/Economics Cage-Fight!	Henry Farrell	2927	https://goodauthority.org/news/irish-political-science-economics-cage-fight/	by/2009--mc-irish-political-science-economics-cage-fight.md
2009-06-23	2009	The Trouble with Larry?	Henry Farrell	4747	https://goodauthority.org/news/the-trouble-with-larry/	by/2009--mc-the-trouble-with-larry.md
2009-06-18	2009	And Yet More on Twitter and Iran	Henry Farrell	3662	https://goodauthority.org/news/and-yet-more-on-twitter-and-iran/	by/2009--mc-and-yet-more-on-twitter-and-iran.md
2009-06-18	2009	Mebane on possible electoral fraud in Iran	Henry Farrell	2120	https://goodauthority.org/news/mebane-on-possible-electoral-fraud-in-iran/	by/2009--mc-mebane-on-possible-electoral-fraud-in-iran.md
2009-06-17	2009	Information Cascades and the Iranian Protests	Henry Farrell	6006	https://goodauthority.org/news/information-cascades-and-the-iranian-protests/	by/2009--mc-information-cascades-and-the-iranian-protests.md
2009-06-16	2009	The Twitter revolution debate: a summary	Henry Farrell	4783	https://goodauthority.org/news/the-twitter-revolution-debate-a-summary/	by/2009--mc-the-twitter-revolution-debate-a-summary.md
2009-06-15	2009	What If We Twittered the Revolution and Nobody Came?	Henry Farrell	4855	https://goodauthority.org/news/what-if-we-twittered-the-revolution-and-nobody-came/	by/2009--mc-what-if-we-twittered-the-revolution-and-nobody-came.md
2009-06-12	2009	Free Articles on the Deplorable State of IPE	Henry Farrell	11494	https://goodauthority.org/news/free-articles-on-the-deplorable-state-of-ipe/	by/2009--mc-free-articles-on-the-deplorable-state-of-ipe.md
2009-06-08	2009	A professor’s prayer	Henry Farrell	388	https://goodauthority.org/news/a-professors-prayer/	by/2009--mc-a-professors-prayer.md
2009-06-04	2009	A Bluffer’s Guide to the European Parliament	Henry Farrell	4354	https://goodauthority.org/news/a-bluffers-guide-to-the-european-parliament/	by/2009--mc-a-bluffers-guide-to-the-european-parliament.md
2009-06-01	2009	Jeffrey Rosen leaves the blogosphere	Henry Farrell	2836	https://goodauthority.org/news/jeffrey-rosen-leaves-the-blogosphere/	by/2009--mc-jeffrey-rosen-leaves-the-blogosphere.md
2009-05-29	2009	Conservatives Copying Liberals Copying Conservatives	Henry Farrell	2699	https://goodauthority.org/news/conservatives-copying-liberals-copying-conservatives/	by/2009--mc-conservatives-copying-liberals-copying-conservatives.md
2009-05-25	2009	Friend Sense	Henry Farrell	1802	https://goodauthority.org/news/friend-sense-2/	by/2009--mc-friend-sense-2.md
2009-05-22	2009	Sciences-Po	Henry Farrell	1134	https://goodauthority.org/news/sciences-po/	by/2009--mc-sciences-po.md
2009-05-19	2009	I won’t touch that except to say that I’d have paid a lot to see Wolfram and Jacques Derrida go one-on-one	Henry Farrell	2384	https://goodauthority.org/news/i-wont-touch-that-except-to-say-that-id-have-paid-a-lot-to-see-wolfram-and-jacques-derrida-go-one-on-one/	by/2009--mc-i-wont-touch-that-except-to-say-that-id-have-paid-a-lot-to-s.md
2009-05-18	2009	So the economists weren’t to blame for the financial crisis	Henry Farrell	1383	https://goodauthority.org/news/so-the-economists-werent-to-blame-for-the-financial-crisis/	by/2009--mc-so-the-economists-werent-to-blame-for-the-financial-crisis.md
2009-05-15	2009	Predicting the European Parliament	Henry Farrell	1843	https://goodauthority.org/news/predicting-the-european-parliament/	by/2009--mc-predicting-the-european-parliament.md
2009-05-14	2009	What Do Social Scientists Want? (and Why Is It Different From What Journalists and Politicians are Looking For)?	Henry Farrell	4909	https://goodauthority.org/news/what-do-social-scientists-want-and-why-is-it-different-from-what-journalists-and-politicians-are-looking-for/	by/2009--mc-what-do-social-scientists-want-and-why-is-it-different-from.md
2009-05-05	2009	Binghamton or Bellagio? Your Call	Henry Farrell	1211	https://goodauthority.org/news/binghamton-or-bellagio-your-call/	by/2009--mc-binghamton-or-bellagio-your-call.md
2009-05-02	2009	Tax regressivity and the welfare state (number one in a series of enthralling blogpost titles)	Henry Farrell	2250	https://goodauthority.org/news/tax-regressivity-and-the-welfare-state-number-one-in-a-series-of-enthralling-blogpost-titles/	by/2009--mc-tax-regressivity-and-the-welfare-state-number-one-in-a-serie.md
2009-04-28	2009	EU Profiler	Henry Farrell	1097	https://goodauthority.org/news/eu-profiler/	by/2009--mc-eu-profiler.md
2009-04-24	2009	A call to arms …	Henry Farrell	2226	https://goodauthority.org/news/a-call-to-arms/	by/2009--mc-a-call-to-arms.md
2009-04-24	2009	The Positive Side of Punditry	Henry Farrell	1400	https://goodauthority.org/news/the-positive-side-of-punditry/	by/2009--mc-the-positive-side-of-punditry.md
2009-04-22	2009	Hedgehogs and Foxes	Henry Farrell	2911	https://goodauthority.org/news/hedgehogs-and-foxes/	by/2009--mc-hedgehogs-and-foxes.md
2009-04-16	2009	Comparativists with policy chops	Henry Farrell	1269	https://goodauthority.org/news/comparativists-with-policy-chops/	by/2009--mc-comparativists-with-policy-chops.md
2009-04-16	2009	Using clustering algorithms to organize edited volumes	Henry Farrell	1802	https://goodauthority.org/news/using-clustering-algorithms-to-organize-edited-volumes/	by/2009--mc-using-clustering-algorithms-to-organize-edited-volumes.md
2009-04-15	2009	Political Science, Irrelevance of: Discuss	Henry Farrell	3486	https://goodauthority.org/news/political-science-irrelevance-of-discuss/	by/2009--mc-political-science-irrelevance-of-discuss.md
2009-04-14	2009	Samuel Beer memorial service	Henry Farrell	2637	https://goodauthority.org/news/samuel-beer-memorial-service/	by/2009--mc-samuel-beer-memorial-service.md
2009-04-08	2009	Samuel Beer has died	Henry Farrell	216	https://goodauthority.org/news/samuel-beer-has-died/	by/2009--mc-samuel-beer-has-died.md
2009-04-07	2009	Are we in another Great Depression?	Henry Farrell	762	https://goodauthority.org/news/are-we-in-another-great-depression/	by/2009--mc-are-we-in-another-great-depression.md
2009-04-07	2009	The Year in Political Geography	Henry Farrell	359	https://goodauthority.org/news/the-year-in-political-geography/	by/2009--mc-the-year-in-political-geography.md
2009-04-03	2009	Mapping Donations to Senators	Henry Farrell	1152	https://goodauthority.org/news/mapping-donations-to-senators/	by/2009--mc-mapping-donations-to-senators.md
2009-04-02	2009	Disciplining the European Court of Human Rights	Henry Farrell	5252	https://goodauthority.org/news/disciplining-the-european-court-of-human-rights/	by/2009--mc-disciplining-the-european-court-of-human-rights.md
2009-03-26	2009	Andrew Gelman, Avert Your Eyes!	Henry Farrell	1402	https://goodauthority.org/news/andrew-gelman-avert-your-eyes/	by/2009--mc-andrew-gelman-avert-your-eyes.md
2009-03-23	2009	EPSR, not APSR	Henry Farrell	576	https://goodauthority.org/news/epsr-not-apsr/	by/2009--mc-epsr-not-apsr.md
2009-03-19	2009	Hiring networks in law and political science	Henry Farrell	3141	https://goodauthority.org/news/hiring-networks-in-law-and-political-science/	by/2009--mc-hiring-networks-in-law-and-political-science.md
2009-03-17	2009	Anti-social capital	Henry Farrell	2271	https://goodauthority.org/news/anti-social-capital/	by/2009--mc-anti-social-capital.md
2009-03-17	2009	Welcome to Melissa Schwartzberg	Henry Farrell	769	https://goodauthority.org/news/welcome-to-melissa-schwartzberg/	by/2009--mc-welcome-to-melissa-schwartzberg.md
2009-03-12	2009	Political scientists in public debate	Henry Farrell	5874	https://goodauthority.org/news/political-scientists-in-public-debate/	by/2009--mc-political-scientists-in-public-debate.md
2009-03-11	2009	Political Scientists vs. Political Journalists	Henry Farrell	2096	https://goodauthority.org/news/political-scientists-vs-political-journalists/	by/2009--mc-political-scientists-vs-political-journalists.md
2009-03-10	2009	XKCD Again	Henry Farrell	157	https://goodauthority.org/news/xkcd-again/	by/2009--mc-xkcd-again.md
2009-03-05	2009	Polit’bistro	Henry Farrell	830	https://goodauthority.org/news/politbistro/	by/2009--mc-politbistro.md
2009-03-05	2009	So What’s Up Docs?	Henry Farrell	500	https://goodauthority.org/news/so-whats-up-docs/	by/2009--mc-so-whats-up-docs.md
2009-03-04	2009	What’s wrong with international political economy?	Henry Farrell	4428	https://goodauthority.org/news/whats-wrong-with-international-political-economy/	by/2009--mc-whats-wrong-with-international-political-economy.md
2009-03-03	2009	Parties as Networks	Henry Farrell	2439	https://goodauthority.org/news/parties-as-networks/	by/2009--mc-parties-as-networks.md
2009-02-25	2009	Newspapers, blogs and partisanship	Henry Farrell	3872	https://goodauthority.org/news/newspapers-blogs-and-partisanship/	by/2009--mc-newspapers-blogs-and-partisanship.md
2009-02-25	2009	Incumbency and expenditure bleg	Henry Farrell	467	https://goodauthority.org/news/incumbency-and-expenditure-bleg/	by/2009--mc-incumbency-and-expenditure-bleg.md
2009-02-23	2009	Hacker on healthcare and institutional change	Henry Farrell	5654	https://goodauthority.org/news/hacker-on-healthcare-and-institutional-change/	by/2009--mc-hacker-on-healthcare-and-institutional-change.md
2009-02-18	2009	Panic in Detroit	Henry Farrell	3269	https://goodauthority.org/news/panic-in-detroit/	by/2009--mc-panic-in-detroit.md
2009-02-14	2009	IR Theory is for Lovers	Henry Farrell	1035	https://goodauthority.org/news/ir-theory-is-for-lovers/	by/2009--mc-ir-theory-is-for-lovers.md
2009-02-13	2009	Some tentative evidence for a hypothetical claim	Henry Farrell	2841	https://goodauthority.org/news/some-tentative-evidence-for-a-hypothetical-claim/	by/2009--mc-some-tentative-evidence-for-a-hypothetical-claim.md
2009-02-11	2009	If our friends are no use, how about our colleagues?	Henry Farrell	5836	https://goodauthority.org/news/if-our-friends-are-no-use-how-about-our-colleagues/	by/2009--mc-if-our-friends-are-no-use-how-about-our-colleagues.md
2009-02-05	2009	Significance Testing	Henry Farrell	258	https://goodauthority.org/news/significance-testing/	by/2009--mc-significance-testing.md
2009-02-03	2009	A hypothetical claim in search of evidence	Henry Farrell	2013	https://goodauthority.org/news/a-hypothetical-claim-in-search-of-evidence/	by/2009--mc-a-hypothetical-claim-in-search-of-evidence.md
2009-01-28	2009	On the Side of the Angels symposium	Henry Farrell	551	https://goodauthority.org/news/on-the-side-of-the-angels-symposium/	by/2009--mc-on-the-side-of-the-angels-symposium.md
2009-01-26	2009	Suhay et al. on twin studies and genetic explanations	Henry Farrell	1692	https://goodauthority.org/news/suhay-et-al-on-twin-studies-and-genetic-explanations/	by/2009--mc-suhay-et-al-on-twin-studies-and-genetic-explanations.md
2009-01-15	2009	Chain email and interest groups	Henry Farrell	1809	https://goodauthority.org/news/chain-email-and-interest-groups/	by/2009--mc-chain-email-and-interest-groups.md
2009-01-13	2009	Turnout, political science and popular debate	Henry Farrell	3415	https://goodauthority.org/news/turnout-political-science-and-popular-debate/	by/2009--mc-turnout-political-science-and-popular-debate.md
2009-01-08	2009	Unipolarity is what states make of it	Henry Farrell	4615	https://goodauthority.org/news/unipolarity-is-what-states-make-of-it/	by/2009--mc-unipolarity-is-what-states-make-of-it.md
2009-01-06	2009	Partisanship, journalism and political science	Henry Farrell	5623	https://goodauthority.org/news/partisanship-journalism-and-political-science/	by/2009--mc-partisanship-journalism-and-political-science.md
2009-01-05	2009	Political experiments and political strategies	Henry Farrell	3836	https://goodauthority.org/news/political-experiments-and-political-strategies/	by/2009--mc-political-experiments-and-political-strategies.md
2008-12-22	2008	Is the Obama administration to the right of Congress?	Henry Farrell	2853	https://goodauthority.org/news/is-the-obama-administration-to-the-right-of-congress/	by/2008--mc-is-the-obama-administration-to-the-right-of-congress.md
2008-12-18	2008	The political economy of mortgage defaults	Henry Farrell	2649	https://goodauthority.org/news/the-political-economy-of-mortgage-defaults/	by/2008--mc-the-political-economy-of-mortgage-defaults.md
2008-12-15	2008	Working papers and published articles	Henry Farrell	2087	https://goodauthority.org/news/working-papers-and-published-articles/	by/2008--mc-working-papers-and-published-articles.md
2008-12-12	2008	The Internet and the Obama campaign	Henry Farrell	2266	https://goodauthority.org/news/the-internet-and-the-obama-campaign/	by/2008--mc-the-internet-and-the-obama-campaign.md
2008-12-05	2008	Where’s the American Working Class?	Henry Farrell	2383	https://goodauthority.org/news/wheres-the-american-working-class/	by/2008--mc-wheres-the-american-working-class.md
2008-12-04	2008	Will Obama Continue to Build the Democratic Party Organization?	Henry Farrell	6692	https://goodauthority.org/news/will-obama-continue-to-build-the-democratic-party-organization/	by/2008--mc-will-obama-continue-to-build-the-democratic-party-organizati.md
2008-11-29	2008	Are Political Scientists Stupider than Economists but Smarter than Sociologists?	Henry Farrell	964	https://goodauthority.org/news/are-political-scientists-stupider-than-economists-but-smarter-than-sociologists/	by/2008--mc-are-political-scientists-stupider-than-economists-but-smarte.md
2008-11-24	2008	Who Cares Whether There’s An Electoral Realignment?	Henry Farrell	4948	https://goodauthority.org/news/who-cares-whether-theres-an-electoral-realignment/	by/2008--mc-who-cares-whether-theres-an-electoral-realignment.md
2008-11-17	2008	Bagels in DC	Henry Farrell	829	https://goodauthority.org/news/bagels-in-dc/	by/2008--mc-bagels-in-dc.md
2008-11-13	2008	The Republican Party’s Blind Spot	Henry Farrell	3952	https://goodauthority.org/news/the-republican-partys-blind-spot/	by/2008--mc-the-republican-partys-blind-spot.md
2008-11-11	2008	Colomer on Miller/Schofield	Henry Farrell	355	https://goodauthority.org/news/colomer-on-miller-schofield/	by/2008--mc-colomer-on-miller-schofield.md
2008-11-05	2008	Turnout	Henry Farrell	1111	https://goodauthority.org/news/turnout/	by/2008--mc-turnout.md
2008-11-02	2008	Early voting resources	Henry Farrell	600	https://goodauthority.org/news/early-voting-resources/	by/2008--mc-early-voting-resources.md
2008-10-30	2008	Nixonland panel	Henry Farrell	894	https://goodauthority.org/news/nixonland-panel/	by/2008--mc-nixonland-panel.md
2008-10-22	2008	McCain: The Measure of a Maverick	Henry Farrell	1676	https://goodauthority.org/news/mccain-the-measure-of-a-maverick/	by/2008--mc-mccain-the-measure-of-a-maverick.md
2008-10-20	2008	The political economy of inequality	Henry Farrell	4070	https://goodauthority.org/news/the-political-economy-of-inequality/	by/2008--mc-the-political-economy-of-inequality.md
2008-10-14	2008	Do incumbent governments do better in economic crises?	Henry Farrell	3961	https://goodauthority.org/news/do-incumbent-governments-do-better-in-economic-crises/	by/2008--mc-do-incumbent-governments-do-better-in-economic-crises.md
2008-10-13	2008	Paul Krugman, Political Scientist?	Henry Farrell	1228	https://goodauthority.org/news/paul-krugman-political-scientist/	by/2008--mc-paul-krugman-political-scientist.md
2008-10-08	2008	Americanists and political economy	Henry Farrell	3273	https://goodauthority.org/news/americanists-and-political-economy/	by/2008--mc-americanists-and-political-economy.md
2008-10-07	2008	Bartels on partisan realignment and the Great Depression	Henry Farrell	3853	https://goodauthority.org/news/bartels-on-partisan-realignment-and-the-great-depression/	by/2008--mc-bartels-on-partisan-realignment-and-the-great-depression.md
2008-09-26	2008	The bailout debate and partisan realignment	Henry Farrell	5142	https://goodauthority.org/news/the-bailout-debate-and-partisan-realignment/	by/2008--mc-the-bailout-debate-and-partisan-realignment.md
2008-09-26	2008	Genes and political attitudes	Henry Farrell	3023	https://goodauthority.org/news/genes-and-political-attitudes/	by/2008--mc-genes-and-political-attitudes.md
2008-09-24	2008	Clinton vs. Eichengreen on the origins of the crisis	Henry Farrell	3426	https://goodauthority.org/news/clinton-vs-eichengreen-on-the-origins-of-the-crisis/	by/2008--mc-clinton-vs-eichengreen-on-the-origins-of-the-crisis.md
2008-09-19	2008	The mechanisms of the democratic peace	Henry Farrell	1262	https://goodauthority.org/news/the-mechanisms-of-the-democratic-peace/	by/2008--mc-the-mechanisms-of-the-democratic-peace.md
2008-09-16	2008	Television as educator	Henry Farrell	1135	https://goodauthority.org/news/television-as-educator/	by/2008--mc-television-as-educator.md
2008-09-08	2008	Academics, journalists and hot-button issues	Henry Farrell	3865	https://goodauthority.org/news/academics-journalists-and-hot-button-issues/	by/2008--mc-academics-journalists-and-hot-button-issues.md
2008-09-03	2008	Disciplinary peeve of the day	Henry Farrell	1919	https://goodauthority.org/news/disciplinary-peeve-of-the-day/	by/2008--mc-disciplinary-peeve-of-the-day.md
2008-09-03	2008	Fiona McGillivray has died	Henry Farrell	1160	https://goodauthority.org/news/fiona-mcgillivray-has-died/	by/2008--mc-fiona-mcgillivray-has-died.md
2008-08-26	2008	Monkeys at the Zoo	Henry Farrell	6295	https://goodauthority.org/news/monkeys-at-the-zoo/	by/2008--mc-monkeys-at-the-zoo.md
2008-08-26	2008	Noted without comment	Henry Farrell	1837	https://goodauthority.org/news/noted-without-comment/	by/2008--mc-noted-without-comment.md
2008-08-21	2008	Bridging the gulf	Henry Farrell	1605	https://goodauthority.org/news/bridging-the-gulf/	by/2008--mc-bridging-the-gulf.md
2008-08-21	2008	Political Science among the punditocracy	Henry Farrell	606	https://goodauthority.org/news/political-science-among-the-punditocracy/	by/2008--mc-political-science-among-the-punditocracy.md
2008-08-20	2008	Are US Attorneys biased?	Henry Farrell	3027	https://goodauthority.org/news/are-us-attorneys-biased/	by/2008--mc-are-us-attorneys-biased.md
2008-08-06	2008	UFOs again	Henry Farrell	10499	https://goodauthority.org/news/ufos-again/	by/2008--mc-ufos-again.md
2008-08-04	2008	… But You Won’t Find it That Way (Duvall and Wendt respond on Sovereignty and the UFO)	Henry Farrell	7787	https://goodauthority.org/news/but-you-wont-find-it-that-way-duvall-and-wendt-respond-on-sovereignty-and-the-ufo/	by/2008--mc-but-you-wont-find-it-that-way-duvall-and-wendt-respond-on-so.md
2008-08-04	2008	UFOs and International Relations II – The Levels of Analysis Problem	Henry Farrell	179	https://goodauthority.org/news/ufos-and-international-relations-ii-the-levels-of-analysis-problem/	by/2008--mc-ufos-and-international-relations-ii-the-levels-of-analysis-p.md
2008-07-31	2008	The Truth is out there	Henry Farrell	12370	https://goodauthority.org/news/the-truth-is-out-there/	by/2008--mc-the-truth-is-out-there.md
2008-07-25	2008	and this time they’re going to pay for it …	Henry Farrell	122	https://goodauthority.org/news/and-this-time-theyre-going-to-pay-for-it/	
2008-07-21	2008	The Netroots and the ‘Far Left’	Henry Farrell	5582	https://goodauthority.org/news/the-netroots-and-the-far-left/	by/2008--mc-the-netroots-and-the-far-left.md
2008-07-09	2008	Greif v. Edwards and Ogilvie	Henry Farrell	852	https://goodauthority.org/news/greif-v-edwards-and-ogilvie/	by/2008--mc-greif-v-edwards-and-ogilvie.md
2008-07-08	2008	Yellow dogs no more	Henry Farrell	1005	https://goodauthority.org/news/yellow-dogs-no-more/	by/2008--mc-yellow-dogs-no-more.md
2008-07-08	2008	Inequality and information among conservatives and liberals	Henry Farrell	2697	https://goodauthority.org/news/inequality-and-information-among-conservatives-and-liberals/	by/2008--mc-inequality-and-information-among-conservatives-and-liberals.md
2008-06-25	2008	Political Scientist killed in Iraq	Henry Farrell	432	https://goodauthority.org/news/political-scientist-killed-in-iraq/	by/2008--mc-political-scientist-killed-in-iraq.md
2008-06-25	2008	PS in the (sort of) MSM	Henry Farrell	569	https://goodauthority.org/news/ps-in-the-sort-of-msm/	by/2008--mc-ps-in-the-sort-of-msm.md
2008-06-24	2008	Variable 666	Henry Farrell	2691	https://goodauthority.org/news/variable-666/	by/2008--mc-variable-666.md
2008-06-20	2008	Isn’t the last of these a Maurice Sendak book?	Henry Farrell	1270	https://goodauthority.org/news/isnt-the-last-of-these-a-maurice-sendak-book/	by/2008--mc-isnt-the-last-of-these-a-maurice-sendak-book.md
2008-06-19	2008	Move over APSR?	Henry Farrell	1185	https://goodauthority.org/news/move-over-apsr/	by/2008--mc-move-over-apsr.md
2008-06-10	2008	Legitimating the EU	Henry Farrell	6629	https://goodauthority.org/news/legitimating-the-eu/	by/2008--mc-legitimating-the-eu.md
2008-05-30	2008	Saudi political scientist arrested by secret police	Henry Farrell	3576	https://goodauthority.org/news/saudi-political-scientist-arrested-by-secret-police/	by/2008--mc-saudi-political-scientist-arrested-by-secret-police.md
2008-04-22	2008	Momentum and Legitimacy in Presidential Primaries	Henry Farrell	2403	https://goodauthority.org/news/momentum-and-legitimacy-in-presidential-primaries/	by/2008--mc-momentum-and-legitimacy-in-presidential-primaries.md
2008-04-21	2008	New blog	Henry Farrell	745	https://goodauthority.org/news/new-blog/	by/2008--mc-new-blog.md
2008-04-14	2008	Biffos and Buffalos	Henry Farrell	977	https://goodauthority.org/news/biffos-and-buffalos/	by/2008--mc-biffos-and-buffalos.md
2008-04-11	2008	Hangover Treatments	Henry Farrell	2246	https://goodauthority.org/news/hangover-treatments/	by/2008--mc-hangover-treatments.md
2008-04-08	2008	Olympic politics	Henry Farrell	2802	https://goodauthority.org/news/olympic-politics/	by/2008--mc-olympic-politics.md
2008-04-05	2008	More on networks and donations	Henry Farrell	2108	https://goodauthority.org/news/more-on-networks-and-donations/	by/2008--mc-more-on-networks-and-donations.md
2008-04-05	2008	Annals of Improbable Research	Henry Farrell	1320	https://goodauthority.org/news/annals-of-improbable-research/	by/2008--mc-annals-of-improbable-research.md
2008-04-04	2008	Networks in politics	Henry Farrell	1364	https://goodauthority.org/news/networks-in-politics/	by/2008--mc-networks-in-politics.md
2008-04-01	2008	Piecework, Political Economy and the Internet	Henry Farrell	7158	https://goodauthority.org/news/piecework-political-economy-and-the-internet/	DUPLICATE of by/2008--ct-piecework-political-economy-and-the-internet.md
2008-04-01	2008	Fafblog is back	Henry Farrell	567	https://goodauthority.org/news/fafblog-is-back/	by/2008--mc-fafblog-is-back.md
2008-03-24	2008	The perquisites of office	Henry Farrell	1849	https://goodauthority.org/news/the-perquisites-of-office/	by/2008--mc-the-perquisites-of-office.md
2008-03-15	2008	Games terrorists play	Henry Farrell	2749	https://goodauthority.org/news/games-terrorists-play/	by/2008--mc-games-terrorists-play.md
2008-03-10	2008	The Visual Display of Quantitative Information	Henry Farrell	101	https://goodauthority.org/news/the-visual-display-of-quantitative-information/	
2008-03-07	2008	But for the Grace of God &c	Henry Farrell	2374	https://goodauthority.org/news/but-for-the-grace-of-god-c/	DUPLICATE of by/2008--ct-but-for-the-grace-of-god-c.md
2008-03-03	2008	Deliberation vs. participation in blogs	Henry Farrell	6076	https://goodauthority.org/news/deliberation-vs-participation-in-blogs/	DUPLICATE of by/2008--ct-deliberation-vs-participation-in-blogs.md
2008-02-27	2008	Academic ethics and social science	Henry Farrell	6940	https://goodauthority.org/news/academic-ethics-and-social-science/	by/2008--mc-academic-ethics-and-social-science.md
2008-02-25	2008	The real reason why Dani Rodrik is not a political scientist	Henry Farrell	2200	https://goodauthority.org/news/the-real-reason-why-dani-rodrik-is-not-a-political-scientist/	by/2008--mc-the-real-reason-why-dani-rodrik-is-not-a-political-scientist.md
2008-02-21	2008	Drezner on political science methodology and Walt/Mearsheimer	Henry Farrell	5125	https://goodauthority.org/news/drezner-on-political-science-methodology-and-walt-mearsheimer/	by/2008--mc-drezner-on-political-science-methodology-and-walt-mearsheime.md
2008-02-20	2008	The blogging life	Henry Farrell	168	https://goodauthority.org/news/the-blogging-life/	by/2008--mc-the-blogging-life.md
2008-02-15	2008	Think Tank Sociology	Henry Farrell	6760	https://goodauthority.org/news/think-tank-sociology/	DUPLICATE of by/2008--ct-think-tank-sociology.md
2008-02-13	2008	On the other hand	Henry Farrell	169	https://goodauthority.org/news/on-the-other-hand/	by/2008--mc-on-the-other-hand.md
2008-02-11	2008	10,000 years	Henry Farrell	143	https://goodauthority.org/news/10000-years/	
2008-02-11	2008	Accounting for terrorism	Henry Farrell	4788	https://goodauthority.org/news/accounting-for-terrorism/	by/2008--mc-accounting-for-terrorism.md
2008-02-06	2008	Rational irrationality	Henry Farrell	5094	https://goodauthority.org/news/rational-irrationality/	by/2008--mc-rational-irrationality.md
2008-02-06	2008	Conservative and liberal bloggers	Henry Farrell	5634	https://goodauthority.org/news/conservative-and-liberal-bloggers/	by/2008--mc-conservative-and-liberal-bloggers.md
