date	title	url	file	chars
2007-03-19	Two Questions	https://hapgood.us/2007/03/19/hello-world-3/	by/2007--hapgood-hello-world-3.md	423
2007-05-30	ePortfolios, Durability, and the Black Binder Test	https://hapgood.us/2007/05/30/eportfolios-durability-and-the-black-binder-test/	by/2007--hapgood-eportfolios-durability-and-the-black-binder-test.md	3761
2007-06-01	Systemantics Thought for the Day: Loose Systems Less Hostile to Human Life	https://hapgood.us/2007/06/01/systemantics-thought-for-the-day-loose-systems-less-hostile-to-human-life/	by/2007--hapgood-systemantics-thought-for-the-day-loose-systems-less-hostile.md	1454
2007-06-04	Seth Godin: Blow up your Home Page	https://hapgood.us/2007/06/04/blow-up-your-home-page/	by/2007--hapgood-blow-up-your-home-page.md	1096
2007-06-15	My first e-learning experience (1981)	https://hapgood.us/2007/06/15/my-first-e-learning-experience-1981/	by/2007--hapgood-my-first-e-learning-experience-1981.md	1092
2007-06-15	Michael Gorman wins Gold Medal for Irony	https://hapgood.us/2007/06/15/9/	by/2007--hapgood-9.md	1497
2007-06-17	Enterprise Learning Systems Considered Harmful to Learning	https://hapgood.us/2007/06/17/enterprise-learning-systems-considered-harmful-to-learning/	by/2007--hapgood-enterprise-learning-systems-considered-harmful-to-learning.md	2150
2007-06-21	WordPress MU and eportfolio reporting requirements	https://hapgood.us/2007/06/21/wordpress-mu-and-eportfolio-reporting-requirements/	by/2007--hapgood-wordpress-mu-and-eportfolio-reporting-requirements.md	1576
2007-06-22	Twitter as Identity System?	https://hapgood.us/2007/06/22/twitter-as-identity-system/	by/2007--hapgood-twitter-as-identity-system.md	391
2007-06-22	Messaging, Phatic Overhead, and the Right to Connect	https://hapgood.us/2007/06/22/messaging-and-phatic-overhead/	by/2007--hapgood-messaging-and-phatic-overhead.md	3770
2007-06-25	Twittergram	https://hapgood.us/2007/06/25/twittergram/	by/2007--hapgood-twittergram.md	181
2007-06-25	Twittergram #2: Can we plug Jott into this?	https://hapgood.us/2007/06/25/twittergram-2-can-we-plug-jott-into-this/	by/2007--hapgood-twittergram-2-can-we-plug-jott-into-this.md	603
2007-06-25	Universal Grammar, meet the Black Swan	https://hapgood.us/2007/06/25/universal-grammar-meet-the-black-swan/	by/2007--hapgood-universal-grammar-meet-the-black-swan.md	2418
2007-06-26	John Willinsky and the Ten Years War	https://hapgood.us/2007/06/26/john-willinsky-and-the-ten-years-war/	by/2007--hapgood-john-willinsky-and-the-ten-years-war.md	2364
2007-06-29	The Humanity of Loose Systems	https://hapgood.us/2007/06/29/the-humanity-of-loose-systems-2/	by/2007--hapgood-the-humanity-of-loose-systems-2.md	1803
2007-07-03	Offline thinking	https://hapgood.us/2007/07/03/offline-thinking/	by/2007--hapgood-offline-thinking.md	5941
2007-07-06	ISA, HASA, and the Inverted LMS	https://hapgood.us/2007/07/06/isa-hasa-and-the-inverted-lms/	by/2007--hapgood-isa-hasa-and-the-inverted-lms.md	3703
2007-07-12	Inverted LMS Revisited: The various uses of containers	https://hapgood.us/2007/07/12/inverted-lms-revisited-the-various-uses-of-containers/	by/2007--hapgood-inverted-lms-revisited-the-various-uses-of-containers.md	6205
2007-07-13	Twittergram Rock: Last Time You Were Here	https://hapgood.us/2007/07/13/twittergram-rock-last-time-you-were-here/	by/2007--hapgood-twittergram-rock-last-time-you-were-here.md	214
2007-07-13	Marc Andreessen Supports the Inverted LMS (sort of)	https://hapgood.us/2007/07/13/marc-andreessen-supports-the-inverted-lms-sort-of/	by/2007--hapgood-marc-andreessen-supports-the-inverted-lms-sort-of.md	1802
2007-07-23	Send Bloggers	https://hapgood.us/2007/07/23/send-bloggers/	by/2007--hapgood-send-bloggers.md	2166
2007-07-24	It’s not just Experts vs. Amateurs. It’s Experts vs. Experts in Something Else.	https://hapgood.us/2007/07/24/its-not-just-experts-vs-amateurs-its-experts-vs-experts-in-something-else/	by/2007--hapgood-its-not-just-experts-vs-amateurs-its-experts-vs-experts-in-s.md	3112
2007-07-25	In Which I Meet Our (Other) Allies	https://hapgood.us/2007/07/25/in-which-we-meet-our-allies/	by/2007--hapgood-in-which-we-meet-our-allies.md	3700
2007-07-26	You’re already out there	https://hapgood.us/2007/07/26/youre-already-out-there/	by/2007--hapgood-youre-already-out-there.md	1978
2007-07-27	Goal-based scenario/simulation vs. learning 2.0	https://hapgood.us/2007/07/27/simulation-vs-learning-20/	by/2007--hapgood-simulation-vs-learning-20.md	5704
2007-07-30	Electronic Textbooks and CommentPress	https://hapgood.us/2007/07/30/electronic-textbooks-and-commentpress/	by/2007--hapgood-electronic-textbooks-and-commentpress.md	584
2007-07-30	Where will the wave come from?	https://hapgood.us/2007/07/30/where-will-the-wave-come-from/	by/2007--hapgood-where-will-the-wave-come-from.md	2389
2007-07-31	EPortaro demonstration today (any help?)	https://hapgood.us/2007/07/31/eportaro-demonstration-today-any-help/	by/2007--hapgood-eportaro-demonstration-today-any-help.md	539
2007-07-31	Loosely coupled assessment	https://hapgood.us/2007/07/31/loosely-coupled-assessment/	by/2007--hapgood-loosely-coupled-assessment.md	2244
2007-08-01	Leigh Blackall: Teaching is Dead, Long Live Learning	https://hapgood.us/2007/08/01/leigh-blackall-teaching-is-dead-long-live-learning/	by/2007--hapgood-leigh-blackall-teaching-is-dead-long-live-learning.md	1291
2007-08-03	Prometheus Meets the Enterprise Management System	https://hapgood.us/2007/08/03/prometheus-meets-the-enterprise-management-system/	by/2007--hapgood-prometheus-meets-the-enterprise-management-system.md	1767
2007-08-06	Panels	https://hapgood.us/2007/08/06/panels/	by/2007--hapgood-panels.md	1338
2007-08-07	First 35 claims of Blackboard’s patent ruled invalid	https://hapgood.us/2007/08/07/first-35-claims-of-blackboards-patent-ruled-invalid/	by/2007--hapgood-first-35-claims-of-blackboards-patent-ruled-invalid.md	241
2007-08-08	Progress on loosely coupled assessment	https://hapgood.us/2007/08/08/progress-on-loosely-coupled-assessment/	by/2007--hapgood-progress-on-loosely-coupled-assessment.md	2943
2007-08-10	There is no “tech”. Get over it.	https://hapgood.us/2007/08/10/there-is-no-tech-get-over-it/	by/2007--hapgood-there-is-no-tech-get-over-it.md	1638
2007-08-16	At eportfolio workshop	https://hapgood.us/2007/08/16/at-eportfolio-workshop/	by/2007--hapgood-at-eportfolio-workshop.md	262
2007-08-21	Giving your students a toolbelt	https://hapgood.us/2007/08/21/giving-your-students-a-toolbelt/	by/2007--hapgood-giving-your-students-a-toolbelt.md	1293
2007-08-22	The college as student/project matchmaker	https://hapgood.us/2007/08/22/the-college-as-matchmaker/	by/2007--hapgood-the-college-as-matchmaker.md	4001
2007-08-22	The SmallWonder arrives	https://hapgood.us/2007/08/22/the-smallwonder-arrives/	by/2007--hapgood-the-smallwonder-arrives.md	594
2007-08-28	Announcing the Learning 2.0 Pecha Kucha Contest	https://hapgood.us/2007/08/28/announcing-the-learning-20-pecha-kucha-contest/	by/2007--hapgood-announcing-the-learning-20-pecha-kucha-contest.md	993
2007-08-29	The Parable of the Thingamajig	https://hapgood.us/2007/08/29/the-parable-of-the-thingamajig/	by/2007--hapgood-the-parable-of-the-thingamajig.md	4257
2007-08-30	A meager start	https://hapgood.us/2007/08/30/a-meager-start/	by/2007--hapgood-a-meager-start.md	1577
2007-08-31	This is your Italian course. This is your Italian course on WordPress.	https://hapgood.us/2007/08/31/this-is-your-italian-course-this-is-your-italian-course-on-wordpress/	by/2007--hapgood-this-is-your-italian-course-this-is-your-italian-course-on-w.md	722
2007-09-07	Our responsibility	https://hapgood.us/2007/09/07/our-responsibility/	by/2007--hapgood-our-responsibility.md	2388
2007-09-07	Fantasy Congress and the usefulness of wrong models	https://hapgood.us/2007/09/07/fantasy-congress-and-the-usefulness-of-wrong-models/	by/2007--hapgood-fantasy-congress-and-the-usefulness-of-wrong-models.md	1903
2007-09-12	The answer to the legal objections	https://hapgood.us/2007/09/12/the-answer-to-the-legal-objections/	by/2007--hapgood-the-answer-to-the-legal-objections.md	1867
2007-09-12	Dr. Sander Lee on James Madison and Democracy	https://hapgood.us/2007/09/12/dr-sander-lee-on-james-madison-and-democracy-2/	by/2007--hapgood-dr-sander-lee-on-james-madison-and-democracy-2.md	1207
2007-09-15	The hypocisy of the recent ECAR study	https://hapgood.us/2007/09/15/the-hypocisy-of-the-recent-ecar-study/	by/2007--hapgood-the-hypocisy-of-the-recent-ecar-study.md	1148
2007-09-18	On Hockney, mathematicians, and the cross-cultural fallacy	https://hapgood.us/2007/09/18/on-hockney-mathematicians-and-the-cross-cultural-fallacy/	by/2007--hapgood-on-hockney-mathematicians-and-the-cross-cultural-fallacy.md	5344
2007-10-02	Credentials	https://hapgood.us/2007/10/02/credentials/	by/2007--hapgood-credentials.md	3239
2007-10-03	Support Music over Lawyers. Buy Radiohead.	https://hapgood.us/2007/10/03/support-music-over-lawyers-buy-radiohead/	by/2007--hapgood-support-music-over-lawyers-buy-radiohead.md	1038
2007-10-08	Entrepreneurship meets Service meets Academic Engagement…	https://hapgood.us/2007/10/08/entrepreneurship-meets-service-meets-academic-engagement/	by/2007--hapgood-entrepreneurship-meets-service-meets-academic-engagement.md	2630
2007-10-08	Curatorial Teaching	https://hapgood.us/2007/10/08/curatorial-teaching/	by/2007--hapgood-curatorial-teaching.md	1320
2007-10-10	Front Page HuffPo	https://hapgood.us/2007/10/10/front-page-huffpo/	by/2007--hapgood-front-page-huffpo.md	474
2007-10-15	Networked Learning and Distributed Reporting	https://hapgood.us/2007/10/15/networked-learning-and-distributed-reporting/	by/2007--hapgood-networked-learning-and-distributed-reporting.md	3399
2007-10-15	With the exception of the multitasking bit	https://hapgood.us/2007/10/15/with-the-exception-of-the-multitasking-bit/	by/2007--hapgood-with-the-exception-of-the-multitasking-bit.md	148
2007-10-16	Brightcove Test	https://hapgood.us/2007/10/16/brightcove-test/	by/2007--hapgood-brightcove-test.md	139
2007-10-17	The proposal I’d like to write	https://hapgood.us/2007/10/17/the-proposal-id-like-to-write/	by/2007--hapgood-the-proposal-id-like-to-write.md	3693
2007-10-23	Help me out with my proposal	https://hapgood.us/2007/10/23/help-me-out-with-my-proposal/	by/2007--hapgood-help-me-out-with-my-proposal.md	2463
2007-10-27	Local Citizen Microreporting	https://hapgood.us/2007/10/27/microreporting/	by/2007--hapgood-microreporting.md	2833
2007-11-01	Threatened Much?	https://hapgood.us/2007/11/01/threatened-much/	by/2007--hapgood-threatened-much.md	1320
2007-11-08	Wiki:Authoring :: Perl:Programming	https://hapgood.us/2007/11/08/wikiauthoring-perlprogramming/	by/2007--hapgood-wikiauthoring-perlprogramming.md	2353
2007-11-17	NaNoWriMo	https://hapgood.us/2007/11/17/nanowrimo/	by/2007--hapgood-nanowrimo.md	519
2007-11-23	How a lack of piracy killed the Sony Reader	https://hapgood.us/2007/11/23/how-a-lack-of-piracy-killed-the-sony-reader/	by/2007--hapgood-how-a-lack-of-piracy-killed-the-sony-reader.md	2826
2007-11-29	Google rank	https://hapgood.us/2007/11/29/google-rank/	by/2007--hapgood-google-rank.md	4265
2007-12-03	Social Reboot	https://hapgood.us/2007/12/03/social-reboot/	by/2007--hapgood-social-reboot.md	3467
2007-12-11	Flexible, User-Constructed (non-metaphorical) Spaces	https://hapgood.us/2007/12/11/flexible-user-constructed-non-metaphorical-spaces/	by/2007--hapgood-flexible-user-constructed-non-metaphorical-spaces.md	1800
2007-12-13	SPACEWAR Is Still My Metaphor	https://hapgood.us/2007/12/13/spacewar-is-still-my-metaphor/	by/2007--hapgood-spacewar-is-still-my-metaphor.md	4245
2008-01-14	Promoted	https://hapgood.us/2008/01/14/promoted/	by/2008--hapgood-promoted.md	3286
2008-01-25	Defining the Online Communications Office	https://hapgood.us/2008/01/25/defining-the-online-communications-office/	by/2008--hapgood-defining-the-online-communications-office.md	8502
2008-04-11	Citizen Keene	https://hapgood.us/2008/04/11/citizen-keene/	by/2008--hapgood-citizen-keene.md	3123
2008-04-12	Salamander Crossing	https://hapgood.us/2008/04/12/salamander-crossing/	by/2008--hapgood-salamander-crossing.md	3915
2008-04-15	Forums vs. Blog Posts in Ning: A Plea for Unification.	https://hapgood.us/2008/04/15/forums-vs-blog-posts-in-ning-a-plea-for-unification/	by/2008--hapgood-forums-vs-blog-posts-in-ning-a-plea-for-unification.md	3354
2008-04-21	The Meaningless Homepage	https://hapgood.us/2008/04/21/the-meaningless-homepage/	by/2008--hapgood-the-meaningless-homepage.md	2940
2008-05-07	If a Columnist Calls a Tail a Leg…	https://hapgood.us/2008/05/07/if-the-wapo-calls-a-tail-a-leg/	by/2008--hapgood-if-the-wapo-calls-a-tail-a-leg.md	10312
2008-05-12	Ning Death Syndrome (a.k.a the Dead Shark Problem)	https://hapgood.us/2008/05/12/ning-death-syndrome-aka-the-dead-shark-problem/	by/2008--hapgood-ning-death-syndrome-aka-the-dead-shark-problem.md	1826
2008-05-14	UMW Faculty Academy — on Ustream!	https://hapgood.us/2008/05/14/umw-faculty-academy-on-ustream-2/	by/2008--hapgood-umw-faculty-academy-on-ustream-2.md	440
2008-05-22	Made the jump to Linux	https://hapgood.us/2008/05/22/made-the-jump-to-linux/	by/2008--hapgood-made-the-jump-to-linux.md	2497
2008-05-23	Why Halo 3 is more educational than “intellectual” games	https://hapgood.us/2008/05/23/why-halo-3-is-more-educational-than-intellectual-games/	by/2008--hapgood-why-halo-3-is-more-educational-than-intellectual-games.md	4451
2008-05-26	Edupunk	https://hapgood.us/2008/05/26/edupunk/	by/2008--hapgood-edupunk.md	2210
2008-05-30	Bowling Alone, the Local Internet, and XBox Live	https://hapgood.us/2008/05/30/bowling-alone-the-local-internet-and-xbox-live/	by/2008--hapgood-bowling-alone-the-local-internet-and-xbox-live.md	4344
2008-05-31	A short explanation from a terminal smasher (or, Blackboard as an access control company)	https://hapgood.us/2008/05/31/a-short-explanation-from-a-terminal-smasher/	by/2008--hapgood-a-short-explanation-from-a-terminal-smasher.md	6497
2008-06-04	Keene State’s AT Vision as a model of productive engagement	https://hapgood.us/2008/06/04/keene-states-at-vision-as-a-model-of-productive-engagement/	by/2008--hapgood-keene-states-at-vision-as-a-model-of-productive-engagement.md	7414
2008-06-08	Ideology and EdTech (or, the Skunk at the Party)	https://hapgood.us/2008/06/08/the-skunk-at-the-party/	by/2008--hapgood-the-skunk-at-the-party.md	3063
2008-06-09	Edupunk and REST	https://hapgood.us/2008/06/09/edupunk-and-rest/	by/2008--hapgood-edupunk-and-rest.md	918
2008-06-12	Recursive Publics	https://hapgood.us/2008/06/12/recursive-publics/	by/2008--hapgood-recursive-publics.md	1492
2008-06-13	Recursive Publics, Martin Luther, and Copyright	https://hapgood.us/2008/06/13/recursive-publics-martin-luther-and-copyright/	by/2008--hapgood-recursive-publics-martin-luther-and-copyright.md	6335
2008-06-19	Edu_protectionism	https://hapgood.us/2008/06/19/edu_protectionism/	by/2008--hapgood-edu-protectionism.md	2884
2008-06-24	Recording Industry Says AM-FM Broadcasting is ‘A Form of Piracy’	https://hapgood.us/2008/06/24/recording-industry-says-am-fm-broadcasting-is-a-form-of-piracy/	by/2008--hapgood-recording-industry-says-am-fm-broadcasting-is-a-form-of-pira.md	2891
2008-06-24	Blogging the Media vs. Blogging Your Class	https://hapgood.us/2008/06/24/blogging-the-media-vs-blogging-your-class/	by/2008--hapgood-blogging-the-media-vs-blogging-your-class.md	1739
2008-07-03	Offlining	https://hapgood.us/2008/07/03/offlining/	by/2008--hapgood-offlining.md	2046
2008-07-04	Offlining Experiment #1: Disengaging from the hivemind using Sony Reader	https://hapgood.us/2008/07/04/offlining-experiment-1-disengaging-from-the-hivemind-using-sony-reader/	by/2008--hapgood-offlining-experiment-1-disengaging-from-the-hivemind-using-s.md	2830
2008-07-05	Carr’s “Is Google Making Us Stupid”, Rosen’s “Myth of Multitasking”	https://hapgood.us/2008/07/05/carrs-google-rosens-multitasking/	by/2008--hapgood-carrs-google-rosens-multitasking.md	4909
2008-07-10	Blowhardization hits the Windy City	https://hapgood.us/2008/07/10/blowhardization-hits-the-windy-city/	by/2008--hapgood-blowhardization-hits-the-windy-city.md	3668
2008-07-11	Offlining site now online	https://hapgood.us/2008/07/11/offlining-site-now-online/	by/2008--hapgood-offlining-site-now-online.md	665
2008-07-17	Sakai, Blackboard, and the Bridge to Nowhere	https://hapgood.us/2008/07/17/sakai-blackboard-and-the-bridge-to-nowhere/	by/2008--hapgood-sakai-blackboard-and-the-bridge-to-nowhere.md	3242
2008-07-20	Why Fan Fiction proves Richard Stallman wrong	https://hapgood.us/2008/07/20/why-fan-fiction-proves-richard-stallman-wrong/	by/2008--hapgood-why-fan-fiction-proves-richard-stallman-wrong.md	3414
2008-07-21	Practical Art and Stallman, revisited	https://hapgood.us/2008/07/21/pratical-art-and-stallman-revisited/	by/2008--hapgood-pratical-art-and-stallman-revisited.md	5390
2008-07-24	My new job with the OpenCourseWare Consortium	https://hapgood.us/2008/07/24/my-new-job-with-the-opencourseware-consortium/	by/2008--hapgood-my-new-job-with-the-opencourseware-consortium.md	2581
2008-07-27	Practical Internet Politics: Understanding Block and Blame, Catch and Release	https://hapgood.us/2008/07/27/practical-internet-politics-understanding-block-and-blame-catch-and-release/	by/2008--hapgood-practical-internet-politics-understanding-block-and-blame-ca.md	7561
2008-08-04	In which I’m “kind of” quoted in the New York Times	https://hapgood.us/2008/08/04/in-which-im-kind-of-quoted-in-the-new-york-times/	by/2008--hapgood-in-which-im-kind-of-quoted-in-the-new-york-times.md	1313
2008-08-05	Diplopedia: an agile State Department?	https://hapgood.us/2008/08/05/diplopedia-an-agile-state-department/	by/2008--hapgood-diplopedia-an-agile-state-department.md	2868
2008-09-07	Business Installs	https://hapgood.us/2008/09/07/business-installs/	by/2008--hapgood-business-installs.md	1559
2008-09-08	Jaw-droppingly stupid ruling on the Potter Lexicon	https://hapgood.us/2008/09/08/jaw-droppingly-stupid-ruling-on-the-potter-lexicon/	by/2008--hapgood-jaw-droppingly-stupid-ruling-on-the-potter-lexicon.md	1604
2008-09-15	A couple thoughts on the AsiaOnline translation of OpenCourseWare	https://hapgood.us/2008/09/15/a-couple-thoughts-on-the-asiaonline-translation-of-opencourseware/	by/2008--hapgood-a-couple-thoughts-on-the-asiaonline-translation-of-opencours.md	2540
2008-10-15	Deadhead Sponsors Bill Creating Copyright Czar, Bush Signs	https://hapgood.us/2008/10/15/deadhead-sponsors-bill-creating-copyright-czar-bush-signs/	by/2008--hapgood-deadhead-sponsors-bill-creating-copyright-czar-bush-signs.md	2201
2008-10-15	My five year old: “The Internet is the Computer”	https://hapgood.us/2008/10/15/my-five-year-old-the-internet-is-the-computer/	by/2008--hapgood-my-five-year-old-the-internet-is-the-computer.md	425
2008-10-16	Under Construction	https://hapgood.us/2008/10/16/under-construction/	by/2008--hapgood-under-construction.md	403
2008-10-16	Insta-Polls	https://hapgood.us/2008/10/16/insta-polls/	by/2008--hapgood-insta-polls.md	1430
2008-10-26	A new blog name, and a recommitment	https://hapgood.us/2008/10/26/a-new-blog-name-and-a-recommitment/	by/2008--hapgood-a-new-blog-name-and-a-recommitment.md	4190
2008-10-27	Note to Chronicle: I can haz trendlines?	https://hapgood.us/2008/10/27/note-to-chronicle-i-can-haz-trendlines/	by/2008--hapgood-note-to-chronicle-i-can-haz-trendlines.md	2312
2008-10-27	OCW, Pandora Radio, and the Myth of Web 4.0	https://hapgood.us/2008/10/27/ocw-pandora-radio-and-the-myth-of-web-40/	by/2008--hapgood-ocw-pandora-radio-and-the-myth-of-web-40.md	5381
2008-11-04	Election Day	https://hapgood.us/2008/11/04/election-day/	by/2008--hapgood-election-day.md	1871
2008-11-07	Jim Groom, Killer Catfish.	https://hapgood.us/2008/11/07/jim-groom-killer-catfish/	by/2008--hapgood-jim-groom-killer-catfish.md	3348
2008-11-13	UVU and the OCWC	https://hapgood.us/2008/11/13/uvu-and-the-ocwc/	by/2008--hapgood-uvu-and-the-ocwc.md	4251
2008-11-17	Fact-checking	https://hapgood.us/2008/11/17/fact-checking/	by/2008--hapgood-fact-checking.md	950
2008-11-18	Real Punks Ship	https://hapgood.us/2008/11/18/real-punks-ship/	by/2008--hapgood-real-punks-ship.md	2333
2008-11-19	Fahrenheit 451	https://hapgood.us/2008/11/19/fahrenheit-451/	by/2008--hapgood-fahrenheit-451.md	3966
2008-12-01	Narrating Comics	https://hapgood.us/2008/12/01/narrating-comics/	by/2008--hapgood-narrating-comics.md	3080
2008-12-08	Is OCW a “shovel-ready infrastructure project”?	https://hapgood.us/2008/12/08/is-ocw-a-shovel-ready-infrastructure-project/	by/2008--hapgood-is-ocw-a-shovel-ready-infrastructure-project.md	4115
2008-12-11	No Lawyers for Secretary of Education. No-way, No-how.	https://hapgood.us/2008/12/11/no-lawyers-for-secretary-of-education-no-way-no-how/	by/2008--hapgood-no-lawyers-for-secretary-of-education-no-way-no-how.md	5684
2008-12-16	Arne Duncan’s Magic Lawyer Powers Will Save U.S. Education	https://hapgood.us/2008/12/16/arne-duncans-magic-lawyer-powers-will-save-us-education/	by/2008--hapgood-arne-duncans-magic-lawyer-powers-will-save-us-education.md	1621
2008-12-24	Pysch-Pop Notes: Turquoise and the Tales of Flossie Fillett	https://hapgood.us/2008/12/24/five-notes-on-turquoise-and-the-tales-of-flossie-fillett/	by/2008--hapgood-five-notes-on-turquoise-and-the-tales-of-flossie-fillett.md	5345
2009-01-02	52/12: My New Year’s Resolution and the Death of the Endless Lunch	https://hapgood.us/2009/01/02/5212-my-new-years-resolution-and-the-death-of-the-endless-lunch/	by/2009--hapgood-5212-my-new-years-resolution-and-the-death-of-the-endless-lu.md	1190
2009-01-06	Educational Policy, Economic Literacy, and Inside HigherEd	https://hapgood.us/2009/01/06/educational-policy-economic-literacy-and-inside-highered/	by/2009--hapgood-educational-policy-economic-literacy-and-inside-highered.md	5202
2009-01-09	Rise of the Cohort, Educational and Otherwise	https://hapgood.us/2009/01/09/rise-of-the-cohort-educational-and-otherwise/	by/2009--hapgood-rise-of-the-cohort-educational-and-otherwise.md	4216
2009-01-12	Another (better) attempt to talk about cohorts	https://hapgood.us/2009/01/12/another-better-attempt-to-talk-about-cohorts/	by/2009--hapgood-another-better-attempt-to-talk-about-cohorts.md	2565
2009-01-12	Andrew Keen: The Internet will revive fascism!	https://hapgood.us/2009/01/12/andrew-keen-the-internet-will-revive-fascism/	by/2009--hapgood-andrew-keen-the-internet-will-revive-fascism.md	2641
2009-01-13	OCW as a Shovel-Ready Infrastructure Project (Part III)	https://hapgood.us/2009/01/13/ocw-as-a-shovel-ready-infrastructure-project-part-iii/	by/2009--hapgood-ocw-as-a-shovel-ready-infrastructure-project-part-iii.md	4661
2009-01-16	Should the U.S. Government be Negotiating with YouTube?	https://hapgood.us/2009/01/16/should-the-us-government-be-negotiating-with-youtube/	by/2009--hapgood-should-the-us-government-be-negotiating-with-youtube.md	1673
2009-01-25	Openness as reuse, and openness as transparency	https://hapgood.us/2009/01/25/openness-as-reuse-and-openness-as-transparency/	by/2009--hapgood-openness-as-reuse-and-openness-as-transparency.md	4055
2009-01-27	More on Transparency vs. Reuse	https://hapgood.us/2009/01/27/more-on-transparency-vs-reuse/	by/2009--hapgood-more-on-transparency-vs-reuse.md	2965
2009-01-29	Not So Post-Partisan	https://hapgood.us/2009/01/29/not-so-post-partisan/	by/2009--hapgood-not-so-post-partisan.md	608
2009-02-04	Pay-For-Performance and the Anti-Commons	https://hapgood.us/2009/02/04/pay-for-performance-and-the-anti-commons/	by/2009--hapgood-pay-for-performance-and-the-anti-commons.md	3463
2009-02-09	“Do something difficult”	https://hapgood.us/2009/02/09/do-something-difficult/	by/2009--hapgood-do-something-difficult.md	1387
2009-02-20	Grade Inflation, and the Referee as Coach	https://hapgood.us/2009/02/20/grade-inflation-and-the-referee-as-coach/	by/2009--hapgood-grade-inflation-and-the-referee-as-coach.md	4274
2009-02-21	Gridlock and Partisanship	https://hapgood.us/2009/02/21/gridlock-and-partisanship/	by/2009--hapgood-gridlock-and-partisanship.md	2226
2009-02-24	Are Video Games and Social Networks the New MMR?	https://hapgood.us/2009/02/24/are-video-games-and-social-networks-are-the-new-mmr/	by/2009--hapgood-are-video-games-and-social-networks-are-the-new-mmr.md	4603
2009-03-11	Hacking Education	https://hapgood.us/2009/03/11/hacking-education/	by/2009--hapgood-hacking-education.md	5157
2009-03-21	Google Phone RIP	https://hapgood.us/2009/03/21/google-phone-rip/	by/2009--hapgood-google-phone-rip.md	1187
2009-04-21	Blogger Ethics Comedy From Mark Penn	https://hapgood.us/2009/04/21/blogger-ethics-comedy-from-mark-penn/	by/2009--hapgood-blogger-ethics-comedy-from-mark-penn.md	2320
2009-04-27	Why Network Thinking Matters	https://hapgood.us/2009/04/27/why-network-thinking-matters/	by/2009--hapgood-why-network-thinking-matters.md	1324
2009-05-05	Gen Y and Web 2.0	https://hapgood.us/2009/05/05/gen-y-and-web-20/	by/2009--hapgood-gen-y-and-web-20.md	4886
2009-05-05	Cello Schmello	https://hapgood.us/2009/05/05/cello-schmello/	by/2009--hapgood-cello-schmello.md	1198
2009-05-07	MPAA tells teachers to camcord screens instead of ripping clips	https://hapgood.us/2009/05/07/mpaa-tells-teachers-to-camcord-screens-instead-of-ripping-clips/	by/2009--hapgood-mpaa-tells-teachers-to-camcord-screens-instead-of-ripping-cl.md	915
2009-06-15	Someone needs a Quantitative Literacy course	https://hapgood.us/2009/06/15/someone-needs-a-quantitative-literacy-course/	by/2009--hapgood-someone-needs-a-quantitative-literacy-course.md	1615
2009-06-15	Earthquakes, Iranian Protests, Twitter, and the Media	https://hapgood.us/2009/06/15/earthquakes-iranian-protests-twitter-and-the-media/	by/2009--hapgood-earthquakes-iranian-protests-twitter-and-the-media.md	2404
2009-06-16	Two short points on Iran and Twitter	https://hapgood.us/2009/06/16/two-short-points-on-iran-and-twitter/	by/2009--hapgood-two-short-points-on-iran-and-twitter.md	2779
2009-06-22	Cult of the Amateur	https://hapgood.us/2009/06/22/cult-of-the-amateur/	by/2009--hapgood-cult-of-the-amateur.md	2956
2009-06-23	Cutters and Preps (w/ apologies to Breaking Away)	https://hapgood.us/2009/06/23/proud-to-be-a-cutter-w-apologies-to-breaking-away/	by/2009--hapgood-proud-to-be-a-cutter-w-apologies-to-breaking-away.md	1867
2009-06-24	Juan Cole: The protests in Iran wouldn’t be allowed here either.	https://hapgood.us/2009/06/24/juan-cole-the-protests-in-iran-wouldnt-be-allowed-here-either/	by/2009--hapgood-juan-cole-the-protests-in-iran-wouldnt-be-allowed-here-eithe.md	2085
2009-07-06	Self-expression and Participation	https://hapgood.us/2009/07/06/self-expression-and-participation/	by/2009--hapgood-self-expression-and-participation.md	3714
2009-07-07	Have you got a 27B-stroke-6?	https://hapgood.us/2009/07/07/have-you-got-a-27b-stroke-6/	by/2009--hapgood-have-you-got-a-27b-stroke-6.md	134
2009-07-08	Judge Bans Catcher in the Rye Sequel	https://hapgood.us/2009/07/08/judge-bans-catcher-in-the-rye-sequel/	by/2009--hapgood-judge-bans-catcher-in-the-rye-sequel.md	2165
2009-07-10	New Media Impact for Future Professors	https://hapgood.us/2009/07/10/new-media-impact-for-future-professors/	by/2009--hapgood-new-media-impact-for-future-professors.md	7660
2009-07-26	Persona Creep	https://hapgood.us/2009/07/26/persona-creep/	by/2009--hapgood-persona-creep.md	334
2009-07-27	EPIC (fail) 2014	https://hapgood.us/2009/07/27/epic-fail-2014/	by/2009--hapgood-epic-fail-2014.md	5303
2009-08-01	Eulogy for Art Caulfield	https://hapgood.us/2009/08/01/eulogy-for-art-caulfield/	by/2009--hapgood-eulogy-for-art-caulfield.md	14604
2009-08-05	Teens Don’t Work, Either	https://hapgood.us/2009/08/05/teens-dont-work-either/	by/2009--hapgood-teens-dont-work-either.md	2274
2009-08-07	To promote the progress of science and useful arts	https://hapgood.us/2009/08/07/to-promote-the-progress-of-science-and-useful-arts/	by/2009--hapgood-to-promote-the-progress-of-science-and-useful-arts.md	1559
2009-08-07	Techno-Utopians Please Take Note	https://hapgood.us/2009/08/07/techno-utopians-please-take-note/	by/2009--hapgood-techno-utopians-please-take-note.md	593
2009-08-10	Colleges and Bloat	https://hapgood.us/2009/08/10/colleges-and-bloat/	by/2009--hapgood-colleges-and-bloat.md	2026
2009-08-10	Productivity As Quality As Well As Quantity	https://hapgood.us/2009/08/10/productivity-as-quality-as-well-as-quantity/	by/2009--hapgood-productivity-as-quality-as-well-as-quantity.md	1087
2009-08-11	Blood of Tyrants	https://hapgood.us/2009/08/11/blood-of-tyrants/	by/2009--hapgood-blood-of-tyrants.md	1249
2009-08-14	Cooperation, not Collaboration	https://hapgood.us/2009/08/14/cooperation-not-collaboration/	by/2009--hapgood-cooperation-not-collaboration.md	3736
2009-08-19	DIYbio and Authentic Learning	https://hapgood.us/2009/08/19/diybio-and-authentic-learning/	by/2009--hapgood-diybio-and-authentic-learning.md	2100
2009-08-26	R.I.P. Digital Native Theory	https://hapgood.us/2009/08/26/r-i-p-digital-native-theory/	by/2009--hapgood-r-i-p-digital-native-theory.md	2256
2009-08-26	The one video of Ted Kennedy’s you should watch	https://hapgood.us/2009/08/26/the-one-video-of-ted-kennedys-you-should-watch/	by/2009--hapgood-the-one-video-of-ted-kennedys-you-should-watch.md	1826
2009-08-28	Google Bundles, OPML, Courses and Cohorts	https://hapgood.us/2009/08/28/google-bundles-opml-courses-and-cohorts/	by/2009--hapgood-google-bundles-opml-courses-and-cohorts.md	1862
2009-08-28	Education and the Good Enough Revolution	https://hapgood.us/2009/08/28/education-and-the-good-enough-revolution/	by/2009--hapgood-education-and-the-good-enough-revolution.md	1739
2009-08-28	“Tic Tac Toe” Project Finalist in Microsoft Innovative Teacher Contest	https://hapgood.us/2009/08/28/tic-tac-toe-project-finalist-in-microsoft-innovative-teacher-contest/	by/2009--hapgood-tic-tac-toe-project-finalist-in-microsoft-innovative-teacher.md	1665
2009-08-31	SketchUp and Autism	https://hapgood.us/2009/08/31/sketchup-and-autism/	by/2009--hapgood-sketchup-and-autism.md	495
2009-08-31	AmeriCorps is Going To Take your Guns and Make You Gay-Marry	https://hapgood.us/2009/08/31/americorps-is-going-to-take-your-guns-and-make-you-gay-marry/	by/2009--hapgood-americorps-is-going-to-take-your-guns-and-make-you-gay-marry.md	116
2009-09-01	Half of Low-Income Workers Under Age of 35 Living at Home	https://hapgood.us/2009/09/01/half-of-low-income-workers-under-age-of-35-living-at-home/	by/2009--hapgood-half-of-low-income-workers-under-age-of-35-living-at-home.md	1803
2009-09-04	Former Spellings Commission Member: “The Web is very linear”	https://hapgood.us/2009/09/04/former-spellings-commission-member-the-web-is-very-linear/	by/2009--hapgood-former-spellings-commission-member-the-web-is-very-linear.md	1080
2009-09-08	More Intellectual Rigor from Bauerlein	https://hapgood.us/2009/09/08/more-intellectual-rigor-from-bauerlein/	by/2009--hapgood-more-intellectual-rigor-from-bauerlein.md	5845
2009-09-14	Building an IQL Course From the Data Out	https://hapgood.us/2009/09/14/building-an-iql-course-from-the-data-out/	by/2009--hapgood-building-an-iql-course-from-the-data-out.md	2162
2009-09-15	Well, There Goes the “Harlem Miracle”	https://hapgood.us/2009/09/15/well-there-goes-the-harlem-miracle/	by/2009--hapgood-well-there-goes-the-harlem-miracle.md	3560
2009-09-24	On the Hanging of Census Workers and Our Education Scapegoats	https://hapgood.us/2009/09/24/on-the-hanging-of-census-workers-and-our-educational-scapegoats/	by/2009--hapgood-on-the-hanging-of-census-workers-and-our-educational-scapego.md	2194
2009-10-08	NBC + Blackboard makes me want to hurl	https://hapgood.us/2009/10/08/nbc-blackboard-makes-me-want-to-hurl/	by/2009--hapgood-nbc-blackboard-makes-me-want-to-hurl.md	2193
2009-10-08	Common Core, Bloom’s Taxonomy, and Thinking Historically	https://hapgood.us/2009/10/08/common-core-blooms-taxonomy-and-thinking-historically/	by/2009--hapgood-common-core-blooms-taxonomy-and-thinking-historically.md	3782
2009-10-12	Core Knowledge, Magellan, and the Great Man Theory of History	https://hapgood.us/2009/10/12/core-knowledge-magellan-and-the-great-man-theory-of-history/	by/2009--hapgood-core-knowledge-magellan-and-the-great-man-theory-of-history.md	2636
2009-10-26	Polymath, Blogging, and HE	https://hapgood.us/2009/10/26/polymath-blogging-and-he/	by/2009--hapgood-polymath-blogging-and-he.md	1560
2009-10-26	Abstinence-only Web Education	https://hapgood.us/2009/10/26/abstinence-only-web-education/	by/2009--hapgood-abstinence-only-web-education.md	1361
2009-11-06	Open Google Test	https://hapgood.us/2009/11/06/open-google-test/	by/2009--hapgood-open-google-test.md	685
2009-11-10	School Choice, Civics Knowledge, and Fraud	https://hapgood.us/2009/11/10/school-choice-civics-knowledge-and-fraud/	by/2009--hapgood-school-choice-civics-knowledge-and-fraud.md	1861
2009-11-10	Better Balance	https://hapgood.us/2009/11/10/better-balance/	by/2009--hapgood-better-balance.md	680
2009-12-01	Bookstores as Social Hubs and Education	https://hapgood.us/2009/12/01/bookstores-as-social-hubs-and-education/	by/2009--hapgood-bookstores-as-social-hubs-and-education.md	4128
2009-12-03	Or, Then Again (The Bookstore Numbers Are In)	https://hapgood.us/2009/12/03/or-then-again-the-bookstore-numbers-are-in/	by/2009--hapgood-or-then-again-the-bookstore-numbers-are-in.md	1526
2009-12-03	Bookstore Chains as the Unsustainable Middle	https://hapgood.us/2009/12/03/bookstore-chains-as-the-unsustainable-middle/	by/2009--hapgood-bookstore-chains-as-the-unsustainable-middle.md	1319
2009-12-04	Parent-Teacher Conference Day	https://hapgood.us/2009/12/04/parent-teacher-conference-day/	by/2009--hapgood-parent-teacher-conference-day.md	191
2009-12-04	GReader, Twitter Feeds, and Searching the PLN	https://hapgood.us/2009/12/04/greader-twitter-feeds-and-searching-the-pln/	by/2009--hapgood-greader-twitter-feeds-and-searching-the-pln.md	2438
2009-12-05	Nontheism	https://hapgood.us/2009/12/05/nontheism/	by/2009--hapgood-nontheism.md	3337
2009-12-05	Thug Life, or the Napster of Books	https://hapgood.us/2009/12/05/thug-life-or-the-napster-of-books/	by/2009--hapgood-thug-life-or-the-napster-of-books.md	1688
2009-12-06	Mormons, Homosexuals, and Atheists for President (Gallup)	https://hapgood.us/2009/12/06/mormons-homosexuals-and-atheists-for-president-gallup/	by/2009--hapgood-mormons-homosexuals-and-atheists-for-president-gallup.md	3455
2009-12-07	Learning Styles vs. Environmental Fit	https://hapgood.us/2009/12/07/learning-styles-vs-environmental-fit/	by/2009--hapgood-learning-styles-vs-environmental-fit.md	1542
2009-12-10	Personal Information Stupidity	https://hapgood.us/2009/12/10/personal-information-stupidity/	by/2009--hapgood-personal-information-stupidity.md	1896
2009-12-16	Spammers	https://hapgood.us/2009/12/16/spammers/	by/2009--hapgood-spammers.md	1375
2009-12-16	Learning Styles and Manuals	https://hapgood.us/2009/12/16/learning-styles-and-manuals/	by/2009--hapgood-learning-styles-and-manuals.md	3134
2009-12-17	A Department-Based Twitter Aggregator in Google App Engine	https://hapgood.us/2009/12/17/a-department-based-twitter-aggregator-in-google-app-engine/	by/2009--hapgood-a-department-based-twitter-aggregator-in-google-app-engine.md	1866
2009-12-23	Inert vs. Liberating Literacy	https://hapgood.us/2009/12/23/inert-vs-liberating-literacy/	by/2009--hapgood-inert-vs-liberating-literacy.md	1545
2009-12-29	Agatha Christie’s Pale Horse	https://hapgood.us/2009/12/29/agatha-christies-pale-horse/	by/2009--hapgood-agatha-christies-pale-horse.md	1174
2010-01-01	Where are the Literature Miniseries?	https://hapgood.us/2010/01/01/where-are-the-novel-miniseries/	by/2010--hapgood-where-are-the-novel-miniseries.md	3536
2010-01-04	OER and Pragmatism through the Overton Window	https://hapgood.us/2010/01/04/oer-and-pragmatism-through-the-overton-window/	by/2010--hapgood-oer-and-pragmatism-through-the-overton-window.md	7360
2010-01-04	Self-esteem and Murder Mystery Resolutions	https://hapgood.us/2010/01/04/self-esteem-and-murder-mystery-resolutions/	by/2010--hapgood-self-esteem-and-murder-mystery-resolutions.md	1304
2010-01-06	The Mystery of Self-Esteem Part II	https://hapgood.us/2010/01/06/the-mystery-of-self-esteem-part-ii/	by/2010--hapgood-the-mystery-of-self-esteem-part-ii.md	1496
2010-01-07	PLN and Media Literacy at Age 10: What’s There (and What’s Not)	https://hapgood.us/2010/01/07/pln-and-media-literacy-at-age-10-whats-there-and-whats-not/	by/2010--hapgood-pln-and-media-literacy-at-age-10-whats-there-and-whats-not.md	3644
2010-01-08	Stealing Whuffie	https://hapgood.us/2010/01/08/stealing-in-a-reputation-based-economy/	by/2010--hapgood-stealing-in-a-reputation-based-economy.md	969
2010-01-13	Writing to Top Desired Skills in AAC&U Report	https://hapgood.us/2010/01/13/writing-to-top-desired-skills-in-aacu-report/	by/2010--hapgood-writing-to-top-desired-skills-in-aacu-report.md	1165
2010-01-13	Artificial Scarcities	https://hapgood.us/2010/01/13/artificial-scarcities/	by/2010--hapgood-artificial-scarcities.md	3249
2010-01-22	The Internet is a Human Rights Issue Except When It’s Not	https://hapgood.us/2010/01/22/the-internet-is-a-human-rights-issue-except-when-its-not/	by/2010--hapgood-the-internet-is-a-human-rights-issue-except-when-its-not.md	1380
2010-02-04	Stop capturing classes, and start capturing explanations.	https://hapgood.us/2010/02/04/stop-capturing-classes-and-start-capturing-explanations/	by/2010--hapgood-stop-capturing-classes-and-start-capturing-explanations.md	1286
2010-04-09	Why I am Concentrating on Open TEACHING Resources	https://hapgood.us/2010/04/09/why-i-am-concentrating-on-open-teaching-resources/	by/2010--hapgood-why-i-am-concentrating-on-open-teaching-resources.md	9171
2010-04-28	The Dirty Secret to Instant Courses	https://hapgood.us/2010/04/28/the-dirty-secret-to-instant-courses/	by/2010--hapgood-the-dirty-secret-to-instant-courses.md	1591
2010-05-20	Digging into UMW, Part I: Event-ness	https://hapgood.us/2010/05/20/digging-into-umw-part-i-event-ness/	by/2010--hapgood-digging-into-umw-part-i-event-ness.md	3868
2010-05-24	Digging into UMW, Part II: The Art and Craft of EDUPUNK	https://hapgood.us/2010/05/24/digging-into-umw-part-ii-the-art-and-craft-of-edupunk/	by/2010--hapgood-digging-into-umw-part-ii-the-art-and-craft-of-edupunk.md	7389
2010-06-28	Curation and Integration	https://hapgood.us/2010/06/28/curation-and-integration/	by/2010--hapgood-curation-and-integration.md	3025
2010-07-16	Xenophily, and “Teens Don’t Tweet”, Part XXIX	https://hapgood.us/2010/07/16/xenophily-and-teens-dont-tweet-part-xxix/	by/2010--hapgood-xenophily-and-teens-dont-tweet-part-xxix.md	2650
2010-08-20	Addresses and Power	https://hapgood.us/2010/08/20/addresses-and-power/	by/2010--hapgood-addresses-and-power.md	7088
2010-09-07	Privacy as a Luxury Good	https://hapgood.us/2010/09/07/privacy-as-a-luxury-good/	by/2010--hapgood-privacy-as-a-luxury-good.md	1658
2010-09-24	Taking OER Beyond the OER Community: Part I	https://hapgood.us/2010/09/24/taking-oer-beyond-the-oer-community-part-i/	by/2010--hapgood-taking-oer-beyond-the-oer-community-part-i.md	7769
2010-10-08	2 + 1 + OER	https://hapgood.us/2010/10/08/2-1-oer/	by/2010--hapgood-2-1-oer.md	4118
2010-11-22	Just-In-Time Learning & Foundational Knowledge: A Ramble	https://hapgood.us/2010/11/22/just-in-time-learning-foundational-knowledge-a-ramble/	by/2010--hapgood-just-in-time-learning-foundational-knowledge-a-ramble.md	5727
2011-01-16	Open Ambivalence	https://hapgood.us/2011/01/16/open-ambivalence/	by/2011--hapgood-open-ambivalence.md	1234
2011-03-09	Sharing, Reuse, and Frameworks	https://hapgood.us/2011/03/09/sharing-reuse-and-frameworks/	by/2011--hapgood-sharing-reuse-and-frameworks.md	9555
2011-04-18	In Praise of Factory Education	https://hapgood.us/2011/04/18/in-praise-of-factory-education/	by/2011--hapgood-in-praise-of-factory-education.md	2086
2011-04-25	Health Care and Education	https://hapgood.us/2011/04/25/health-care-and-education/	by/2011--hapgood-health-care-and-education.md	1902
2011-05-04	Share Bigger Things	https://hapgood.us/2011/05/04/share-bigger-things/	by/2011--hapgood-share-bigger-things.md	2700
2011-06-24	Practical Futurism Presentation	https://hapgood.us/2011/06/24/practical-futurism-presentation/	by/2011--hapgood-practical-futurism-presentation.md	824
2011-06-25	Summary of research on student evaluations	https://hapgood.us/2011/06/25/summary-of-research-on-student-evaluations/	by/2011--hapgood-summary-of-research-on-student-evaluations.md	584
2011-06-27	Large Stakes and Big Mistakes	https://hapgood.us/2011/06/27/large-stakes-and-big-mistakes/	by/2011--hapgood-large-stakes-and-big-mistakes.md	1332
2011-06-27	Cockroach Performance Anxiety	https://hapgood.us/2011/06/27/cockroach-performance-anxiety/	by/2011--hapgood-cockroach-performance-anxiety.md	1574
2011-06-28	U.S. College Tuition Rises 4.6%, Beating Inflation	https://hapgood.us/2011/06/28/us-college-tuition-rises-46-beating-inflation/	by/2011--hapgood-us-college-tuition-rises-46-beating-inflation.md	803
2011-06-28	Increased Structure and Active Learning Reduce the Achievement Gap in Introductory Biology	https://hapgood.us/2011/06/28/increased-structure-and-active-learning-reduce-the-achievement-gap-in-introductory-biology/	by/2011--hapgood-increased-structure-and-active-learning-reduce-the-achieveme.md	1035
2011-06-29	Serious Discussion About Constructivist Pedagogy	https://hapgood.us/2011/06/29/serious-discussion-about-constructivist-pedagogy/	by/2011--hapgood-serious-discussion-about-constructivist-pedagogy.md	1069
2011-06-29	Plan to Restructure British Higher Ed	https://hapgood.us/2011/06/29/plan-to-restructure-british-higher-ed/	by/2011--hapgood-plan-to-restructure-british-higher-ed.md	1649
2011-06-29	Presentation (Slideshare w/ audio) of my Practical Futurism keynote in Conway. Thanks to UNSH, the ATI, our wonderful CELT/AT team, Jon Mott, others.	https://hapgood.us/2011/06/29/presentation-slideshare-w-audio-of-my-practical-futurism-keynote-in-conway-thanks-to-unsh-the-ati-our-wonderful-celtat-team-jon-mott-others/	by/2011--hapgood-presentation-slideshare-w-audio-of-my-practical-futurism-key.md	0
2011-06-30	U.S. says colleges with big tuition hikes must explain	https://hapgood.us/2011/06/30/us-says-colleges-with-big-tuition-hikes-must-explain/	by/2011--hapgood-us-says-colleges-with-big-tuition-hikes-must-explain.md	1058
2011-06-30	OER and Sandra Lee’s 70/30 Semi-Homemade Cooking	https://hapgood.us/2011/06/30/oer-and-sandra-lees-7030-semi-homemade-cooking/	by/2011--hapgood-oer-and-sandra-lees-7030-semi-homemade-cooking.md	1608
2011-06-30	Sharing and Collaborating with Google Docs: The influence of Psychological Ownership, Responsibility, and Student’s Attitudes on Outcome Quality	https://hapgood.us/2011/06/30/sharing-and-collaborating-with-google-docs-the-influence-of-psychological-ownership-responsibility-and-students-attitudes-on-outcome-quality/	by/2011--hapgood-sharing-and-collaborating-with-google-docs-the-influence-of.md	1304
2011-07-01	The “Tuition Bubble” and Degree Oversupply	https://hapgood.us/2011/07/01/the-tuition-bubble-and-degree-oversupply/	by/2011--hapgood-the-tuition-bubble-and-degree-oversupply.md	1711
2011-07-01	The Great Threat to Higher Education is Medical Costs, Not Bubbles	https://hapgood.us/2011/07/01/the-great-threat-to-higher-education-is-medical-costs-not-bubbles/	by/2011--hapgood-the-great-threat-to-higher-education-is-medical-costs-not-bu.md	2059
2011-07-06	Don’t Show, Don’t Tell? Direct Instruction Can Thwart Independent Exploration	https://hapgood.us/2011/07/06/dont-show-dont-tell-direct-instruction-can-thwart-independent-exploration/	by/2011--hapgood-dont-show-dont-tell-direct-instruction-can-thwart-independen.md	1299
2011-07-06	Teaching Workshops Fail to Spur Learner-Centered Teaching	https://hapgood.us/2011/07/06/teaching-workshops-fail-to-spur-learner-centered-teaching/	by/2011--hapgood-teaching-workshops-fail-to-spur-learner-centered-teaching.md	1911
2011-07-08	Great base rate fallacy explanation	https://hapgood.us/2011/07/08/great-base-rate-fallacy-explanation/	by/2011--hapgood-great-base-rate-fallacy-explanation.md	2548
2011-07-10	What if broadband DOESN’T eat everything?	https://hapgood.us/2011/07/10/what-if-broadband-doesnt-eat-everything/	by/2011--hapgood-what-if-broadband-doesnt-eat-everything.md	1434
2011-07-10	The Shock Doctrine Goes Platinum	https://hapgood.us/2011/07/10/the-shock-doctrine-goes-platinum/	by/2011--hapgood-the-shock-doctrine-goes-platinum.md	1021
2011-07-11	Hippocampal brain-network coordination during volitional exploratory behavior enhances learning	https://hapgood.us/2011/07/11/hippocampal-brain-network-coordination-during-volitional-exploratory-behavior-enhances-learning/	by/2011--hapgood-hippocampal-brain-network-coordination-during-volitional-exp.md	3930
2011-07-11	“The literacy rate among college graduates is lower today than it was 15 or 20 year [sic] ago.”	https://hapgood.us/2011/07/11/the-literacy-rate-among-college-graduates-is-lower-today-than-it-was-15-or-20-year-sic-ago/	by/2011--hapgood-the-literacy-rate-among-college-graduates-is-lower-today-tha.md	3404
2011-07-13	Assessing the sort of engagement that matters	https://hapgood.us/2011/07/13/assessing-the-sort-of-engagement-that-matters/	by/2011--hapgood-assessing-the-sort-of-engagement-that-matters.md	1072
2011-07-13		https://hapgood.us/2011/07/13/minutes-after-i-read-winer8217s-8220everyone-should-run-their-own-webserver8221-piece-i-get-thisi-think-sometimes-we8217re-crazy-people-driving-old-cars-we-repair-ourselves-telling-people-how-easy-and/	by/2011--hapgood-minutes-after-i-read-winer8217s-8220everyone-should-run-thei.md	576
2011-07-13	On the Miliband Loop	https://hapgood.us/2011/07/13/on-the-miliband-loop/	by/2011--hapgood-on-the-miliband-loop.md	2926
2011-07-14	Spaced retrieval: Absolute spacing enhances learning regardless of relative spacing.	https://hapgood.us/2011/07/14/spaced-retrieval-absolute-spacing-enhances-learning-regardless-of-relative-spacing/	by/2011--hapgood-spaced-retrieval-absolute-spacing-enhances-learning-regardle.md	1572
2011-07-15	What Nick Carr (maybe) Misses About Memory and Integration	https://hapgood.us/2011/07/15/what-nick-carr-maybe-misses-about-memory-and-integration/	by/2011--hapgood-what-nick-carr-maybe-misses-about-memory-and-integration.md	2568
2011-07-15	Sustainability and Innovation	https://hapgood.us/2011/07/15/sustainability-and-innovation/	by/2011--hapgood-sustainability-and-innovation.md	1841
2011-07-15	When Gamification Goes Wrong	https://hapgood.us/2011/07/15/when-gamification-goes-wrong/	by/2011--hapgood-when-gamification-goes-wrong.md	441
2011-07-18	Probably use this video in my Statistical Literacy class. We are using Ben’s book, “Bad Science” and it is excellent.	https://hapgood.us/2011/07/18/probably-use-this-video-in-my-statistical-literacy-class-we-are-using-ben8217s-book-8220bad-science8221-and-it-is-excellent/	by/2011--hapgood-probably-use-this-video-in-my-statistical-literacy-class-we.md	0
2011-07-18	Zombie Pseudoscience: 8 Glasses a Day	https://hapgood.us/2011/07/18/zombie-pseudoscience-8-glasses-a-day/	by/2011--hapgood-zombie-pseudoscience-8-glasses-a-day.md	2791
2011-07-18	Why Reform Through Institutional Abolition Won’t Work	https://hapgood.us/2011/07/18/why-reform-through-institutional-abolition-wont-work/	by/2011--hapgood-why-reform-through-institutional-abolition-wont-work.md	2134
2011-07-19	On the Death of Borders	https://hapgood.us/2011/07/19/on-the-death-of-borders/	by/2011--hapgood-on-the-death-of-borders.md	3518
2011-07-20	Penile Length Leads to Little Economic Growth	https://hapgood.us/2011/07/20/penile-length-leads-to-little-economic-growth/	by/2011--hapgood-penile-length-leads-to-little-economic-growth.md	702
2011-07-20	CINAC: Correlation is not a Cause	https://hapgood.us/2011/07/20/cinac-correlation-is-not-a-cause/	by/2011--hapgood-cinac-correlation-is-not-a-cause.md	1385
2011-07-21	And let’s face it, Google isn’t making us stupider, it’s simply making us realise that omniscience is actually slightly boring.	https://hapgood.us/2011/07/21/and-let8217s-face-it-google-isn8217t-making-us-stupider-it8217s-simply-making-us-realise-that-omniscience-is-actually-slightly-boring/	by/2011--hapgood-and-let8217s-face-it-google-isn8217t-making-us-stupider-it82.md	345
2011-07-21	The Wrath Against Khan: Why Some Educators Are Questioning Khan Academy	https://hapgood.us/2011/07/21/the-wrath-against-khan-why-some-educators-are-questioning-khan-academy/	by/2011--hapgood-the-wrath-against-khan-why-some-educators-are-questioning-kh.md	1653
2011-07-22	Just Breathe	https://hapgood.us/2011/07/22/just-breathe/	by/2011--hapgood-just-breathe.md	123
2011-07-25	San Diego State To Roll Out New Wave of Classroom Clickers	https://hapgood.us/2011/07/25/san-diego-state-to-roll-out-new-wave-of-classroom-clickers/	by/2011--hapgood-san-diego-state-to-roll-out-new-wave-of-classroom-clickers.md	283
2011-08-03	Skills-banking	https://hapgood.us/2011/08/03/skills-banking/	by/2011--hapgood-skills-banking.md	1098
2011-08-08	Generational Learning Styles Are Bunk, Part 28	https://hapgood.us/2011/08/08/generational-learning-styles-are-bunk-part-28/	by/2011--hapgood-generational-learning-styles-are-bunk-part-28.md	1815
2011-08-08	The truck that delivers our groceries	https://hapgood.us/2011/08/08/the-truck-that-delivers-our-groceries/	by/2011--hapgood-the-truck-that-delivers-our-groceries.md	712
2011-08-09	Rank-order Grading	https://hapgood.us/2011/08/09/rank-order-grading/	by/2011--hapgood-rank-order-grading.md	1078
2011-08-10	A Means A: Solving the problem of unbundled credentialing	https://hapgood.us/2011/08/10/a-means-a-solving-the-problem-of-unbundled-credentialing/	by/2011--hapgood-a-means-a-solving-the-problem-of-unbundled-credentialing.md	1828
2011-08-11	The Most Interesting Chart You’ll See On Peer Instruction This Year	https://hapgood.us/2011/08/11/the-most-interesting-chart-youll-see-on-peer-instruction-this-year/	by/2011--hapgood-the-most-interesting-chart-youll-see-on-peer-instruction-thi.md	1108
2011-08-11	EdCamp Keene is Next Wednesday	https://hapgood.us/2011/08/11/edcamp-keene-is-next-wednesday/	by/2011--hapgood-edcamp-keene-is-next-wednesday.md	1421
2011-08-11		https://hapgood.us/2011/08/11/edcamp-keene-2011160t-shirts-thanks-tim-amp-nicole-they-look-great/	by/2011--hapgood-edcamp-keene-2011160t-shirts-thanks-tim-amp-nicole-they-look.md	65
2011-08-12	Stat Lit Chart of the Day	https://hapgood.us/2011/08/12/stat-lit-chart-of-the-day/	by/2011--hapgood-stat-lit-chart-of-the-day.md	265
2011-08-15	Publishing Gives Hints of Revival, Data Show	https://hapgood.us/2011/08/15/publishing-gives-hints-of-revival-data-show/	by/2011--hapgood-publishing-gives-hints-of-revival-data-show.md	1148
2011-08-15	Schoolchildren Can Also Learn Complex Subject Matters On Their Own, Researchers Find	https://hapgood.us/2011/08/15/schoolchildren-can-also-learn-complex-subject-matters-on-their-own-researchers-find/	by/2011--hapgood-schoolchildren-can-also-learn-complex-subject-matters-on-the.md	1802
2011-08-15	Cognitive surplus watch	https://hapgood.us/2011/08/15/cognitive-surplus-watch/	by/2011--hapgood-cognitive-surplus-watch.md	1071
2011-08-16	Bill the Cat Unveils the EdCamp Keene Hashtag	https://hapgood.us/2011/08/16/bill-the-cat-unveils-the-edcamp-keene-hashtag/	by/2011--hapgood-bill-the-cat-unveils-the-edcamp-keene-hashtag.md	335
2011-08-18	Xeni Jardin stops her Google public posts	https://hapgood.us/2011/08/18/xeni-jardin-stops-her-google-public-posts/	by/2011--hapgood-xeni-jardin-stops-her-google-public-posts.md	647
2011-08-18	On The Innovative University	https://hapgood.us/2011/08/18/on-the-innovative-university/	by/2011--hapgood-on-the-innovative-university.md	1058
2011-08-19	We Need A Taxonomy Of MOOCs	https://hapgood.us/2011/08/19/we-need-a-taxonomy-of-moocs/	by/2011--hapgood-we-need-a-taxonomy-of-moocs.md	1047
2011-08-25	This is part of what drives me crazy about debates around charter schools and “choice” in the United States. Every prosperous family in the Washington, DC metro area is exercising public school choice when they decide where to live.	https://hapgood.us/2011/08/25/this-is-part-of-what-drives-me-crazy-about-debates-around-charter-schools-and-choice-in-the-united-states-every-prosperous-family-in-the-washington-dc-metro-area-is-exercising-public-school-choice-whe/	by/2011--hapgood-this-is-part-of-what-drives-me-crazy-about-debates-around-ch.md	352
2011-08-26	Quantitative Literacy Hits the New York Times Op-Ed Page	https://hapgood.us/2011/08/26/quantitative-literacy-hits-the-new-york-times-op-ed-page/	by/2011--hapgood-quantitative-literacy-hits-the-new-york-times-op-ed-page.md	2932
2011-08-26	The great body of physical science, a great deal of the essential fact of financial science, and endless social and political problems are only accessible and only thinkable to those who have had a sound training in mathematical analysis, and the time may not be very remote when it will be understood that for complete initiation as an efficient citizen of one of the new great complex worldwide States that are now developing, it is as necessary to be able to compute, to think in averages and maxima and minima, as it is now to be able to read and write.	https://hapgood.us/2011/08/26/the-great-body-of-physical-science-a-great-deal-of-the-essential-fact-of-financial-science-and-endless-social-and-political-problems-are-only-accessible-and-only-thinkable-to-those-who-have-had-a-soun/	by/2011--hapgood-the-great-body-of-physical-science-a-great-deal-of-the-essen.md	684
2011-08-26	Why Self-Reported Evaluations Are Evil	https://hapgood.us/2011/08/26/why-self-reported-evaluations-are-evil/	by/2011--hapgood-why-self-reported-evaluations-are-evil.md	2561
2011-08-28	Spamonyms	https://hapgood.us/2011/08/28/spamonyms/	by/2011--hapgood-spamonyms.md	434
2011-08-29	Did OER teach millions of people the wrong physics?	https://hapgood.us/2011/08/29/did-oer-teach-millions-of-people-the-wrong-physics/	by/2011--hapgood-did-oer-teach-millions-of-people-the-wrong-physics.md	1659
2011-09-06	Single-Concept Clicker Question Sequences	https://hapgood.us/2011/09/06/single-concept-clicker-question-sequences/	by/2011--hapgood-single-concept-clicker-question-sequences.md	812
2011-09-06	The Benefits of Using Clickers in Small-Enrollment Seminar-Style Biology Courses	https://hapgood.us/2011/09/06/the-benefits-of-using-clickers-in-small-enrollment-seminar-style-biology-courses/	by/2011--hapgood-the-benefits-of-using-clickers-in-small-enrollment-seminar-s.md	2201
2011-09-06	Worker=Hipster Redux	https://hapgood.us/2011/09/06/workerhipster-redux/	by/2011--hapgood-workerhipster-redux.md	1997
2011-09-08	You will do what you are told, until the rights are sold…	https://hapgood.us/2011/09/08/you-will-do-what-you-are-told-until-the-rights-are-sold/	by/2011--hapgood-you-will-do-what-you-are-told-until-the-rights-are-sold.md	762
2011-09-09	Hattie’s Table of Effect Sizes	https://hapgood.us/2011/09/09/hatties-table-of-effect-sizes/	by/2011--hapgood-hatties-table-of-effect-sizes.md	929
2011-09-09	AASCU, Red Balloon & National Course Collaborations	https://hapgood.us/2011/09/09/aascu-red-balloon-national-course-collaborations/	by/2011--hapgood-aascu-red-balloon-national-course-collaborations.md	1181
2011-09-09	Openness and Analytics	https://hapgood.us/2011/09/09/openness-and-analytics/	by/2011--hapgood-openness-and-analytics.md	768
2011-09-10	Informal Statistical Inference	https://hapgood.us/2011/09/10/informal-statistical-inference/	by/2011--hapgood-informal-statistical-inference.md	999
2011-09-11	Do pre-tests boost achievement in online courses?	https://hapgood.us/2011/09/11/do-pre-tests-boost-achievement-in-online-courses/	by/2011--hapgood-do-pre-tests-boost-achievement-in-online-courses.md	1400
2011-09-11	Increased Course Structure Improves Performance in Introductory Biology	https://hapgood.us/2011/09/11/increased-course-structure-improves-performance-in-introductory-biology/	by/2011--hapgood-increased-course-structure-improves-performance-in-introduct.md	1131
2011-09-11	The Edupunk’s Guide to a DIY Credential: A Review by Someone Else	https://hapgood.us/2011/09/11/the-edupunks-guide-to-a-diy-credential-a-review-by-someone-else/	by/2011--hapgood-the-edupunks-guide-to-a-diy-credential-a-review-by-someone-e.md	4490
2011-09-11	Healthcare swallows everything	https://hapgood.us/2011/09/11/healthcare-swallows-everything/	by/2011--hapgood-healthcare-swallows-everything.md	1719
2011-09-13	Scholarships Go Disproportionately To White Students	https://hapgood.us/2011/09/13/scholarships-go-disproportionately-to-white-students/	by/2011--hapgood-scholarships-go-disproportionately-to-white-students.md	813
2011-09-13	Peer Instruction Failure	https://hapgood.us/2011/09/13/peer-instruction-failure/	by/2011--hapgood-peer-instruction-failure.md	481
2011-09-14	NH to make $35 million in state agency cuts [Healthcare vs. Higher Ed., Again]	https://hapgood.us/2011/09/14/nh-to-make-35-million-in-state-agency-cuts-healthcare-vs-higher-ed-again/	by/2011--hapgood-nh-to-make-35-million-in-state-agency-cuts-healthcare-vs-hig.md	933
2011-09-14	Smart Use of Cognitive Disfluency Goes Mainstream	https://hapgood.us/2011/09/14/smart-use-of-cognitive-disfluency-goes-mainstream/	by/2011--hapgood-smart-use-of-cognitive-disfluency-goes-mainstream.md	1849
2011-09-16	Ed Roulette	https://hapgood.us/2011/09/16/ed-roulette/	by/2011--hapgood-ed-roulette.md	2736
2011-09-17	On George Siemens’s Duplication Theory of Value	https://hapgood.us/2011/09/17/on-george-siemenss-duplication-theory-of-value/	by/2011--hapgood-on-george-siemenss-duplication-theory-of-value.md	1162
2011-09-18	Encarta Price Curve of Death	https://hapgood.us/2011/09/18/encarta-price-curve-of-death/	by/2011--hapgood-encarta-price-curve-of-death.md	1811
2011-09-21	The Spamonyms Arrive at Google Plus	https://hapgood.us/2011/09/21/the-spamonyms-arrive-at-google-plus/	by/2011--hapgood-the-spamonyms-arrive-at-google-plus.md	488
2011-09-23	It’s not so much a case of “Here Comes Everybody”, as of “Everybody Was Here All Along”. People aren’t late to this party, technology and business are.	https://hapgood.us/2011/09/23/its-not-so-much-a-case-of-here-comes-everybody-as-of-everybody-was-here-all-along-people-arent-late-to-this-party-technology-and-business-are/	by/2011--hapgood-its-not-so-much-a-case-of-here-comes-everybody-as-of-everybo.md	348
2011-09-27	Purpose-driven OER	https://hapgood.us/2011/09/27/purpose-driven-oer/	by/2011--hapgood-purpose-driven-oer.md	1505
2011-09-29	Why There Is No Sound For This Age	https://hapgood.us/2011/09/29/why-there-is-no-sound-for-this-age/	by/2011--hapgood-why-there-is-no-sound-for-this-age.md	2645
2011-09-30	Why the State Money for Education Is Not Coming Back, Cont’d	https://hapgood.us/2011/09/30/why-the-state-money-for-education-is-not-coming-back-contd/	by/2011--hapgood-why-the-state-money-for-education-is-not-coming-back-contd.md	2451
2011-09-30	I tried to post this at David Wiley’s blog	https://hapgood.us/2011/09/30/i-tried-to-post-this-at-david-wileys-blog/	by/2011--hapgood-i-tried-to-post-this-at-david-wileys-blog.md	3165
2011-10-03	Institutions Matter	https://hapgood.us/2011/10/03/institutions-matter/	by/2011--hapgood-institutions-matter.md	1690
2011-10-04	Using Screensavers to Test Engagement	https://hapgood.us/2011/10/04/using-screensavers-to-test-engagement/	by/2011--hapgood-using-screensavers-to-test-engagement.md	3050
2011-10-06	Federal Judge: Streaming video online to students is same as classroom screening	https://hapgood.us/2011/10/06/federal-judge-streaming-video-online-to-students-is-same-as-classroom-screening/	by/2011--hapgood-federal-judge-streaming-video-online-to-students-is-same-as.md	1028
2011-10-06	Jobs / Joggers	https://hapgood.us/2011/10/06/jobs-joggers/	by/2011--hapgood-jobs-joggers.md	2685
2011-10-06	Ed Roulette Project Is Off and Running	https://hapgood.us/2011/10/06/ed-roulette-project-is-off-and-running/	by/2011--hapgood-ed-roulette-project-is-off-and-running.md	930
2011-10-07	Occupy Wall Street protesters irked by rising student debt in U.S.	https://hapgood.us/2011/10/07/occupy-wall-street-protesters-irked-by-rising-student-debt-in-us/	by/2011--hapgood-occupy-wall-street-protesters-irked-by-rising-student-debt-i.md	427
2011-10-07	World’s Simplest Stimulus Plan: Student Loan Holiday?	https://hapgood.us/2011/10/07/worlds-simplest-stimulus-plan-student-loan-holiday/	by/2011--hapgood-worlds-simplest-stimulus-plan-student-loan-holiday.md	1321
2011-10-11	Critiquing the MetaMovement	https://hapgood.us/2011/10/11/critiquing-the-metamovement/	by/2011--hapgood-critiquing-the-metamovement.md	2188
2011-10-16		https://hapgood.us/2011/10/16/leisure-leaf-diving-with-fam-unit-on-a-fine-new-england-autumn-weekend/	by/2011--hapgood-leisure-leaf-diving-with-fam-unit-on-a-fine-new-england-autu.md	72
2011-10-17	The crowdsourcing scalability problem (or the thinness of the cognitive surplus gruel)	https://hapgood.us/2011/10/17/the-crowdsourcing-scalability-problem-or-the-thinness-of-the-cognitive-surplus-gruel/	by/2011--hapgood-the-crowdsourcing-scalability-problem-or-the-thinness-of-the.md	1126
2011-10-18		https://hapgood.us/2011/10/18/inequality-and-economic-growth-from-the-imf-which-i-hope-is-using-this-to-rethink-its-approach8230/	by/2011--hapgood-inequality-and-economic-growth-from-the-imf-which-i-hope-is.md	97
2011-10-18	It’s Not How Many Followers You Have, It’s Who Follows You	https://hapgood.us/2011/10/18/its-not-how-many-followers-you-have-its-who-follows-you/	by/2011--hapgood-its-not-how-many-followers-you-have-its-who-follows-you.md	369
2011-10-19	The Partisan and the Political	https://hapgood.us/2011/10/19/the-partisan-and-the-political/	by/2011--hapgood-the-partisan-and-the-political.md	2049
2011-10-19		https://hapgood.us/2011/10/19/from-klein8217s-the-student-debt-crisis-in-one-chartarticle-here/	by/2011--hapgood-from-klein8217s-the-student-debt-crisis-in-one-chartarticle.md	196
2011-10-20		https://hapgood.us/2011/10/20/i-don8217t-think-you-can-call-it-remediation-anymore-when-13-of-your-students-require-it-at-some-point-the-problem-is-not-the-students-or-the-high-schools-but-that-we8217ve-built-a-higher-education-sy/	by/2011--hapgood-i-don8217t-think-you-can-call-it-remediation-anymore-when-13.md	434
2011-10-22	That people can see goods and services in the shop window but have no money to buy them is the classic failure of capitalism. That people have money but there are no goods in the shop window is the classic failure of socialism. Not to be too simplistic but our current problem looks more like the first than the second.	https://hapgood.us/2011/10/22/that-people-can-see-goods-and-services-in-the-shop-window-but-have-no-money-to-buy-them-is-the-classic-failure-of-capitalism-that-people-have-money-but-there-are-no-goods-in-the-shop-window-is-the-cla/	by/2011--hapgood-that-people-can-see-goods-and-services-in-the-shop-window-bu.md	390
2011-10-24	Education and Start-ups	https://hapgood.us/2011/10/24/education-and-start-ups/	by/2011--hapgood-education-and-start-ups.md	2120
2011-10-25	Why teens are wired for risk	https://hapgood.us/2011/10/25/why-teens-are-wired-for-risk/	by/2011--hapgood-why-teens-are-wired-for-risk.md	769
2011-11-01	Canvas Instructure and the de-commodification of the LMS	https://hapgood.us/2011/11/01/canvas-instructure-and-the-de-commodification-of-the-lms/	by/2011--hapgood-canvas-instructure-and-the-de-commodification-of-the-lms.md	1402
2011-11-02	Pinker on Statistical Literacy	https://hapgood.us/2011/11/02/pinker-on-statistical-literacy/	by/2011--hapgood-pinker-on-statistical-literacy.md	1292
2011-11-03	Quality time	https://hapgood.us/2011/11/03/quality-time/	by/2011--hapgood-quality-time.md	715
2011-11-03	Two Educational Contexts	https://hapgood.us/2011/11/03/two-educational-contexts/	by/2011--hapgood-two-educational-contexts.md	2423
2011-11-07	Efficiency = Feedback / Cost	https://hapgood.us/2011/11/07/efficiency-feedback-cost/	by/2011--hapgood-efficiency-feedback-cost.md	2284
2011-11-07	On the basis of that research, Ms. Howard calls for a “fundamental shift” in how writing is taught. Professors should focus more on starting the research process collaboratively with students, she says. They should select a few complex sources and explore them with the whole class. “What that means is not rushing students quite so quickly in their first semester in college into writing a 25-page research paper written from 15 sources,” she says, “but rather taking them through the process of engaging with those sources first.”	https://hapgood.us/2011/11/07/on-the-basis-of-that-research-ms-howard-calls-for-a-fundamental-shift-in-how-writing-is-taught-professors-should-focus-more-on-starting-the-research-process-collaboratively-with-students-she-says-they/	by/2011--hapgood-on-the-basis-of-that-research-ms-howard-calls-for-a-fundamen.md	679
2011-11-08	The State and its Monopoly on Violence	https://hapgood.us/2011/11/08/the-state-and-its-monopoly-on-violence/	by/2011--hapgood-the-state-and-its-monopoly-on-violence.md	2916
2011-11-10	Critical Thinking and Clickers	https://hapgood.us/2011/11/10/critical-thinking-and-clickers/	by/2011--hapgood-critical-thinking-and-clickers.md	1443
2011-11-13	True of Connectivism Too?	https://hapgood.us/2011/11/13/true-of-connectivism-too/	by/2011--hapgood-true-of-connectivism-too.md	2137
2011-11-13	Radio Lives, But Why?	https://hapgood.us/2011/11/13/radio-lives-but-why/	by/2011--hapgood-radio-lives-but-why.md	1649
2011-11-15		https://hapgood.us/2011/11/15/utnereaderthe-new-york-city-crime-rate-famously-plummeted-in-the-mid-1990s-under-the-watch-of-police-chief-william-bratton-who-introduced-a-computerized-mapping-system-called-compstat-to-help-cops-tra/	by/2011--hapgood-utnereaderthe-new-york-city-crime-rate-famously-plummeted-in.md	1749
2011-11-16	Don’t FEAR the FERPA	https://hapgood.us/2011/11/16/dont-fear-the-ferpa/	by/2011--hapgood-dont-fear-the-ferpa.md	5579
2011-11-17	Rising College Costs Are Due Largely to Books, Room, and Board, Study Finds	https://hapgood.us/2011/11/17/rising-college-costs-are-due-largely-to-books-room-and-board-study-finds/	by/2011--hapgood-rising-college-costs-are-due-largely-to-books-room-and-board.md	2507
2011-11-17	Canadian students more in student loan debt than American students	https://hapgood.us/2011/11/17/canadian-students-more-in-student-loan-debt-than-american-students/	by/2011--hapgood-canadian-students-more-in-student-loan-debt-than-american-st.md	1870
2011-11-18	The Studying Gap	https://hapgood.us/2011/11/18/the-studying-gap/	by/2011--hapgood-the-studying-gap.md	1266
2011-11-18	The Studying Gap – International Edition	https://hapgood.us/2011/11/18/the-studying-gap-international-edition/	by/2011--hapgood-the-studying-gap-international-edition.md	2441
2011-11-29	Secretary of Education Urges Colleges to Rein In Costs	https://hapgood.us/2011/11/29/secretary-of-education-urges-colleges-to-rein-in-costs/	by/2011--hapgood-secretary-of-education-urges-colleges-to-rein-in-costs.md	1395
2011-11-30	On Borders	https://hapgood.us/2011/11/30/on-borders/	by/2011--hapgood-on-borders.md	1663
2011-12-01	But this is what I see as the next wave: demonize the public schools, create this marketplace where people think, instead of thinking of the common good, instead of thinking of community, instead of thinking what’s good for our children, we say, what’s in it for me? What about my child? Forget about your children, that’s your problem. My child. That’s market thinking…But the goal is to move away from public education as a public responsibility, like the fire department, like the police department, like public parks, like other kinds of public facilities. Privatize public education so that everyone becomes a consumer, children become products, and entrepreneurs can find lots and lots of money to be made. That is somehow going to make us globally competitive.	https://hapgood.us/2011/12/01/but-this-is-what-i-see-as-the-next-wave-demonize-the-public-schools-create-this-marketplace-where-people-think-instead-of-thinking-of-the-common-good-instead-of-thinking-of-community-instead-of-thinki/	by/2011--hapgood-but-this-is-what-i-see-as-the-next-wave-demonize-the-public.md	885
2011-12-01	A real paper really wrote this	https://hapgood.us/2011/12/01/a-real-paper-really-wrote-this/	by/2011--hapgood-a-real-paper-really-wrote-this.md	782
2011-12-01	the briefing room: Canadian university considers radical change	https://hapgood.us/2011/12/01/the-briefing-room-canadian-university-considers-radical-change/	by/2011--hapgood-the-briefing-room-canadian-university-considers-radical-chan.md	624
2011-12-03	Juliette Culver is a Freaking Genius	https://hapgood.us/2011/12/03/juliette-culver-is-a-freaking-genius/	by/2011--hapgood-juliette-culver-is-a-freaking-genius.md	596
2011-12-06	Active Learning Not Associated with Student Learning in a Random Sample of College Biology Courses	https://hapgood.us/2011/12/06/active-learning-not-associated-with-student-learning-in-a-random-sample-of-college-biology-courses/	by/2011--hapgood-active-learning-not-associated-with-student-learning-in-a-ra.md	2329
2011-12-06	A Statistical Literacy Concept Inventory	https://hapgood.us/2011/12/06/a-statistical-literacy-concept-inventory/	by/2011--hapgood-a-statistical-literacy-concept-inventory.md	2951
2011-12-09	Openness as a Privilege Multiplier	https://hapgood.us/2011/12/09/openness-as-a-privilege-multiplier/	by/2011--hapgood-openness-as-a-privilege-multiplier.md	1739
2011-12-10	The idea that you can just put stuff out there, and that it will magically be effective and used effectively — there’s just no evidence of that,” Twigg says. Collecting evidence requires integrating with college classrooms, which requires scale and support, which requires money, she says. Lots of it. “Sixteen million dollars is not chump change,” says Twigg, “but you need to be able to support and sustain it.” Nonprofit projects in higher education do not have a great track record on this, she points out, not even the most highly regarded ones.	https://hapgood.us/2011/12/10/the-idea-that-you-can-just-put-stuff-out-there-and-that-it-will-magically-be-effective-and-used-effectively-8212-theres-just-no-evidence-of-that-twigg-says-collecting-evidence-requires-integrating-wit/	by/2011--hapgood-the-idea-that-you-can-just-put-stuff-out-there-and-that-it-w.md	701
2011-12-13	Badges	https://hapgood.us/2011/12/13/badges/	by/2011--hapgood-badges.md	593
2011-12-13	Higher Education is Already a Voucher System	https://hapgood.us/2011/12/13/higher-education-is-already-a-voucher-system/	by/2011--hapgood-higher-education-is-already-a-voucher-system.md	1239
2011-12-18	Moonwalking with Einstein	https://hapgood.us/2011/12/18/moonwalking-with-einstein/	by/2011--hapgood-moonwalking-with-einstein.md	1171
2011-12-18	Base Rate, Revisited	https://hapgood.us/2011/12/18/base-rate-revisited/	by/2011--hapgood-base-rate-revisited.md	2404
2011-12-19	Openness as a Privilege Multiplier and the MIT Certificates	https://hapgood.us/2011/12/19/openness-as-a-privilege-multiplier-and-the-mit-certificates/	by/2011--hapgood-openness-as-a-privilege-multiplier-and-the-mit-certificates.md	2977
2011-12-19	Stanovich on Conflict and Critical Thinking	https://hapgood.us/2011/12/19/stanovich-on-conflict-and-critical-thinking/	by/2011--hapgood-stanovich-on-conflict-and-critical-thinking.md	1714
2011-12-19	Semantic Mapping vs. Pictorial Cues	https://hapgood.us/2011/12/19/semantic-mapping-vs-pictorial-cues/	by/2011--hapgood-semantic-mapping-vs-pictorial-cues.md	2145
2011-12-22		https://hapgood.us/2011/12/22/from-obama8217s-2012-campaign-blog-i-am-glad-to-see-them-standing-up-for-what-they-accomplished-here-instead-of-running-from-it-this-is-truly-something-that-the-administration-should-be-proud-ofguardi/	by/2011--hapgood-from-obama8217s-2012-campaign-blog-i-am-glad-to-see-them-sta.md	931
2011-12-28	Evidence-Based and the Marginal Cost of Zero	https://hapgood.us/2011/12/28/evidence-based-and-the-marginal-cost-of-zero/	by/2011--hapgood-evidence-based-and-the-marginal-cost-of-zero.md	1293
2011-12-28	Cognitive Bias and Education as a Public Good	https://hapgood.us/2011/12/28/cognitive-bias-and-education-as-a-public-good/	by/2011--hapgood-cognitive-bias-and-education-as-a-public-good.md	2920
2011-12-28	A Herd Immunity to Nonsense	https://hapgood.us/2011/12/28/a-herd-immunity-to-nonsense/	by/2011--hapgood-a-herd-immunity-to-nonsense.md	3376
2011-12-31	Klout wins for this year’s stupidest bar chart	https://hapgood.us/2011/12/31/klout-wins-for-this-years-stupidest-bar-chart/	by/2011--hapgood-klout-wins-for-this-years-stupidest-bar-chart.md	346
2011-12-31	Why the I Love Charts post is the most beautiful thing I’ve read today	https://hapgood.us/2011/12/31/why-the-i-love-charts-post-is-the-most-beautiful-thing-ive-read-today/	by/2011--hapgood-why-the-i-love-charts-post-is-the-most-beautiful-thing-ive-r.md	1638
2011-12-31	Keynes, Anti-Semite? Really?	https://hapgood.us/2011/12/31/keynes-anti-semite-really/	by/2011--hapgood-keynes-anti-semite-really.md	3892
2012-01-04	Hello world!	https://hapgood.us/2012/01/04/hello-world-2/	by/2012--hapgood-hello-world-2.md	86
2012-01-15		https://hapgood.us/2012/01/15/from-a-n-whitehead8217s-an-introduction-to-mathematics-a-brilliant-early-reflection-on-what-we-now-see-as-a-system-1system-2-problem-8220it-is-a-profoundly-erroneous-truism-repeated-by-all-copy-books/	by/2012--hapgood-from-a-n-whitehead8217s-an-introduction-to-mathematics-a-bri.md	479
2012-01-20		https://hapgood.us/2012/01/20/i8217ve-been-playing-around-with-cognitive-disfluency-in-slide-design-for-my-class-lately-trying-to-solve-a-conundrumthe-problem-is-this-8212-we-know-from-research-that-reading-materials-that-introduc/	by/2012--hapgood-i8217ve-been-playing-around-with-cognitive-disfluency-in-sli.md	2121
2012-01-21		https://hapgood.us/2012/01/21/researching-my-health-statistics-class-and-found-this-greatwalk-throughof-the-issues-of-sensitivity-and-specificity-in-medical-test-design-and-interpretation-clear-easy-to-read-and-suitable-for-everyo/	by/2012--hapgood-researching-my-health-statistics-class-and-found-this-greatw.md	1412
2012-01-22	The Numbers Game	https://hapgood.us/2012/01/22/the-numbers-game/	by/2012--hapgood-the-numbers-game.md	1452
2012-01-23		https://hapgood.us/2012/01/23/a-nice-summary-on-mean-median-mode-range-and-standard-deviation-from-basic-statistics-for-thebehavioralsciencesfrom-heiman/	by/2012--hapgood-a-nice-summary-on-mean-median-mode-range-and-standard-deviat.md	266
2012-01-23	Udacity and the future of online universities	https://hapgood.us/2012/01/23/udacity-and-the-future-of-online-universities/	by/2012--hapgood-udacity-and-the-future-of-online-universities.md	2162
2012-01-23	How Visa Predicts Divorce	https://hapgood.us/2012/01/23/how-visa-predicts-divorce/	by/2012--hapgood-how-visa-predicts-divorce.md	1749
2012-01-24	Are we winning or losing the “War on Cancer”?	https://hapgood.us/2012/01/24/are-we-winning-or-losing-the-war-on-cancer/	by/2012--hapgood-are-we-winning-or-losing-the-war-on-cancer.md	1877
2012-01-24	On Sex After Prostate Surgery, Confusing Data [Problems with Term Definition]	https://hapgood.us/2012/01/24/on-sex-after-prostate-surgery-confusing-data-problems-with-term-definition/	by/2012--hapgood-on-sex-after-prostate-surgery-confusing-data-problems-with-t.md	2586
2012-01-24	Tutoring at Scale Sighting	https://hapgood.us/2012/01/24/tutoring-at-scale-sighting/	by/2012--hapgood-tutoring-at-scale-sighting.md	944
2012-01-25	Infant mortality and choice of a base	https://hapgood.us/2012/01/25/infant-mortality-and-choice-of-a-base/	by/2012--hapgood-infant-mortality-and-choice-of-a-base.md	1014
2012-01-25	‘Adrift’ in Adulthood: Students Who Struggled in College Find Life Harsher After Graduation	https://hapgood.us/2012/01/25/adrift-in-adulthood-students-who-struggled-in-college-find-life-harsher-after-graduation/	by/2012--hapgood-adrift-in-adulthood-students-who-struggled-in-college-find-l.md	2485
2012-01-26		https://hapgood.us/2012/01/26/diagnostic-vs-spectral-markers-from-principles-of-medical-statisticsdiagnostic-markers-are-about-whether-the-disease-is-present-whereas-spectral-markers-deal-with-severity-and-stage/	by/2012--hapgood-diagnostic-vs-spectral-markers-from-principles-of-medical-st.md	324
2012-01-27		https://hapgood.us/2012/01/27/fromswing-votersviailovechartsthis-is-a-great-example-for-students-of-how-longitudinal-measurement-is-sometimes-used-in-polling-to-understand-the-effect-of-a-specific-event-the-post-speech-numbers-alo/	by/2012--hapgood-fromswing-votersviailovechartsthis-is-a-great-example-for-st.md	559
2012-01-27	Incidence, Prevalence, and the Obama Job Record	https://hapgood.us/2012/01/27/incidence-prevalence-and-the-obama-job-record/	by/2012--hapgood-incidence-prevalence-and-the-obama-job-record.md	3842
2012-01-28	Predictive Efficiency	https://hapgood.us/2012/01/28/from-farrington-amp-tarling8217s-prediction-in-criminology-a-new-term-predictive-efficiency-the-way-to-think-about-it-is-this-8212-suppose-i-say-that-a-college-education-predicts-low-incidence-of-bein/	by/2012--hapgood-from-farrington-amp-tarling8217s-prediction-in-criminology-a.md	825
2012-01-29	A good example of age as confounder	https://hapgood.us/2012/01/29/a-good-example-of-age-as-confounder/	by/2012--hapgood-a-good-example-of-age-as-confounder.md	1085
2012-01-30	Simpson’s Paradox	https://hapgood.us/2012/01/30/example-of-simpson8217s-paradox-from-the-numbers-behind-numb3rsin-this-example8222-women-are-accepted-at-a-higher-rate-or-roughly-equal-rate-to-all-ofberkeley8217sprograms-but-are-accepted-a-a-lower-r/	by/2012--hapgood-example-of-simpson8217s-paradox-from-the-numbers-behind-numb.md	323
2012-01-31	Ecological Validity	https://hapgood.us/2012/01/31/ecological-validity/	by/2012--hapgood-ecological-validity.md	1302
2012-02-01	Skewness	https://hapgood.us/2012/02/01/skewness-8212-i-think-the-idea-a-distribution-has-a-shape-is-something-that-some-students-just-don8217t-grasp-and-i8217ve-never-got-a-good-grip-on-what-it-is-that-blocks-them-from-understanding-concep/	by/2012--hapgood-skewness-8212-i-think-the-idea-a-distribution-has-a-shape-is.md	906
2012-02-01	Problems of Definition: Elsevier’s Prices	https://hapgood.us/2012/02/01/problems-of-definition-elseviers-prices/	by/2012--hapgood-problems-of-definition-elseviers-prices.md	2713
2012-02-02	Gallup 1946	https://hapgood.us/2012/02/02/i-knew-about-the-poll-in-1936-that-changed-everything-8212-where-the-two-million-responses-collated-by-the-literary-digest-were-dead-wrong-while-the-50000-responses-scientifically-selected-by-george-g/	by/2012--hapgood-i-knew-about-the-poll-in-1936-that-changed-everything-8212-w.md	1361
2012-02-03	Hill’s nine criteria for causal association	https://hapgood.us/2012/02/03/hills-nine-criteria-for-causal-association/	by/2012--hapgood-hills-nine-criteria-for-causal-association.md	2189
2012-02-04	Obesity and C-Section StatLit Materials	https://hapgood.us/2012/02/04/obesity-and-c-section-statlit-materials/	by/2012--hapgood-obesity-and-c-section-statlit-materials.md	4105
2012-02-04	Fireside Tutorials and Punk Economics	https://hapgood.us/2012/02/04/fireside-tutorials-and-punk-economics/	by/2012--hapgood-fireside-tutorials-and-punk-economics.md	560
2012-02-06	Comparing Electoral Behavior	https://hapgood.us/2012/02/06/comparing-electoral-behavior/	by/2012--hapgood-comparing-electoral-behavior.md	2081
2012-02-07	Concept Inventories and Dan Meyer’s Linear Modeling Exercise	https://hapgood.us/2012/02/07/concept-inventories-and-dan-meyers-linear-modeling-exercise/	by/2012--hapgood-concept-inventories-and-dan-meyers-linear-modeling-exercise.md	1204
2012-02-08	Divided Attention During Lecture	https://hapgood.us/2012/02/08/divided-attention-during-lecture/	by/2012--hapgood-divided-attention-during-lecture.md	1522
2012-02-09	I want to do this in a class….	https://hapgood.us/2012/02/09/i-want-to-do-this-in-a-class/	by/2012--hapgood-i-want-to-do-this-in-a-class.md	875
2012-02-16	Randomness	https://hapgood.us/2012/02/16/students-really-don8217t-get-randomness-this-is-the-classic-trick-coin-flip-question-8212-i-have-a-trick-coin-that-either-comes-up-heads-a-bit-more-than-tails-or-tails-a-bit-more-than-heads-they-sell/	by/2012--hapgood-students-really-don8217t-get-randomness-this-is-the-classic.md	723
2012-02-19	Happiness	https://hapgood.us/2012/02/19/another-day-another-misguided-graph-on-happiness-research-this-time-fast-company-tech-populations-are-ground-zero-for-happiness-research-for-some-reason-puts-up-the-graph-above-which-seems-interesting/	by/2012--hapgood-another-day-another-misguided-graph-on-happiness-research-th.md	2294
2012-02-20	Liberal Arts and Transfer	https://hapgood.us/2012/02/20/liberal-arts-and-transfer/	by/2012--hapgood-liberal-arts-and-transfer.md	1977
2012-02-21	Comparing Election Spending	https://hapgood.us/2012/02/21/comparing-election-spending/	by/2012--hapgood-comparing-election-spending.md	3339
2012-02-21	Dan Meyer on How to Rewrite Textbook Math Problems	https://hapgood.us/2012/02/21/dan-meyer-on-high-school-math/	by/2012--hapgood-dan-meyer-on-high-school-math.md	210
2012-02-22	Preface to Making Fair Comparisons	https://hapgood.us/2012/02/22/preface-to-making-fair-comparisons/	by/2012--hapgood-preface-to-making-fair-comparisons.md	2729
2012-02-24	Longitudinal Quintiles by Percentage	https://hapgood.us/2012/02/24/longitudinal-quintiles-by-percentage/	by/2012--hapgood-longitudinal-quintiles-by-percentage.md	985
2012-02-24	The Chemistry Behind Summer Gas Price Hikes	https://hapgood.us/2012/02/24/the-chemistry-behind-summer-gas-price-hikes/	by/2012--hapgood-the-chemistry-behind-summer-gas-price-hikes.md	1124
2012-02-25	Controlling for Cyclical Effects	https://hapgood.us/2012/02/25/controlling-for-cyclical-effects/	by/2012--hapgood-controlling-for-cyclical-effects.md	1521
2012-02-26	Mental Experiments and Santorum’s Atheist Factories	https://hapgood.us/2012/02/26/mental-experiments-and-santorums-atheist-factories/	by/2012--hapgood-mental-experiments-and-santorums-atheist-factories.md	4515
2012-02-27	Manifesto for Teaching Online	https://hapgood.us/2012/02/27/manifesto-for-teaching-online/	by/2012--hapgood-manifesto-for-teaching-online.md	423
2012-03-01	Seniors say they sleep better than younger adults [self-report bias]	https://hapgood.us/2012/03/01/self-reporting-bias-across-generations/	by/2012--hapgood-self-reporting-bias-across-generations.md	1711
2012-03-03	Behind the Numbers – Nigel Hawkes	https://hapgood.us/2012/03/03/behind-the-numbers-nigel-hawkes/	by/2012--hapgood-behind-the-numbers-nigel-hawkes.md	463
2012-03-04	Repeat After Me: The Dose Makes the Poison	https://hapgood.us/2012/03/04/repeat-after-me-the-dose-makes-the-poison/	by/2012--hapgood-repeat-after-me-the-dose-makes-the-poison.md	3523
2012-03-04	Example COMPARABLE Analysis: College Graduate Debt	https://hapgood.us/2012/03/04/example-comparable-analysis-college-graduate-debt/	by/2012--hapgood-example-comparable-analysis-college-graduate-debt.md	5450
2012-03-04	Does Dartmouth Affect New Hampshire’s Student Debt Rates?	https://hapgood.us/2012/03/04/does-dartmouth-affect-new-hampshires-student-debt-rates/	by/2012--hapgood-does-dartmouth-affect-new-hampshires-student-debt-rates.md	2015
2012-03-06	College Completion Rates vs. College Attainment Rates	https://hapgood.us/2012/03/06/college-completion-rates-vs-college-attainment-rates/	by/2012--hapgood-college-completion-rates-vs-college-attainment-rates.md	2840
2012-03-06	The New College Completion Site and Disruptive Change	https://hapgood.us/2012/03/06/the-new-college-completion-site-and-disruptive-change/	by/2012--hapgood-the-new-college-completion-site-and-disruptive-change.md	5278
2012-03-07	Mean vs. Median Student Loan Debt	https://hapgood.us/2012/03/07/mean-vs-median-student-loan-debt/	by/2012--hapgood-mean-vs-median-student-loan-debt.md	2831
2012-03-07	Stinking Badges	https://hapgood.us/2012/03/07/stinking-badges/	by/2012--hapgood-stinking-badges.md	2399
2012-03-08	Medical Student Debt is a Significant Subpopulation of Student Debt	https://hapgood.us/2012/03/08/medical-student-debt-is-a-significant-subpopulation-of-student-debt/	by/2012--hapgood-medical-student-debt-is-a-significant-subpopulation-of-stude.md	2742
2012-03-09	Patrick Casey on Checking Media Stats	https://hapgood.us/2012/03/09/patrick-casey-on-checking-media-stats/	by/2012--hapgood-patrick-casey-on-checking-media-stats.md	291
2012-03-13	The Difference Between Median Student Debt and What the Median Student Owes	https://hapgood.us/2012/03/13/the-difference-between-median-student-debt-and-what-the-median-student-owes/	by/2012--hapgood-the-difference-between-median-student-debt-and-what-the-medi.md	2194
2012-03-13	Straw Men	https://hapgood.us/2012/03/13/straw-men/	by/2012--hapgood-straw-men.md	1901
2012-03-13	Rob Cook on Evaluating Epidemiological Studies	https://hapgood.us/2012/03/13/rob-cook-on-evaluating-epidemiological-studies/	by/2012--hapgood-rob-cook-on-evaluating-epidemiological-studies.md	0
2012-03-15	More Confused Credit Card vs. Student Debt Reporting	https://hapgood.us/2012/03/15/more-confused-credit-card-vs-student-debt-reporting/	by/2012--hapgood-more-confused-credit-card-vs-student-debt-reporting.md	2909
2012-03-15	Number Needed to Treat!	https://hapgood.us/2012/03/15/number-needed-to-treat/	by/2012--hapgood-number-needed-to-treat.md	1403
2012-03-18	Comparing Porn Prosecutions	https://hapgood.us/2012/03/18/comparing-porn-prosecutions/	by/2012--hapgood-comparing-porn-prosecutions.md	4080
2012-03-18	Scary Chart of the Day: Sources of Health Insurance	https://hapgood.us/2012/03/18/scary-chart-of-the-day-sources-of-health-insurance/	by/2012--hapgood-scary-chart-of-the-day-sources-of-health-insurance.md	79
2012-03-19	Plenary Workshop at NELIG: What is Critical Thinking, and Why Is It So Hard to Teach?	https://hapgood.us/2012/03/19/plenary-workshop-at-nelig-what-is-critical-thinking-and-why-is-it-so-hard-to-teach/	by/2012--hapgood-plenary-workshop-at-nelig-what-is-critical-thinking-and-why.md	2997
2012-03-19	The Golden Rule of Comparison and the ACA	https://hapgood.us/2012/03/19/the-golden-rule-of-comparison-and-the-aca/	by/2012--hapgood-the-golden-rule-of-comparison-and-the-aca.md	2883
2012-03-25	That Millennial Study and Baselines	https://hapgood.us/2012/03/25/that-millennial-study-and-baselines/	by/2012--hapgood-that-millennial-study-and-baselines.md	842
2012-03-26	Comparison of the Day: Gas Prices	https://hapgood.us/2012/03/26/comparison-of-the-day-gas-prices/	by/2012--hapgood-comparison-of-the-day-gas-prices.md	1099
2012-03-27	Blackboard, Moodle, and the Commodity LMS	https://hapgood.us/2012/03/27/blackboard-moodle-and-the-commodity-lms/	by/2012--hapgood-blackboard-moodle-and-the-commodity-lms.md	4888
2012-03-27	Comparison of the Day: Barefoot Running	https://hapgood.us/2012/03/27/comparison-of-the-day-barefoot-running/	by/2012--hapgood-comparison-of-the-day-barefoot-running.md	2242
2012-03-29	Comparison of the Day: Heavy Metal Bands per 100,000 People	https://hapgood.us/2012/03/29/comparison-of-the-day-heavy-metal-bands-per-100000-people/	by/2012--hapgood-comparison-of-the-day-heavy-metal-bands-per-100000-people.md	227
2012-03-31	Does More Books Mean More Titles or More Editions? (A critique of that graph going around)	https://hapgood.us/2012/03/31/does-more-books-mean-more-titles-or-more-editions-a-critique-of-that-graph-going-around/	by/2012--hapgood-does-more-books-mean-more-titles-or-more-editions-a-critique.md	5568
2012-04-01	Pro-Privacy Viruses	https://hapgood.us/2012/04/01/pro-privacy-viruses/	by/2012--hapgood-pro-privacy-viruses.md	2200
2012-04-02	Comparison of the Day: BMI/Mortality J-Curve	https://hapgood.us/2012/04/02/comparison-of-the-day-bmimortality-j-curve/	by/2012--hapgood-comparison-of-the-day-bmimortality-j-curve.md	1691
2012-04-03	Comparison of the Day: CFL vs. Incandescent Mercury Pollution	https://hapgood.us/2012/04/03/comparison-of-the-day-cfl-vs-incandescent-mercury-pollution/	by/2012--hapgood-comparison-of-the-day-cfl-vs-incandescent-mercury-pollution.md	1132
2012-04-04	Comparison of the Day: Conservative vs. Liberal Trust of Science	https://hapgood.us/2012/04/04/comparison-of-the-day-conservative-vs-liberal-trust-of-science/	by/2012--hapgood-comparison-of-the-day-conservative-vs-liberal-trust-of-scien.md	1834
2012-04-05	When Percentages Go Wrong	https://hapgood.us/2012/04/05/when-percentages-go-wrong/	by/2012--hapgood-when-percentages-go-wrong.md	363
2012-04-05	Mental Experiments and the Mancovery	https://hapgood.us/2012/04/05/mental-experiments-and-the-mancovery/	by/2012--hapgood-mental-experiments-and-the-mancovery.md	2163
2012-04-06	Comparison of the Day: Unemployment by College Major	https://hapgood.us/2012/04/06/comparison-of-the-day-unemployment-by-college-major/	by/2012--hapgood-comparison-of-the-day-unemployment-by-college-major.md	1420
2012-04-07	Choosing definitions: BMI vs. DXA (or, Why BMI Is Not a Lie)	https://hapgood.us/2012/04/07/choosing-definitions-bmi-vs-dxi/	by/2012--hapgood-choosing-definitions-bmi-vs-dxi.md	3204
2012-04-13	Comparison of the Day: SIDS and Prone Sleeping in Norway	https://hapgood.us/2012/04/13/comparison-of-the-day-sids-and-prone-sleeping-in-norway/	by/2012--hapgood-comparison-of-the-day-sids-and-prone-sleeping-in-norway.md	1778
2012-04-14	How Not To Do a Graph: Distribution of U.S. Food Dollar	https://hapgood.us/2012/04/14/how-not-to-do-a-graph-distribution-of-u-s-food-dollar/	by/2012--hapgood-how-not-to-do-a-graph-distribution-of-u-s-food-dollar.md	459
2012-04-15	A Note on Farm Share and Subgroups	https://hapgood.us/2012/04/15/a-note-on-farm-share-and-subgroups/	by/2012--hapgood-a-note-on-farm-share-and-subgroups.md	1544
2012-04-20	Quantitative Reasoning MOOC Update	https://hapgood.us/2012/04/20/quantitative-reasoning-mooc-update/	by/2012--hapgood-quantitative-reasoning-mooc-update.md	1334
2012-04-30	WordPress eTextbooks	https://hapgood.us/2012/04/30/wordpress-etextbooks/	by/2012--hapgood-wordpress-etextbooks.md	1350
2012-05-02	You are the “product” at your local bar as well	https://hapgood.us/2012/05/02/you-are-the-product-at-your-local-bar-as-well/	by/2012--hapgood-you-are-the-product-at-your-local-bar-as-well.md	2381
2012-05-04	We Built the Pineapple, Not Pearson.	https://hapgood.us/2012/05/04/the-unbearable-beigeness-of-the-hare-and-the-pineapple/	by/2012--hapgood-the-unbearable-beigeness-of-the-hare-and-the-pineapple.md	8950
2012-05-08	Statistical Reasoning BEFORE Statistical Methods	https://hapgood.us/2012/05/08/statistical-reasoning-before-statistical-methods/	by/2012--hapgood-statistical-reasoning-before-statistical-methods.md	1439
2012-05-14	Peter Thiel Looks to Hire College Grad with “High GPA” from a “Top-tier University”	https://hapgood.us/2012/05/14/peter-thiel-looks-to-hire-college-grad-with-high-gpa-from-a-top-tier-university/	by/2012--hapgood-peter-thiel-looks-to-hire-college-grad-with-high-gpa-from-a.md	2525
2012-05-16	The NY Times is Ridiculously Sloppy in Talking About College Cost	https://hapgood.us/2012/05/16/the-ny-times-is-ridiculously-sloppy-in-talking-about-college-cost/	by/2012--hapgood-the-ny-times-is-ridiculously-sloppy-in-talking-about-college.md	5019
2012-05-23	Screw MOOCs, Let’s Do MANICs.	https://hapgood.us/2012/05/23/screw-moocs-lets-do-manics/	by/2012--hapgood-screw-moocs-lets-do-manics.md	3046
2012-05-23	Interlibrary Loan is the Prototypical Red Balloon Project	https://hapgood.us/2012/05/23/interlibrary-loan-is-the-prototypical-red-balloon-project/	by/2012--hapgood-interlibrary-loan-is-the-prototypical-red-balloon-project.md	7686
2012-05-23	Amazon.com, Interlibrary Loan, and MACCs	https://hapgood.us/2012/05/23/amazon-com-interlibrary-loan-and-maccs/	by/2012--hapgood-amazon-com-interlibrary-loan-and-maccs.md	1096
2012-06-11	How Much Does EdX *Really* Cost?	https://hapgood.us/2012/06/11/how-much-does-edx-really-cost/	by/2012--hapgood-how-much-does-edx-really-cost.md	2185
2012-06-27	Online Residential and the End of Course Scarcity	https://hapgood.us/2012/06/27/online-residential-and-the-end-of-course-scarcity/	by/2012--hapgood-online-residential-and-the-end-of-course-scarcity.md	2899
2012-07-02	Residential Online, a Reintroduction	https://hapgood.us/2012/07/02/residential-online-a-reintroduction/	by/2012--hapgood-residential-online-a-reintroduction.md	4661
2012-07-07	Touchstone Values, Population	https://hapgood.us/2012/07/07/touchstone-values-population/	by/2012--hapgood-touchstone-values-population.md	2820
2012-07-09	The Residential Online Consensus Builds	https://hapgood.us/2012/07/09/the-residential-online-consensus-builds/	by/2012--hapgood-the-residential-online-consensus-builds.md	4442
2012-07-10	Why Google Doesn’t Render Memory Obsolete	https://hapgood.us/2012/07/10/why-google-doesnt-render-memory-obsolete/	by/2012--hapgood-why-google-doesnt-render-memory-obsolete.md	5449
2012-07-26	What People Mean When they Complain About Khan Academy	https://hapgood.us/2012/07/26/what-people-mean-when-they-complain-about-khan-academy/	by/2012--hapgood-what-people-mean-when-they-complain-about-khan-academy.md	2601
2012-07-26	George Washington’s Vision for a National University	https://hapgood.us/2012/07/26/george-washingtons-vision-for-a-national-university/	by/2012--hapgood-george-washingtons-vision-for-a-national-university.md	3138
2012-07-30	The Bandcamp Model for Social Media	https://hapgood.us/2012/07/30/the-bandcamp-model-for-social-media/	by/2012--hapgood-the-bandcamp-model-for-social-media.md	3429
2012-07-30	The Post-Content LMS (Caution: 20-Page Whitepaper)	https://hapgood.us/2012/07/30/the-post-content-lms-caution-20-page-whitepaper/	by/2012--hapgood-the-post-content-lms-caution-20-page-whitepaper.md	2806
2012-07-31	Microsoft’s New Site Outlook.com Organizes All Your Social Activity (and initially, I’m impressed)	https://hapgood.us/2012/07/31/microsoft-outlook-com-organizes-all-your-social-activity/	by/2012--hapgood-microsoft-outlook-com-organizes-all-your-social-activity.md	1064
2012-08-02	Laptops and Class Attention	https://hapgood.us/2012/08/02/laptops-and-class-attention/	by/2012--hapgood-laptops-and-class-attention.md	2596
2012-08-06	Lehrer’s Dylan, Information Literacy, and Van Halen’s Brown M&M’s	https://hapgood.us/2012/08/06/lehrers-dylan-information-literacy-and-van-halens-brown-mms/	by/2012--hapgood-lehrers-dylan-information-literacy-and-van-halens-brown-mms.md	6283
2012-08-07	True of EdTech as Well	https://hapgood.us/2012/08/07/true-of-edtech-as-well/	by/2012--hapgood-true-of-edtech-as-well.md	2832
2012-08-08	Mean, Median, and Cutpoint Percentages?	https://hapgood.us/2012/08/08/mean-median-and-cutpoint-percentages/	by/2012--hapgood-mean-median-and-cutpoint-percentages.md	2542
2012-08-16	Teaching is the enforcement of norms, we should deal with that.	https://hapgood.us/2012/08/16/teaching-is-the-enforcement-of-norms-we-should-deal-with-that/	by/2012--hapgood-teaching-is-the-enforcement-of-norms-we-should-deal-with-tha.md	1441
2012-08-17	Coercion and Online Communties	https://hapgood.us/2012/08/17/coercion-and-online-communties/	by/2012--hapgood-coercion-and-online-communties.md	4151
2012-08-20	What drives me crazy about student debt articles	https://hapgood.us/2012/08/20/what-drives-me-crazy-about-student-debt-articles/	by/2012--hapgood-what-drives-me-crazy-about-student-debt-articles.md	4668
2012-08-23	Beloit Mindset Painfully Wrong On Radio	https://hapgood.us/2012/08/23/beloit-mindset-painfully-wrong-on-radio/	by/2012--hapgood-beloit-mindset-painfully-wrong-on-radio.md	4009
2012-08-24	Course Signals and Analytics	https://hapgood.us/2012/08/24/course-signals-and-analytics/	by/2012--hapgood-course-signals-and-analytics.md	5683
2012-08-25	True of Higher Education As Well	https://hapgood.us/2012/08/25/true-of-higher-education-as-well/	by/2012--hapgood-true-of-higher-education-as-well.md	1616
2012-08-28	How MOOCs Could Kill Higher Education	https://hapgood.us/2012/08/28/how-moocs-will-kill-higher-education/	by/2012--hapgood-how-moocs-will-kill-higher-education.md	2430
2012-08-29	The Best Classroom Technology to Buy Is a Classroom	https://hapgood.us/2012/08/29/the-best-classroom-technology-to-buy-is-a-classroom/	by/2012--hapgood-the-best-classroom-technology-to-buy-is-a-classroom.md	2100
2012-08-30	MOOC Follow-ons	https://hapgood.us/2012/08/30/mooc-follow-ons/	by/2012--hapgood-mooc-follow-ons.md	3430
2012-09-01	Why We Shouldn’t Talk MOOCs as Meritocracies	https://hapgood.us/2012/09/01/why-we-shouldnt-talk-moocs-as-meritocracies/	by/2012--hapgood-why-we-shouldnt-talk-moocs-as-meritocracies.md	6285
2012-09-08	Two Types of Unbundling (and which one we should worry about)	https://hapgood.us/2012/09/08/two-types-of-unbundling-and-which-one-we-should-worry-about/	by/2012--hapgood-two-types-of-unbundling-and-which-one-we-should-worry-about.md	4124
2012-09-12	MOOC-land Through the Residential Online Prism	https://hapgood.us/2012/09/12/mooc-land-through-the-residential-online-prism/	by/2012--hapgood-mooc-land-through-the-residential-online-prism.md	2100
2012-09-13	Economies of Not-so-Scale and Marginal Costs of Not-Quite-Zero	https://hapgood.us/2012/09/13/economies-of-not-so-scale-and-marginal-costs-of-not-quite-zero/	by/2012--hapgood-economies-of-not-so-scale-and-marginal-costs-of-not-quite-ze.md	2238
2012-09-24	xMOOCs Won’t Be Elite For Long	https://hapgood.us/2012/09/24/xmoocs-wont-be-elite-for-long/	by/2012--hapgood-xmoocs-wont-be-elite-for-long.md	2712
2012-10-09	Productionist Models and Education	https://hapgood.us/2012/10/09/productionist-models-and-education/	by/2012--hapgood-productionist-models-and-education.md	3961
2012-10-10	Only 16% of Students “Traditional”? Not exactly.	https://hapgood.us/2012/10/10/only-16-of-students-traditional-not-exactly/	by/2012--hapgood-only-16-of-students-traditional-not-exactly.md	3396
2012-10-12	Outflow issues and “Traditional Students”	https://hapgood.us/2012/10/12/outflow-issues-and-traditional-students/	by/2012--hapgood-outflow-issues-and-traditional-students.md	1571
2012-10-14	Cost Disease vs. The Fall of the Faculty	https://hapgood.us/2012/10/14/cost-disease-vs-the-fall-of-the-faculty/	by/2012--hapgood-cost-disease-vs-the-fall-of-the-faculty.md	1600
2012-10-15	UMW & Event-ness, Revisited	https://hapgood.us/2012/10/15/umw-event-ness-revisited/	by/2012--hapgood-umw-event-ness-revisited.md	2213
2012-10-16	How TED Culture Destroyed the World, Literally	https://hapgood.us/2012/10/16/how-ted-culture-destroyed-the-world-literally/	by/2012--hapgood-how-ted-culture-destroyed-the-world-literally.md	2411
2012-10-18	xMOOCs = OCW + Cohorts	https://hapgood.us/2012/10/18/xmoocs-ocw-cohorts/	by/2012--hapgood-xmoocs-ocw-cohorts.md	2399
2012-10-31	Coursera, CC-NC, and OCW	https://hapgood.us/2012/10/31/coursera-cc-nc-and-ocw/	by/2012--hapgood-coursera-cc-nc-and-ocw.md	2237
2012-10-31	You could do this with MOOCs too	https://hapgood.us/2012/10/31/you-could-do-this-with-moocs-too/	by/2012--hapgood-you-could-do-this-with-moocs-too.md	2187
2012-10-31	Scoring Self-Study Quizzes Online, an IF-AT Model	https://hapgood.us/2012/10/31/scoring-self-study-quizzes-online-an-if-at-model/	by/2012--hapgood-scoring-self-study-quizzes-online-an-if-at-model.md	2233
2012-11-05	Unbundling vs. Embedding: Approaches to reuse of integrated course objects	https://hapgood.us/2012/11/05/unbundling-vs-embedding-approaches-to-reuse-of-integrated-course-objects/	by/2012--hapgood-unbundling-vs-embedding-approaches-to-reuse-of-integrated-co.md	5199
2012-11-07	Who is accountable at Coursera?	https://hapgood.us/2012/11/07/who-is-accountable-at-coursera/	by/2012--hapgood-who-is-accountable-at-coursera.md	1829
2012-11-09	How Coursera Could Walk the Talk About MOOC-wrapping	https://hapgood.us/2012/11/09/how-coursera-could-walk-the-talk-about-mooc-wrapping/	by/2012--hapgood-how-coursera-could-walk-the-talk-about-mooc-wrapping.md	5261
2012-11-09	Coursera praises MOOC-wrapping as they attempt to ban it	https://hapgood.us/2012/11/09/coursera-praises-mooc-wrapping-as-they-attempt-to-ban-it/	by/2012--hapgood-coursera-praises-mooc-wrapping-as-they-attempt-to-ban-it.md	3621
2012-11-12	OER and Iterative Improvement	https://hapgood.us/2012/11/12/oer-and-iterative-improvement/	by/2012--hapgood-oer-and-iterative-improvement.md	1762
2012-11-13	Clay Shirky says xMOOCs = OCW + Cohorts	https://hapgood.us/2012/11/13/clay-shirky-says-xmoocs-ocw-cohorts/	by/2012--hapgood-clay-shirky-says-xmoocs-ocw-cohorts.md	1310
2012-11-16	Residential Online is the Future of Your Institution (2tor Edition)	https://hapgood.us/2012/11/16/residential-online-is-the-future-of-your-institution-2tor-edition/	by/2012--hapgood-residential-online-is-the-future-of-your-institution-2tor-ed.md	1167
2012-11-26	Introducing the Feed-Forward xMOOC (Intro Psych Edition)	https://hapgood.us/2012/11/26/introducing-the-feed-forward-xmooc-intro-psych-edition/	by/2012--hapgood-introducing-the-feed-forward-xmooc-intro-psych-edition.md	6754
2012-11-30	A Perfect Term Paper Assignment from Kurt Vonnegut	https://hapgood.us/2012/11/30/a-perfect-term-paper-assignment-from-kurt-vonnegut/	by/2012--hapgood-a-perfect-term-paper-assignment-from-kurt-vonnegut.md	3387
2012-11-30	A Practical (and Real) Question About CC-NC	https://hapgood.us/2012/11/30/a-practical-and-real-question-about-cc-nc/	by/2012--hapgood-a-practical-and-real-question-about-cc-nc.md	3725
2012-12-01	Our Mission in a Time of “Disruption”	https://hapgood.us/2012/12/01/our-mission-in-a-time-of-disruption/	by/2012--hapgood-our-mission-in-a-time-of-disruption.md	2205
2012-12-05	MOOCs after the MOOC is done	https://hapgood.us/2012/12/05/moocs-after-the-mooc-is-done/	by/2012--hapgood-moocs-after-the-mooc-is-done.md	1494
2012-12-11	Threads and the Wrappable MOOC	https://hapgood.us/2012/12/11/threads-and-the-wrappable-mooc/	by/2012--hapgood-threads-and-the-wrappable-mooc.md	3995
2012-12-17	Openness is still the only superpower	https://hapgood.us/2012/12/17/openness-is-still-the-killer-feature/	by/2012--hapgood-openness-is-still-the-killer-feature.md	7114
2012-12-19	Needless competition is what is killing higher education, Followers of the Apocalyspe edition	https://hapgood.us/2012/12/19/needless-competition-is-what-is-killing-higher-education-followers-of-the-apocalyspe-edition/	by/2012--hapgood-needless-competition-is-what-is-killing-higher-education-fol.md	2020
2012-12-29	Interleaving, Threads, and the MIXABLE MOOC	https://hapgood.us/2012/12/29/interleaving-threads-and-the-mixable-mooc/	by/2012--hapgood-interleaving-threads-and-the-mixable-mooc.md	2310
2013-01-02	Prepping for the Wrong Future, Residential Online Edition	https://hapgood.us/2013/01/02/prepping-for-the-wrong-future-residential-online-edition/	by/2013--hapgood-prepping-for-the-wrong-future-residential-online-edition.md	3090
2013-01-02	Random Username Generator & Magic FERPA Solution	https://hapgood.us/2013/01/02/random-username-generator-magic-ferpa-solution/	by/2013--hapgood-random-username-generator-magic-ferpa-solution.md	1409
2013-01-03	Are conversation and customization orthogonal? Some thoughts on the Rocketship Schools announcement.	https://hapgood.us/2013/01/03/are-conversation-and-customization-orthogonal-some-thoughts-on-the-rocketship-schools-announcement/	by/2013--hapgood-are-conversation-and-customization-orthogonal-some-thoughts.md	6870
2013-01-04	The mixably Open Online Course (mOOC). Part I: Module Structure.	https://hapgood.us/2013/01/04/the-mixably-open-online-course-mooc-part-i-module-structure/	by/2013--hapgood-the-mixably-open-online-course-mooc-part-i-module-structure.md	755
2013-01-07	Education Analysts Have Predicted 7 of the Last 0 Mobile Revolutions	https://hapgood.us/2013/01/07/education-analysts-have-predicted-7-of-the-last-0-mobile-revolutions/	by/2013--hapgood-education-analysts-have-predicted-7-of-the-last-0-mobile-rev.md	1837
2013-01-07	The mixably Open Online Course (mOOC), Part 1.5: OER and Integration Cost	https://hapgood.us/2013/01/07/the-mixably-open-online-course-mooc-part-1-5-oer-and-integration-cost/	by/2013--hapgood-the-mixably-open-online-course-mooc-part-1-5-oer-and-integra.md	691
2013-01-08	The Hidden PowerSchool Revolution	https://hapgood.us/2013/01/08/the-hidden-powerschool-revolution/	by/2013--hapgood-the-hidden-powerschool-revolution.md	1796
2013-01-11	The Odd Failure of Customized Learning	https://hapgood.us/2013/01/11/the-odd-failure-of-customized-learning/	by/2013--hapgood-the-odd-failure-of-customized-learning.md	2581
2013-01-13	Self-Education	https://hapgood.us/2013/01/13/self-education/	by/2013--hapgood-self-education.md	1634
2013-01-14	Between Micropolitics and Martyrdom	https://hapgood.us/2013/01/14/between-micropolitics-and-martyrdom/	by/2013--hapgood-between-micropolitics-and-martyrdom.md	2354
2013-01-21	Here it comes	https://hapgood.us/2013/01/21/here-it-comes/	by/2013--hapgood-here-it-comes.md	2335
2013-01-24	Centralized Course, Distributed Sections (mOOC Clarification)	https://hapgood.us/2013/01/24/centralized-course-distributed-sections-mooc-clarification/	by/2013--hapgood-centralized-course-distributed-sections-mooc-clarification.md	2288
2013-01-28	Both MOOCs and Textbooks Will End Up Courseware	https://hapgood.us/2013/01/28/both-moocs-and-textbooks-will-end-up-courseware/	by/2013--hapgood-both-moocs-and-textbooks-will-end-up-courseware.md	1922
2013-01-29	That “Janitor With a Degree” Study	https://hapgood.us/2013/01/29/that-janitor-with-a-degree-study/	by/2013--hapgood-that-janitor-with-a-degree-study.md	6670
2013-02-01	B. F. Skinner on Teaching Machines (1954)	https://hapgood.us/2013/02/01/b-f-skinner-on-teaching-machines-1954/	by/2013--hapgood-b-f-skinner-on-teaching-machines-1954.md	2982
2013-02-04	Maybe Colleges Should Worry Less About MOOCs and More About Textbook Companies?	https://hapgood.us/2013/02/04/maybe-colleges-should-worry-less-about-moocs-and-more-about-textbook-companies/	by/2013--hapgood-maybe-colleges-should-worry-less-about-moocs-and-more-about.md	613
2013-02-06	Lawrence Cremin on Educational Technology in 1989	https://hapgood.us/2013/02/06/lawrence-cremin-on-educational-technology-in-1989/	by/2013--hapgood-lawrence-cremin-on-educational-technology-in-1989.md	2081
2013-02-13	Cerego: A decay-aware memorization tool	https://hapgood.us/2013/02/13/cerego-a-decay-aware-memorization-tool/	by/2013--hapgood-cerego-a-decay-aware-memorization-tool.md	2513
2013-02-18	Donors Trust and Higher Education	https://hapgood.us/2013/02/18/maybe-someone-should-look-into-this/	by/2013--hapgood-maybe-someone-should-look-into-this.md	1901
2013-02-20	Your Institution Is Paying Millions of Dollars for Course Design (And You Don’t Even Know It)	https://hapgood.us/2013/02/20/your-institution-is-paying-millions-of-dollars-for-course-design-and-you-dont-even-know-it/	by/2013--hapgood-your-institution-is-paying-millions-of-dollars-for-course-de.md	2533
2013-02-22	The Oddity of MOOCs as OER and the Issue of Integration Cost	https://hapgood.us/2013/02/22/the-oddity-of-moocs-as-oer-and-the-issue-of-integration-cost/	by/2013--hapgood-the-oddity-of-moocs-as-oer-and-the-issue-of-integration-cost.md	5171
2013-03-04	An Institution Is Not an Invention: Heretical Thoughts on Mitra	https://hapgood.us/2013/03/04/an-institution-is-not-an-invention-heretical-thoughts-on-mitra/	by/2013--hapgood-an-institution-is-not-an-invention-heretical-thoughts-on-mit.md	10542
2013-03-05	I’m Changing Jobs	https://hapgood.us/2013/03/05/im-changing-jobs/	by/2013--hapgood-im-changing-jobs.md	3007
2013-03-11	Schumpeterian “Creative Destruction” and the Perfection of Market Imperfections	https://hapgood.us/2013/03/11/schumpeterian-creative-destruction-and-the-perfection-of-market-imperfections/	by/2013--hapgood-schumpeterian-creative-destruction-and-the-perfection-of-mar.md	9464
2013-03-14	I Have No Idea What That Electrodermal Study Means for Education	https://hapgood.us/2013/03/14/i-have-no-idea-what-that-electrodermal-study-means-for-education/	by/2013--hapgood-i-have-no-idea-what-that-electrodermal-study-means-for-educa.md	2000
2013-03-14	The Point Where the Toothpaste Will Not Go Back in the Tube	https://hapgood.us/2013/03/14/the-point-where-the-toothpaste-will-not-go-back-in-the-tube/	by/2013--hapgood-the-point-where-the-toothpaste-will-not-go-back-in-the-tube.md	3035
2013-03-29	Thoughts on To Save Everything, Click Here (and Higher Education)	https://hapgood.us/2013/03/29/thoughts-on-to-save-everything-click-here/	by/2013--hapgood-thoughts-on-to-save-everything-click-here.md	9822
2013-04-01	“If you want to be truly useful in the world, think beyond rarefied air”	https://hapgood.us/2013/04/01/if-you-want-to-be-truly-useful-in-the-world-think-beyond-rarefied-air/	by/2013--hapgood-if-you-want-to-be-truly-useful-in-the-world-think-beyond-rar.md	1638
2013-04-02	It’s Disruptive Policy not Disruptive Technology	https://hapgood.us/2013/04/02/its-disruptive-policy-not-disruptive-technology/	by/2013--hapgood-its-disruptive-policy-not-disruptive-technology.md	2818
2013-04-04	OERs Rule, MOOCs DROOL	https://hapgood.us/2013/04/04/oers-rule-moocs-drool/	by/2013--hapgood-oers-rule-moocs-drool.md	2728
2013-04-08	OER as Snapshot vs. OER as “Runnable Code”	https://hapgood.us/2013/04/08/oer-as-snapshot-vs-oer-as-runnable-code/	by/2013--hapgood-oer-as-snapshot-vs-oer-as-runnable-code.md	5092
2013-04-11	Introducing the “Distributed Flip”	https://hapgood.us/2013/04/11/introducing-the-distributed-flip/	by/2013--hapgood-introducing-the-distributed-flip.md	2963
2013-04-19	Intro Psych OOC Rolls On Without Me	https://hapgood.us/2013/04/19/intro-psych-ooc-rolls-on-without-me/	by/2013--hapgood-intro-psych-ooc-rolls-on-without-me.md	2135
2013-04-19	The Bloat	https://hapgood.us/2013/04/19/the-bloat/	by/2013--hapgood-the-bloat.md	5199
2013-04-21	Thank you, Cathy	https://hapgood.us/2013/04/21/thank-you-cathy/	by/2013--hapgood-thank-you-cathy.md	5575
2013-04-23	Peak Demo is Real	https://hapgood.us/2013/04/23/peak-demo-is-real/	by/2013--hapgood-peak-demo-is-real.md	2304
2013-04-24	I Have a Research Question About MOOCs That Your Elite Institution Can Answer in Under an Hour	https://hapgood.us/2013/04/24/i-have-a-research-question-about-moocs-that-your-elite-institution-can-answer-in-under-an-hour/	by/2013--hapgood-i-have-a-research-question-about-moocs-that-your-elite-insti.md	2099
2013-05-01	Distributed Flips, Pacing, and MOOCs as OCW	https://hapgood.us/2013/05/01/distributed-flips-pacing-and-moocs-as-ocw/	by/2013--hapgood-distributed-flips-pacing-and-moocs-as-ocw.md	2919
2013-05-06	Community College Is the Disruptor That Is Here Today	https://hapgood.us/2013/05/06/community-college-is-the-disruptor-that-is-here-today/	by/2013--hapgood-community-college-is-the-disruptor-that-is-here-today.md	4331
2013-05-07	Is the “Distributed Flip” part of the “Great Rebranding”?	https://hapgood.us/2013/05/07/is-the-distributed-flip-part-of-the-great-rebranding/	by/2013--hapgood-is-the-distributed-flip-part-of-the-great-rebranding.md	3736
2013-05-09	Creating the Education Death Star	https://hapgood.us/2013/05/09/creating-the-education-death-star/	by/2013--hapgood-creating-the-education-death-star.md	6638
2013-05-13	Our Unbelievably Provincial Way of Talking Education	https://hapgood.us/2013/05/13/our-unbelievably-provincial-way-of-talking-education/	by/2013--hapgood-our-unbelievably-provincial-way-of-talking-education.md	1059
2013-05-14	The Bigger Picture is Corporate-Built Online Delivered Through Traditional F2F Institutions	https://hapgood.us/2013/05/14/the-bigger-picture-is-corporate-built-online-delivered-through-traditional-f2f-institutions/	by/2013--hapgood-the-bigger-picture-is-corporate-built-online-delivered-throu.md	1712
2013-05-16	Downes on the “Wrapped MOOC”	https://hapgood.us/2013/05/16/downes-on-the-wrapped-mooc/	by/2013--hapgood-downes-on-the-wrapped-mooc.md	3816
2013-05-17	The Adult Education Market is Imploding	https://hapgood.us/2013/05/17/the-adult-education-market-is-imploding/	by/2013--hapgood-the-adult-education-market-is-imploding.md	1102
2013-05-21	Reply to Cole: Pushing Back vs. Pushing Forward	https://hapgood.us/2013/05/21/reply-to-cole-pushing-back-vs-pushing-forward/	by/2013--hapgood-reply-to-cole-pushing-back-vs-pushing-forward.md	4051
2013-05-24	The Education Conflation (or how the problems at the top tell us nothing about the bottom)	https://hapgood.us/2013/05/24/the-education-conflation-or-how-the-problems-at-the-top-tell-us-nothing-about-the-bottom/	by/2013--hapgood-the-education-conflation-or-how-the-problems-at-the-top-tell.md	3824
2013-05-30	As we were saying… (Coursera as Provider of Courseware)	https://hapgood.us/2013/05/30/as-we-were-saying-coursera-as-provider-of-courseware/	by/2013--hapgood-as-we-were-saying-coursera-as-provider-of-courseware.md	5023
2013-05-30	Refactoring Coursera	https://hapgood.us/2013/05/30/refactoring-coursera/	by/2013--hapgood-refactoring-coursera.md	5607
2013-06-03	Justin Reich Goes to Work for HarvardX	https://hapgood.us/2013/06/03/justin-reich-goes-to-work-for-harvardx/	by/2013--hapgood-justin-reich-goes-to-work-for-harvardx.md	5212
2013-06-13	Chromebook as Convivial Tool	https://hapgood.us/2013/06/13/chromebook-as-convivial-tool/	by/2013--hapgood-chromebook-as-convivial-tool.md	2999
2013-06-14	Why Use Open Course Frameworks? [Slideshare Presentation w/ Audio, 20 mins]	https://hapgood.us/2013/06/14/why-use-open-course-frameworks-slideshare-presentation-w-audio-20-mins/	by/2013--hapgood-why-use-open-course-frameworks-slideshare-presentation-w-aud.md	1515
2013-06-26	The Distributed Flip (Presentation for InstructureCon 2013)	https://hapgood.us/2013/06/26/the-distributed-flip-presentation-for-instructurecon-2013/	by/2013--hapgood-the-distributed-flip-presentation-for-instructurecon-2013.md	18421
2013-06-27	Designing Open Materials Intentionally for the Blended Classroom	https://hapgood.us/2013/06/27/designing-open-materials-intentionally-for-the-blended-classroom/	by/2013--hapgood-designing-open-materials-intentionally-for-the-blended-class.md	4299
2013-07-01	EdStat Watch: Old vs. Young People with Degrees	https://hapgood.us/2013/07/01/edstat-watch-old-vs-young-people-with-degrees/	by/2013--hapgood-edstat-watch-old-vs-young-people-with-degrees.md	2465
2013-07-02	MOOC Use in Blended Scenarios: Some Surprises and Opportunities	https://hapgood.us/2013/07/02/mooc-use-in-blended-scenarios-some-surprises-and-opportunities/	by/2013--hapgood-mooc-use-in-blended-scenarios-some-surprises-and-opportuniti.md	214
2013-07-11	xMOOC Communities Should Learn From cMOOCs	https://hapgood.us/2013/07/11/xmooc-communities-should-learn-from-cmoocs/	DUPLICATE of by/2013--educause-blog-xmooc-communities-should-learn-from-cmoocs.md	3438
2013-07-22	The Weirdest Excuse Udacity Gave	https://hapgood.us/2013/07/22/the-weirdest-excuse-udacity-gave/	by/2013--hapgood-the-weirdest-excuse-udacity-gave.md	1282
2013-08-05	Learning Styles vs. Introversion	https://hapgood.us/2013/08/05/learning-styles-vs-introversion/	by/2013--hapgood-learning-styles-vs-introversion.md	3254
2013-08-09	Someone Has to Model Pay It Forward and It’s Incredibly Pathetic It Has to Be Me	https://hapgood.us/2013/08/09/someone-has-to-model-pay-it-forward-and-its-incredibly-pathetic-it-has-to-be-me/	by/2013--hapgood-someone-has-to-model-pay-it-forward-and-its-incredibly-pathe.md	9500
2013-08-09	Effect of Dependents on Pay-as-You-Earn/Pay it Forward Scenarios	https://hapgood.us/2013/08/09/effect-of-dependents-on-pay-as-you-earnpay-it-forward-scenarios/	by/2013--hapgood-effect-of-dependents-on-pay-as-you-earnpay-it-forward-scenar.md	2818
2013-08-13	WaterFeed: Crowdsourced Article Summaries as Meaningful Coursework	https://hapgood.us/2013/08/13/waterfeed-crowdsourced-article-summaries-as-meaningful-coursework/	by/2013--hapgood-waterfeed-crowdsourced-article-summaries-as-meaningful-cours.md	1332
2013-08-15	Water106: A cMOOC-like Approach to Issues-based Education (Now with whitepaper!)	https://hapgood.us/2013/08/15/water106-a-cmooc-like-approach-to-issues-based-education-now-with-whitepaper/	by/2013--hapgood-water106-a-cmooc-like-approach-to-issues-based-education-now.md	1397
2013-08-16	A Short Story About How a Network Corrects Itself	https://hapgood.us/2013/08/16/a-short-story-about-how-a-network-corrects-itself/	by/2013--hapgood-a-short-story-about-how-a-network-corrects-itself.md	1442
2013-08-19	The FemTechNet DOCC, Water106, and Our Distributed EdTech Future	https://hapgood.us/2013/08/19/the-femtechnet-docc-water106-and-our-distributed-edtech-future/	by/2013--hapgood-the-femtechnet-docc-water106-and-our-distributed-edtech-futu.md	2132
2013-08-22	The Ticking Time Bomb in the President’s Higher Education Proposal	https://hapgood.us/2013/08/22/the-ticking-time-bomb-in-the-presidents-higher-education-proposal/	by/2013--hapgood-the-ticking-time-bomb-in-the-presidents-higher-education-pro.md	2670
2013-08-28	Six Second Science Vines	https://hapgood.us/2013/08/28/six-second-science-vines/	by/2013--hapgood-six-second-science-vines.md	918
2013-08-29	Waterfeed Slideshare Walk-through (Slideshare Edition)	https://hapgood.us/2013/08/29/waterfeed-slideshare-walk-through-slideshare-edition/	by/2013--hapgood-waterfeed-slideshare-walk-through-slideshare-edition.md	869
2013-09-10	Numeracy, Motivated Cognition, and Networked Learning	https://hapgood.us/2013/09/10/numeracy-motivated-cognition-and-networked-learning/	by/2013--hapgood-numeracy-motivated-cognition-and-networked-learning.md	6772
2013-09-11	Sometimes Failure Is Just Failure	https://hapgood.us/2013/09/11/sometimes-failure-is-just-failure/	by/2013--hapgood-sometimes-failure-is-just-failure.md	6576
2013-09-16	Password Mental Algorithms	https://hapgood.us/2013/09/16/password-mental-algorithms/	by/2013--hapgood-password-mental-algorithms.md	2027
2013-09-18	Peak Higher Ed and the Age of Diminished Expectations	https://hapgood.us/2013/09/18/peak-higher-ed-and-the-age-of-diminished-expectations/	by/2013--hapgood-peak-higher-ed-and-the-age-of-diminished-expectations.md	5587
2013-09-24	The Myth of the All-in-one	https://hapgood.us/2013/09/24/the-myth-of-the-all-in-one/	by/2013--hapgood-the-myth-of-the-all-in-one.md	3496
2013-09-25	Commitment	https://hapgood.us/2013/09/25/commitment/	by/2013--hapgood-commitment.md	2476
2013-09-26	Why the Course Signals Math Does Not Add Up	https://hapgood.us/2013/09/26/why-the-course-signals-math-does-not-add-up/	by/2013--hapgood-why-the-course-signals-math-does-not-add-up.md	5566
2013-09-26	A Simple, Less Mathematical Way to Understand the Course Signals Issue	https://hapgood.us/2013/09/26/a-simple-less-mathematical-way-to-understand-the-course-signals-issue/	by/2013--hapgood-a-simple-less-mathematical-way-to-understand-the-course-sign.md	1838
2013-09-27	Second (Third?) Tumblr Linklog Attempt	https://hapgood.us/2013/09/27/second-third-tumblr-linklog-attempt/	by/2013--hapgood-second-third-tumblr-linklog-attempt.md	1144
2013-10-02	A Plan for a $10K Degree: A Response	https://hapgood.us/2013/10/02/a-plan-for-a-10k-degree-a-response/	by/2013--hapgood-a-plan-for-a-10k-degree-a-response.md	7546
2013-10-04	Rediscovering (Semi-)Social Bookmarking	https://hapgood.us/2013/10/04/rediscovering-semi-social-bookmarking/	by/2013--hapgood-rediscovering-semi-social-bookmarking.md	3147
2013-10-07	Is Domain of One’s Own a platform?	https://hapgood.us/2013/10/07/is-domain-of-ones-own-a-platform/	by/2013--hapgood-is-domain-of-ones-own-a-platform.md	2138
2013-10-10	Some Notes on Using MOOCs for Blended Instruction	https://hapgood.us/2013/10/10/some-notes-on-using-moocs-for-blended-instruction/	by/2013--hapgood-some-notes-on-using-moocs-for-blended-instruction.md	10946
2013-10-14	The $10,000 Degree: A Response, Part II	https://hapgood.us/2013/10/14/the-10000-degree-a-response-part-ii/	by/2013--hapgood-the-10000-degree-a-response-part-ii.md	6092
2013-10-14	For Precisely This Moment	https://hapgood.us/2013/10/14/for-precisely-this-moment/	by/2013--hapgood-for-precisely-this-moment.md	1581
2013-10-23	That “Flipped Classrooms May Not Work” Story	https://hapgood.us/2013/10/23/that-flipped-classrooms-may-not-work-story/	by/2013--hapgood-that-flipped-classrooms-may-not-work-story.md	2431
2013-10-27	Educational Technology and the Sources of Innovation	https://hapgood.us/2013/10/27/educational-technology-and-the-sources-of-innovation/	by/2013--hapgood-educational-technology-and-the-sources-of-innovation.md	16000
2013-11-14	Thrun Enters Burgeoning Sieve Market	https://hapgood.us/2013/11/14/thrun-enters-burgeoning-sieve-market/	by/2013--hapgood-thrun-enters-burgeoning-sieve-market.md	4875
2013-11-26	“Experimented On”	https://hapgood.us/2013/11/26/experimented-on/	by/2013--hapgood-experimented-on.md	3239
2013-12-02	Counting History PhD Employment	https://hapgood.us/2013/12/02/counting-history-phd-employment/	by/2013--hapgood-counting-history-phd-employment.md	5663
2013-12-06	MRI 13	https://hapgood.us/2013/12/06/waking-life/	by/2013--hapgood-waking-life.md	1637
2013-12-10	Short Notes on the Absence of Theory	https://hapgood.us/2013/12/10/short-notes-on-the-absence-of-theory/	by/2013--hapgood-short-notes-on-the-absence-of-theory.md	8368
2013-12-10	Stocks, Flows, and the 80% Non-traditional Figure	https://hapgood.us/2013/12/10/stocks-flows-and-the-80-non-traditional-figure/	by/2013--hapgood-stocks-flows-and-the-80-non-traditional-figure.md	5168
2013-12-11	Why the Why Matters	https://hapgood.us/2013/12/11/why-the-why-matters/	by/2013--hapgood-why-the-why-matters.md	4248
2013-12-16	Can People Designing Multiple Choice Tests for MOOCs Please Study Designing Multiple Choice Tests?	https://hapgood.us/2013/12/16/can-people-designing-multiple-choice-tests-for-moocs-please-study-designing-multiple-choice-tests/	by/2013--hapgood-can-people-designing-multiple-choice-tests-for-moocs-please.md	2919
2013-12-17	Use of MOOC Community Features in Blended Scenarios, Dan Ariely Edition	https://hapgood.us/2013/12/17/use-of-mooc-community-features-in-blended-scenarios-dan-ariely-edition/	by/2013--hapgood-use-of-mooc-community-features-in-blended-scenarios-dan-arie.md	2864
2013-12-18	(Educational) Research Isn’t Broken But the Culture Is	https://hapgood.us/2013/12/18/educational-research-isnt-broken-but-the-culture-is/	by/2013--hapgood-educational-research-isnt-broken-but-the-culture-is.md	2166
2013-12-19	Synchronous Online is About To Get Much, Much Better	https://hapgood.us/2013/12/19/synchronous-online-is-the-new-edtech-frontier/	by/2013--hapgood-synchronous-online-is-the-new-edtech-frontier.md	4649
2014-01-03	Revenge of the OS	https://hapgood.us/2014/01/03/revenge-of-the-os/	by/2014--hapgood-revenge-of-the-os.md	2702
2014-01-06	Issue Hubs /Water106	https://hapgood.us/2014/01/06/issue-hubs-water106/	by/2014--hapgood-issue-hubs-water106.md	3009
2014-01-06	EdXx	https://hapgood.us/2014/01/06/edxx/	by/2014--hapgood-edxx.md	3831
2014-01-16	The OS-based Lifestream Will Kill the Web-based Mega-Service, Part the Third	https://hapgood.us/2014/01/16/the-os-based-lifestream-will-kill-the-web-based-mega-service-part-the-third/	by/2014--hapgood-the-os-based-lifestream-will-kill-the-web-based-mega-service.md	2396
2014-01-17	Open Collaborative Software is a Lot Cheaper at Scale. Why Don’t We Harness That More?	https://hapgood.us/2014/01/17/open-collaborative-software-is-a-lot-cheaper-at-scale-why-dont-we-harness-that-more/	by/2014--hapgood-open-collaborative-software-is-a-lot-cheaper-at-scale-why-do.md	3424
2014-01-28	A Federated Approach Could Make OER More Numerous, Findable, and Attributable	https://hapgood.us/2014/01/28/a-federated-approach-could-make-oer-more-numerous-findable-and-attributable/	by/2014--hapgood-a-federated-approach-could-make-oer-more-numerous-findable-a.md	6511
2014-01-29	Forking an Academic Wiki Should Be a Basic Student Right. Discuss.	https://hapgood.us/2014/01/29/forking-an-academic-wiki-should-be-a-basic-student-right-discuss/	by/2014--hapgood-forking-an-academic-wiki-should-be-a-basic-student-right-dis.md	4710
2014-01-30	A Better Way to Build a EdTech Support Wiki (or, Doctor, Heal Thyself)	https://hapgood.us/2014/01/30/a-better-way-to-build-a-edtech-support-wiki-or-doctor-heal-thyself/	by/2014--hapgood-a-better-way-to-build-a-edtech-support-wiki-or-doctor-heal-t.md	4276
2014-01-31	A Pedagogy of the Edges (or, the Wrong Robots)	https://hapgood.us/2014/01/31/a-pedagogy-of-the-edges-or-the-wrong-robots/	by/2014--hapgood-a-pedagogy-of-the-edges-or-the-wrong-robots.md	4849
2014-02-04	“Vertical Social Networks” [pd;dr]	https://hapgood.us/2014/02/04/are-vertical-social-networks-back-or-did-they-never-leave/	by/2014--hapgood-are-vertical-social-networks-back-or-did-they-never-leave.md	2915
2014-02-09	Why I Don’t Edit Wikis (And Why You Don’t Either, and What We Can Do About That)	https://hapgood.us/2014/02/09/why-i-dont-edit-wikis-and-why-you-dont-either/	by/2014--hapgood-why-i-dont-edit-wikis-and-why-you-dont-either.md	7127
2014-02-12	The Harvard “MOOCs for Alumni” Thing Parties Like It’s 1999	https://hapgood.us/2014/02/12/the-harvard-moocs-for-alumni-thing-parties-like-its-1999/	by/2014--hapgood-the-harvard-moocs-for-alumni-thing-parties-like-its-1999.md	7182
2014-02-13	Online Learning Is Not Groundhog Day, It’s Memento	https://hapgood.us/2014/02/13/online-learning-is-not-groundhog-day-its-memento/	by/2014--hapgood-online-learning-is-not-groundhog-day-its-memento.md	1916
2014-02-14	Dan Meyer Wrote Something Brilliant the Other Day	https://hapgood.us/2014/02/14/dan-meyer-wrote-something-brilliant-on-curriculum-the-other-day/	by/2014--hapgood-dan-meyer-wrote-something-brilliant-on-curriculum-the-other.md	1434
2014-02-18	Is Paying Adjuncts Crap Killing Technological Innovation?	https://hapgood.us/2014/02/18/paying-adjuncts-crap-is-killing-technological-innovation/	by/2014--hapgood-paying-adjuncts-crap-is-killing-technological-innovation.md	4091
2014-02-28	The Federated OER Wiki Is Up and Running	https://hapgood.us/2014/02/28/the-federated-oer-wiki-is-up-and-running/	by/2014--hapgood-the-federated-oer-wiki-is-up-and-running.md	1244
2014-03-04	Learning Is Not One Thing	https://hapgood.us/2014/03/04/learning-is-not-one-thing/	by/2014--hapgood-learning-is-not-one-thing.md	2856
2014-03-05	Five Uses For the Federated Classroom Wiki	https://hapgood.us/2014/03/05/five-uses-for-the-federated-classroom-wiki/	by/2014--hapgood-five-uses-for-the-federated-classroom-wiki.md	5968
2014-03-05	Current Design of the Federated Classroom Wiki as of Today	https://hapgood.us/2014/03/05/current-design-of-the-federated-classroom-wiki-as-of-today/	by/2014--hapgood-current-design-of-the-federated-classroom-wiki-as-of-today.md	3615
2014-03-10	Spritz, Modes of Reading, and Why Open Matters	https://hapgood.us/2014/03/10/spritz-the-future-of-reading-and-why-open-matters/	by/2014--hapgood-spritz-the-future-of-reading-and-why-open-matters.md	3924
2014-03-11	E-textbooks and LMS/Device Integration	https://hapgood.us/2014/03/11/e-textbooks-and-lmsdevice-integration/	by/2014--hapgood-e-textbooks-and-lmsdevice-integration.md	2544
2014-03-15	Fauxnership and the Fifth R	https://hapgood.us/2014/03/15/fauxnership-and-the-fifth-r/	by/2014--hapgood-fauxnership-and-the-fifth-r.md	3585
2014-03-17	Connexions News: New Editor, Big Announcement on March 31	https://hapgood.us/2014/03/17/connexions-news-new-editor-big-announcement-on-march-31/	by/2014--hapgood-connexions-news-new-editor-big-announcement-on-march-31.md	1434
2014-03-17	What the Heck Is Going On With Lesson Plan Searches?	https://hapgood.us/2014/03/17/what-the-heck-is-going-on-with-lesson-plan-searches/	by/2014--hapgood-what-the-heck-is-going-on-with-lesson-plan-searches.md	2352
2014-03-18	Google Apps For Education Sued For Data-Mining Students	https://hapgood.us/2014/03/18/google-apps-for-education-sued-for-data-mining-students/	by/2014--hapgood-google-apps-for-education-sued-for-data-mining-students.md	1338
2014-03-24	Goal: Make Wiki Page Reuse as Easy and Natural as Reblogging on Tumblr	https://hapgood.us/2014/03/24/goal-make-wiki-page-reuse-as-easy-and-natural-as-reblogging-on-tumblr/	by/2014--hapgood-goal-make-wiki-page-reuse-as-easy-and-natural-as-reblogging.md	1367
2014-03-25	Truth, Durability, and Big Data	https://hapgood.us/2014/03/25/truth-durability-and-big-data/	by/2014--hapgood-truth-durability-and-big-data.md	4410
2014-03-26	Like Tumblr for Wikis (Sample Implementation. Downloadable Code.)	https://hapgood.us/2014/03/26/like-tumblr-for-wikis-sample-implementation-downloadable-code/	by/2014--hapgood-like-tumblr-for-wikis-sample-implementation-downloadable-cod.md	1314
2014-03-28	Doing Big Data and Analytics Right	https://hapgood.us/2014/03/28/doing-big-data-and-analytics-right/	by/2014--hapgood-doing-big-data-and-analytics-right.md	5328
2014-03-31	The Route To Personal Cyberinfrastructure Is Through Storage-Neutral Apps	https://hapgood.us/2014/03/31/the-route-to-personal-cyberinfrastructure-is-through-storage-neutral-apps/	by/2014--hapgood-the-route-to-personal-cyberinfrastructure-is-through-storage.md	5116
2014-04-02	Unhosted	https://hapgood.us/2014/04/02/unhosted/	by/2014--hapgood-unhosted.md	2812
2014-04-09	Teaching the Distributed Flip [Slides & Small Rant]	https://hapgood.us/2014/04/09/teaching-the-distributed-flip-slides-small-rant/	by/2014--hapgood-teaching-the-distributed-flip-slides-small-rant.md	3152
2014-04-09	The First Web Browser Was a Storage-Neutral App	https://hapgood.us/2014/04/09/the-first-web-browser-was-a-storage-neutral-app/	by/2014--hapgood-the-first-web-browser-was-a-storage-neutral-app.md	6428
2014-04-10	Gruber: “It’s all the Web”	https://hapgood.us/2014/04/10/gruber-its-all-the-web/	by/2014--hapgood-gruber-its-all-the-web.md	5369
2014-04-10	This is what I mean by new modes of sharing (Fedwiki meets Dropbox Carousel)	https://hapgood.us/2014/04/10/this-is-what-i-mean-by-new-modes-of-sharing-fedwiki-meets-dropbox-carousel/	by/2014--hapgood-this-is-what-i-mean-by-new-modes-of-sharing-fedwiki-meets-dr.md	2045
2014-04-11	Hacking and Reuse: A Regrouping	https://hapgood.us/2014/04/11/hacking-and-reuse-a-regrouping/	by/2014--hapgood-hacking-and-reuse-a-regrouping.md	2859
2014-04-14	If Your Product Is So Data-Centric, Maybe It Should Have Data Export?	https://hapgood.us/2014/04/14/if-your-product-is-so-data-centric-maybe-it-should-have-data-export/	by/2014--hapgood-if-your-product-is-so-data-centric-maybe-it-should-have-data.md	2190
2014-04-15	Some Notes on DokuWiki Setup for Academic Settings: Spam	https://hapgood.us/2014/04/15/some-notes-on-dokuwiki-setup-for-academic-settings-spam/	by/2014--hapgood-some-notes-on-dokuwiki-setup-for-academic-settings-spam.md	3442
2014-04-16	Experience Without Humility Is Not Very Helpful At All	https://hapgood.us/2014/04/16/experience-without-humility-is-just-experience/	by/2014--hapgood-experience-without-humility-is-just-experience.md	6174
2014-04-18	Using ProProfs With Dokuwiki	https://hapgood.us/2014/04/18/using-proprofs-with-dokuwiki/	by/2014--hapgood-using-proprofs-with-dokuwiki.md	3173
2014-04-18	228 Summaries	https://hapgood.us/2014/04/18/228-summaries/	by/2014--hapgood-228-summaries.md	2036
2014-04-18	Are Blogs the Vinyl Records of the Internet?	https://hapgood.us/2014/04/18/are-blogs-the-vinyl-records-of-the-internet/	by/2014--hapgood-are-blogs-the-vinyl-records-of-the-internet.md	2270
2014-04-21	The Sieve Manufacture Continues at Udacity	https://hapgood.us/2014/04/21/the-sieve-manufacture-continues-at-udacity/	by/2014--hapgood-the-sieve-manufacture-continues-at-udacity.md	3603
2014-04-21	Your Diploma Just Got Downgraded. But You Can Upgrade It At a 20% Discount!	https://hapgood.us/2014/04/21/your-diploma-just-got-downgraded-but-you-can-upgrade-it-at-a-20-discount/	by/2014--hapgood-your-diploma-just-got-downgraded-but-you-can-upgrade-it-at-a.md	2101
2014-04-24	Federated Wiki, explanation as of April 2014	https://hapgood.us/2014/04/24/federated-wiki-explanation-as-of-april-2014/	by/2014--hapgood-federated-wiki-explanation-as-of-april-2014.md	12614
2014-04-25	Google+ will die, because Google already owns the one lifestream that matters.	https://hapgood.us/2014/04/25/google-will-die-because-google-already-owns-the-one-lifestream-that-matters/	by/2014--hapgood-google-will-die-because-google-already-owns-the-one-lifestre.md	2253
2014-04-28	We had a different system once. It worked pretty well.	https://hapgood.us/2014/04/28/the-right-to-retain/	by/2014--hapgood-the-right-to-retain.md	4061
2014-04-29	The Wrong Robots, Illustrated	https://hapgood.us/2014/04/29/the-wrong-robots-illustrated/	by/2014--hapgood-the-wrong-robots-illustrated.md	1374
2014-05-05	Why the Comprehensive Attribution Statement Makes Sense	https://hapgood.us/2014/05/05/why-the-comprehensive-attribution-statement-makes-sense/	by/2014--hapgood-why-the-comprehensive-attribution-statement-makes-sense.md	7587
2014-05-06	Dokuwiki Sychronization Tool (Screencast). Too, too good.	https://hapgood.us/2014/05/06/dokuwiki-sychronization-tool-screencast-too-too-good/	by/2014--hapgood-dokuwiki-sychronization-tool-screencast-too-too-good.md	226
2014-05-13	Napster, “All the Rave” (Notes)	https://hapgood.us/2014/05/13/napster-all-the-rave-notes/	by/2014--hapgood-napster-all-the-rave-notes.md	4460
2014-06-04	Smallest Federated Wiki as an Alternate Vision of the Web	https://hapgood.us/2014/06/04/smallest-federated-wiki-as-an-alternate-vision-of-the-web/	by/2014--hapgood-smallest-federated-wiki-as-an-alternate-vision-of-the-web.md	10028
2014-06-08	The Hidden History of Online Learning	https://hapgood.us/2014/06/08/the-hidden-history-of-online-learning/	by/2014--hapgood-the-hidden-history-of-online-learning.md	782
2014-06-10	The Answer to Project-based Work in MOOCs is Federation	https://hapgood.us/2014/06/10/the-answer-to-project-based-work-in-moocs-is-federation/	by/2014--hapgood-the-answer-to-project-based-work-in-moocs-is-federation.md	4862
2014-06-11	Letting Lots of People Host Your Stuff In Their Collections Is a Good Survival Strategy	https://hapgood.us/2014/06/11/letting-lots-of-people-host-your-stuff-in-their-collections-is-a-good-survival-strategy/	by/2014--hapgood-letting-lots-of-people-host-your-stuff-in-their-collections.md	1615
2014-06-12	Student Curation in Smallest Federated Wiki	https://hapgood.us/2014/06/12/student-curation-in-smallest-federated-wiki/	by/2014--hapgood-student-curation-in-smallest-federated-wiki.md	1662
2014-06-13	Pressey’s Automatic Teacher	https://hapgood.us/2014/06/13/presseys-automatic-teacher/	by/2014--hapgood-presseys-automatic-teacher.md	2291
2014-06-15	Flipped Classroom, 1972-style (and early visions of connected home computing)	https://hapgood.us/2014/06/15/flipped-classroom-1972-style-and-early-visions-of-the-home-internet/	by/2014--hapgood-flipped-classroom-1972-style-and-early-visions-of-the-home-i.md	2473
2014-06-17	Making Class Wikis vs. Thinking in Wiki	https://hapgood.us/2014/06/17/making-class-wikis-vs-thinking-in-wiki/	by/2014--hapgood-making-class-wikis-vs-thinking-in-wiki.md	7184
2014-06-18	One Minute Federated Wiki: Pulling Something From Twitter	https://hapgood.us/2014/06/18/one-minute-federated-wiki-pulling-something-from-twitter/	by/2014--hapgood-one-minute-federated-wiki-pulling-something-from-twitter.md	706
2014-06-18	One Minute Smallest Federated Wiki: Looking at Specific Versions of Pages	https://hapgood.us/2014/06/18/one-minute-smallest-federated-wiki-looking-at-specific-versions-of-pages/	by/2014--hapgood-one-minute-smallest-federated-wiki-looking-at-specific-versi.md	184
2014-06-18	Minimally Invasive Assessment and the New Canvas Suite	https://hapgood.us/2014/06/18/minimally-invasive-assessment-and-the-new-canvas-suite/	by/2014--hapgood-minimally-invasive-assessment-and-the-new-canvas-suite.md	3996
2014-06-19	Name-Based Approaches to Networks, and Why They are Crucial to the Personal Web	https://hapgood.us/2014/06/19/name-based-approaches-to-networks-and-why-they-are-crucial-to-the-personal-web/	by/2014--hapgood-name-based-approaches-to-networks-and-why-they-are-crucial-t.md	4136
2014-06-20	One Minute Federated Wiki: Link Resolution From Journal History	https://hapgood.us/2014/06/20/one-minute-federated-wiki-link-resolution-from-journal-history/	by/2014--hapgood-one-minute-federated-wiki-link-resolution-from-journal-histo.md	330
2014-06-20	One Minute Smallest Federated Wiki: Understanding Recent Changes	https://hapgood.us/2014/06/20/one-minute-smallest-federated-wiki-understanding-recent-changes/	by/2014--hapgood-one-minute-smallest-federated-wiki-understanding-recent-chan.md	354
2014-06-20	Smallest Federated Wiki as a Universal JSON Canvas	https://hapgood.us/2014/06/20/smallest-federated-wiki-as-a-universal-json-canvas/	by/2014--hapgood-smallest-federated-wiki-as-a-universal-json-canvas.md	6296
2014-06-23	Why Personalized Learning Fails	https://hapgood.us/2014/06/23/why-personalized-learning-fails/	by/2014--hapgood-why-personalized-learning-fails.md	3002
2014-06-23	Personalized Learning, 1700s Style	https://hapgood.us/2014/06/23/personalized-learning-1700s-style/	by/2014--hapgood-personalized-learning-1700s-style.md	915
2014-06-24	Two Minute Federated Wiki: Sharing Across Unrelated Wikis	https://hapgood.us/2014/06/24/two-minute-federated-wiki-sharing-across-unrelated-wikis/	by/2014--hapgood-two-minute-federated-wiki-sharing-across-unrelated-wikis.md	166
2014-06-27	NeoVictorian Computing, and the Cult of the Lowest Common Denominator	https://hapgood.us/2014/06/27/neovictorian-computing-and-the-cult-of-the-lowest-common-denominator/	by/2014--hapgood-neovictorian-computing-and-the-cult-of-the-lowest-common-den.md	5509
2014-06-30	Explaining Federation Through Family Movie Night, Part I	https://hapgood.us/2014/06/30/explaining-federation-through-family-movie-night-part-i/	by/2014--hapgood-explaining-federation-through-family-movie-night-part-i.md	727
2014-07-02	#indiewebcamp	https://hapgood.us/2014/07/02/indiewebcamp/	by/2014--hapgood-indiewebcamp.md	8248
2014-07-03	Interface, and the First Sixty Minutes	https://hapgood.us/2014/07/03/interface-and-the-first-sixty-minutes/	by/2014--hapgood-interface-and-the-first-sixty-minutes.md	3371
2014-07-09	The Original Factory Education Was a Personalized Learning Experiment	https://hapgood.us/2014/07/09/the-original-factory-education-was-a-personalized-learning-experiment/	by/2014--hapgood-the-original-factory-education-was-a-personalized-learning-e.md	10701
2014-07-11	No More Secret Sauce Analytics	https://hapgood.us/2014/07/11/no-more-secret-sauce-analytics/	by/2014--hapgood-no-more-secret-sauce-analytics.md	4349
2014-07-11	The Universal JSON Canvas and Ben’s Five Star Plugin	https://hapgood.us/2014/07/11/the-universal-json-canvas-and-bens-five-star-plugin/	by/2014--hapgood-the-universal-json-canvas-and-bens-five-star-plugin.md	3435
2014-07-15	Doug Engelbart’s Grocery List	https://hapgood.us/2014/07/15/doug-englebarts-grocery-list/	by/2014--hapgood-doug-englebarts-grocery-list.md	3818
2014-07-23	Reclaim Hackathon	https://hapgood.us/2014/07/23/reclaim-hackathon/	by/2014--hapgood-reclaim-hackathon.md	5366
2014-07-24	Federated Wiki for Distributed Notetaking (and the surprising pedagogical implications of that)	https://hapgood.us/2014/07/24/federated-wiki-for-distributed-notetaking-and-the-surprising-pedagogical-implications-of-that/	by/2014--hapgood-federated-wiki-for-distributed-notetaking-and-the-surprising.md	749
2014-07-25	Plagairism and Evolution and Attribution Statements	https://hapgood.us/2014/07/25/plagairism-and-evolution-and-attribution-statements/	by/2014--hapgood-plagairism-and-evolution-and-attribution-statements.md	2801
2014-08-02	Amelia Bedelia’s Hats Are Not the Problem	https://hapgood.us/2014/08/02/amelia-bedelias-hats-are-not-the-problem/	by/2014--hapgood-amelia-bedelias-hats-are-not-the-problem.md	5124
2014-08-05	All the Versions of the Amelia Bedelia Wikipedia Entry	https://hapgood.us/2014/08/05/all-the-versions-of-the-amelia-bedelia-wikipedia-entry/	by/2014--hapgood-all-the-versions-of-the-amelia-bedelia-wikipedia-entry.md	8098
2014-08-05	The OS-Based Lifestream Will Kill the Mega-Site, Continued	https://hapgood.us/2014/08/05/the-os-based-lifestream-will-kill-the-mega-site-continued/	by/2014--hapgood-the-os-based-lifestream-will-kill-the-mega-site-continued.md	2194
2014-08-07	Blue Hampshire’s Death Spiral	https://hapgood.us/2014/08/07/blue-hampshires-death-spiral/	by/2014--hapgood-blue-hampshires-death-spiral.md	3886
2014-08-08	The Part of Wiki Culture the Classroom Forgot	https://hapgood.us/2014/08/08/the-part-of-wiki-culture-the-classroom-forgot/	by/2014--hapgood-the-part-of-wiki-culture-the-classroom-forgot.md	1677
2014-08-14	The Web is Broken and We Should Fix It	https://hapgood.us/2014/08/14/the-web-is-broken-and-we-should-fix-it/	by/2014--hapgood-the-web-is-broken-and-we-should-fix-it.md	4160
2014-08-15	Open Licences and SFW	https://hapgood.us/2014/08/15/open-licences-and-sfw/	by/2014--hapgood-open-licences-and-sfw.md	1696
2014-08-20	Plagiarism Derp Reaches Epic Levels	https://hapgood.us/2014/08/20/e/	by/2014--hapgood-e.md	4644
2014-08-21	Copying a Whole Site Is Remarkably Easy In Smallest Federated Wiki	https://hapgood.us/2014/08/21/copying-a-whole-site-is-remarkably-easy-in-smallest-federated-wiki/	by/2014--hapgood-copying-a-whole-site-is-remarkably-easy-in-smallest-federate.md	2417
2014-09-01	Using Federated Wiki in the Classroom: Getting Started	https://hapgood.us/2014/09/01/using-federated-wiki-in-the-classroom-getting-started/	by/2014--hapgood-using-federated-wiki-in-the-classroom-getting-started.md	10786
2014-09-07	Peak StreamMode	https://hapgood.us/2014/09/07/peak-streammode/	by/2014--hapgood-peak-streammode.md	4571
2014-09-10	Learning Design Patterns as an Alternative Model of Course Design	https://hapgood.us/2014/09/10/learning-design-patterns-as-an-alternative-model-of-course-design/	by/2014--hapgood-learning-design-patterns-as-an-alternative-model-of-course-d.md	7963
2014-09-12	Learning Design Pattern #121: You’re Doing It Wrong	https://hapgood.us/2014/09/12/learning-design-pattern-121-youre-doing-it-wrong/	by/2014--hapgood-learning-design-pattern-121-youre-doing-it-wrong.md	4844
2014-09-16	Reply to D’Arcy	https://hapgood.us/2014/09/16/reply-to-darcy/	by/2014--hapgood-reply-to-darcy.md	2183
2014-09-16	The LMS in Historical Perspective	https://hapgood.us/2014/09/16/the-lms-in-historical-perspective/	by/2014--hapgood-the-lms-in-historical-perspective.md	8576
2014-09-18	Convivial Tools and Connected Courses	https://hapgood.us/2014/09/18/convivial-tools-and-connected-courses/	by/2014--hapgood-convivial-tools-and-connected-courses.md	3812
2014-09-22	Course Management Workflow in Federated Wiki	https://hapgood.us/2014/09/22/course-management-workflow-in-federated-wiki/	by/2014--hapgood-course-management-workflow-in-federated-wiki.md	5602
2014-09-24	Maybe the reason people don’t use LMS collaboration tools is the tools are not collaborative	https://hapgood.us/2014/09/24/maybe-the-reason-people-dont-use-lms-collaboration-tools-is-the-tools-are-not-collaborative/	by/2014--hapgood-maybe-the-reason-people-dont-use-lms-collaboration-tools-is.md	3304
2014-09-29	Quality of Input	https://hapgood.us/2014/09/29/quality-of-input/	by/2014--hapgood-quality-of-input.md	2761
2014-10-07	Easier	https://hapgood.us/2014/10/07/easier/	by/2014--hapgood-easier.md	1557
2014-10-14	What Iterative Writing Looks Like (and why it’s important)	https://hapgood.us/2014/10/14/what-iterative-writing-looks-like-and-why-its-important/	by/2014--hapgood-what-iterative-writing-looks-like-and-why-its-important.md	6800
2014-10-17	TL521 Is Rocking it on Federated Wiki	https://hapgood.us/2014/10/17/tl521-is-rocking-it-on-federated-wiki/	by/2014--hapgood-tl521-is-rocking-it-on-federated-wiki.md	5340
2014-10-22	Gamergate	https://hapgood.us/2014/10/22/gamergate/	by/2014--hapgood-gamergate.md	3627
2014-10-23	Design Patterns and the Coming Revolution in Course Design	https://hapgood.us/2014/10/23/design-patterns-and-the-coming-revolution-in-course-design/	by/2014--hapgood-design-patterns-and-the-coming-revolution-in-course-design.md	34158
2014-11-06	A Kinder, Gentler Attention Economy	https://hapgood.us/2014/11/06/a-kinder-gentler-attention-economy/	by/2014--hapgood-a-kinder-gentler-attention-economy.md	2092
2014-11-06	Federated Education: New Directions in Digital Collaboration	https://hapgood.us/2014/11/06/federated-education-new-directions-in-digital-collaboration/	by/2014--hapgood-federated-education-new-directions-in-digital-collaboration.md	25794
2014-11-12	Shorter Federated Wiki for TL;DRers	https://hapgood.us/2014/11/12/shorter-federated-wiki-for-tldrers/	by/2014--hapgood-shorter-federated-wiki-for-tldrers.md	1953
2014-11-13	Turning a Stream into a Lake	https://hapgood.us/2014/11/13/turning-a-stream-into-a-lake/	by/2014--hapgood-turning-a-stream-into-a-lake.md	988
2014-11-14	Steal the Package / Idea Mining	https://hapgood.us/2014/11/14/steal-the-package/	by/2014--hapgood-steal-the-package.md	3105
2014-11-16	Wikiality	https://hapgood.us/2014/11/16/wikiality/	by/2014--hapgood-wikiality.md	1455
2014-12-21	Helping the Right Ideas Find One Another (FEDWIKI HAPPENING)	https://hapgood.us/2014/12/21/helping-the-right-ideas-find-one-another-fedwiki-happening/	by/2014--hapgood-helping-the-right-ideas-find-one-another-fedwiki-happening.md	6617
2014-12-29	Fedwiki Happening: I Don’t Know How to Start, So Let’s Just Type	https://hapgood.us/2014/12/29/fedwiki-happening-i-dont-know-how-to-start-so-lets-just-type/	by/2014--hapgood-fedwiki-happening-i-dont-know-how-to-start-so-lets-just-type.md	5067
2015-01-08	Federated Wiki, Slow Cooperation, and a Kindle Parable	https://hapgood.us/2015/01/08/federated-wiki-slow-cooperation-and-a-kindle-parable/	by/2015--hapgood-federated-wiki-slow-cooperation-and-a-kindle-parable.md	7864
2015-01-08	The Fedwiki User Innovation Toolkit	https://hapgood.us/2015/01/08/the-fedwiki-user-innovation-toolkit/	by/2015--hapgood-the-fedwiki-user-innovation-toolkit.md	4369
2015-01-16	A Fedwiki Happening on Teaching Machines Featuring Audrey Watters	https://hapgood.us/2015/01/16/a-fedwiki-happening-on-teaching-machines-featuring-audrey-watters/	by/2015--hapgood-a-fedwiki-happening-on-teaching-machines-featuring-audrey-wa.md	8802
2015-01-21	Rethinking Wiki Lifecycle: Sites as Bounded Conversations	https://hapgood.us/2015/01/21/rethinking-wiki-lifecycle-sites-as-bounded-conversations/	by/2015--hapgood-rethinking-wiki-lifecycle-sites-as-bounded-conversations.md	10974
2015-01-23	“Users”	https://hapgood.us/2015/01/23/users/	by/2015--hapgood-users.md	10729
2015-02-12	A Portfolio of Connections	https://hapgood.us/2015/02/12/a-portfolio-of-connections/	by/2015--hapgood-a-portfolio-of-connections.md	6422
2015-02-20	People Have the Star Trek Computer Backwards	https://hapgood.us/2015/02/20/people-have-the-star-trek-computer-backwards/	by/2015--hapgood-people-have-the-star-trek-computer-backwards.md	9747
2015-03-09	Age of the Incunable	https://hapgood.us/2015/03/09/age-of-the-incunable/	by/2015--hapgood-age-of-the-incunable.md	3479
2015-03-26	Paper Thoughts and the Remix Hypothesis	https://hapgood.us/2015/03/26/paper-thoughts-and-the-remix-hypothesis/	by/2015--hapgood-paper-thoughts-and-the-remix-hypothesis.md	5373
2015-03-31	Critique by Redesign and Revision	https://hapgood.us/2015/03/31/critique-by-redesign-and-revision/	by/2015--hapgood-critique-by-redesign-and-revision.md	5009
2015-04-01	Picketty, Remix, and the Most Important Student Blog Comment of the 21st Century	https://hapgood.us/2015/04/01/picketty-remix-and-the-most-important-student-blog-comment-of-the-21st-century/	by/2015--hapgood-picketty-remix-and-the-most-important-student-blog-comment-o.md	9219
2015-04-13	PowerPoint Remix Rant	https://hapgood.us/2015/04/13/powerpoint-remix-rant/	by/2015--hapgood-powerpoint-remix-rant.md	3536
2015-04-21	Twitter’s Gasoline	https://hapgood.us/2015/04/21/twitters-gasoline/	by/2015--hapgood-twitters-gasoline.md	2685
2015-04-21	That Time Berners-Lee Got Knocked Down to a Poster Session	https://hapgood.us/2015/04/21/that-time-berners-lee-got-knocked-down-to-a-poster-session/	by/2015--hapgood-that-time-berners-lee-got-knocked-down-to-a-poster-session.md	1904
2015-04-24	The Simplest Federated Database That Could Possibly Work	https://hapgood.us/2015/04/24/the-simplest-federated-database-that-could-work/	by/2015--hapgood-the-simplest-federated-database-that-could-work.md	1906
2015-04-25	Simple Generative Ideas	https://hapgood.us/2015/04/25/simple-generative-ideas/	by/2015--hapgood-simple-generative-ideas.md	2330
2015-04-29	A Thankful Wikipedia	https://hapgood.us/2015/04/29/a-thankful-wikipedia/	by/2015--hapgood-a-thankful-wikipedia.md	4490
2015-05-01	We Are Not In the Content Business, We Are In the Community Business	https://hapgood.us/2015/05/01/we-are-not-in-the-content-business-we-are-in-the-community-business/	by/2015--hapgood-we-are-not-in-the-content-business-we-are-in-the-community-b.md	4708
2015-05-05	The OER Case for Federated Wiki	https://hapgood.us/2015/05/05/the-oer-case-for-federated-wiki/	by/2015--hapgood-the-oer-case-for-federated-wiki.md	6481
2015-05-23	Geeking out as a conversational paradigm	https://hapgood.us/2015/05/23/geeking-out-as-a-conversational-paradigm/	by/2015--hapgood-geeking-out-as-a-conversational-paradigm.md	10548
2015-06-09	Mashup-ageddon is a Massive Blackboard Fail	https://hapgood.us/2015/06/09/mashup-ageddon-is-a-massive-blackboard-fail/	by/2015--hapgood-mashup-ageddon-is-a-massive-blackboard-fail.md	3726
2015-06-12	Decentralized Centralization: Rosters in Federated Wiki	https://hapgood.us/2015/06/12/decentralized-centralization-rosters-in-federated-wiki/	by/2015--hapgood-decentralized-centralization-rosters-in-federated-wiki.md	5922
2015-06-13	Wikifying Annotations	https://hapgood.us/2015/06/13/wikifying-annotations/	by/2015--hapgood-wikifying-annotations.md	2828
2015-06-15	LEGOs	https://hapgood.us/2015/06/15/legos/	by/2015--hapgood-legos.md	2957
2015-06-24	Lowest Content Denominator	https://hapgood.us/2015/06/24/lowest-content-denominator/	by/2015--hapgood-lowest-content-denominator.md	3685
2015-06-26	Facebook as the Anti-News Platform	https://hapgood.us/2015/06/26/facebook-as-the-anti-news-platform/	by/2015--hapgood-facebook-as-the-anti-news-platform.md	1338
2015-07-05	Calling All Hackers	https://hapgood.us/2015/07/05/calling-all-hackers/	by/2015--hapgood-calling-all-hackers.md	2657
2015-07-21	Beyond Conversation	https://hapgood.us/2015/07/21/beyond-conversation/	by/2015--hapgood-beyond-conversation.md	13243
2015-07-22	Follow-up: Reader as Link Author	https://hapgood.us/2015/07/22/follow-up-reader-as-link-author/	by/2015--hapgood-follow-up-reader-as-link-author.md	3355
2015-07-27	Adopting a Library Metaphor for Sharing	https://hapgood.us/2015/07/27/adopting-a-library-metaphor-for-sharing/	by/2015--hapgood-adopting-a-library-metaphor-for-sharing.md	4263
2015-08-08	The Five Elements of the Socratic Website	https://hapgood.us/2015/08/08/the-five-elements-of-the-socratic-website/	by/2015--hapgood-the-five-elements-of-the-socratic-website.md	4416
2015-08-10	Hate-Selling Our Students	https://hapgood.us/2015/08/10/4812/	by/2015--hapgood-4812.md	2369
2015-08-13	The Really Big One: A Course In Educational Technology for Fall ’15	https://hapgood.us/2015/08/13/the-really-big-one-a-course-in-educational-technology-for-fall-15/	by/2015--hapgood-the-really-big-one-a-course-in-educational-technology-for-fa.md	1900
2015-08-18	Educational Unbundling and the Culture of Endless Hustle	https://hapgood.us/2015/08/18/educational-unbundling-and-the-culture-of-endless-hustle/	by/2015--hapgood-educational-unbundling-and-the-culture-of-endless-hustle.md	4080
2015-08-18	A Simple Proposal for Killing Comments with Annotated Links	https://hapgood.us/2015/08/18/a-simple-proposal-for-killing-comments-with-annotated-links/	by/2015--hapgood-a-simple-proposal-for-killing-comments-with-annotated-links.md	3345
2015-08-27	Quicker Site Claim Process for Federated Wiki Classes	https://hapgood.us/2015/08/27/quicker-site-claim-process-for-federated-wiki-classes/	by/2015--hapgood-quicker-site-claim-process-for-federated-wiki-classes.md	2832
2015-08-28	The Zombie Curriculum (a possible pivot)	https://hapgood.us/2015/08/28/the-zombie-curriculum-a-possible-pivot/	by/2015--hapgood-the-zombie-curriculum-a-possible-pivot.md	3151
2015-08-29	You Get to Decide What the Big One Is: A Clarification	https://hapgood.us/2015/08/29/you-get-to-decide-what-the-big-one-is-a-clarification/	by/2015--hapgood-you-get-to-decide-what-the-big-one-is-a-clarification.md	1949
2015-09-03	This Is My Point About the Stream	https://hapgood.us/2015/09/03/this-is-my-point-about-the-stream/	by/2015--hapgood-this-is-my-point-about-the-stream.md	1353
2015-09-17	Toward a Less Self-Assertive Web	https://hapgood.us/2015/09/17/toward-a-less-self-assertive-web/	by/2015--hapgood-toward-a-less-self-assertive-web.md	4655
2015-09-23	Accruing Associations	https://hapgood.us/2015/09/23/accruing-associations/	by/2015--hapgood-accruing-associations.md	3466
2015-10-05	Wriggling Cat	https://hapgood.us/2015/10/05/wriggling-cat/	by/2015--hapgood-wriggling-cat.md	786
2015-10-08	Building a Pseudo-Wiki on Tumblr	https://hapgood.us/2015/10/08/building-a-pseudo-wiki-on-tumblr/	by/2015--hapgood-building-a-pseudo-wiki-on-tumblr.md	1269
2015-10-17	The Garden and the Stream: A Technopastoral	https://hapgood.us/2015/10/17/the-garden-and-the-stream-a-technopastoral/	by/2015--hapgood-the-garden-and-the-stream-a-technopastoral.md	32559
2015-10-24	The Banal Uselessness of the Utopian Binary Critique	https://hapgood.us/2015/10/24/the-banal-uselessness-of-the-utopian-binary-critique/	by/2015--hapgood-the-banal-uselessness-of-the-utopian-binary-critique.md	7284
2015-10-26	My Daughter Made a Cute Piece of OER on Art History. Discuss.	https://hapgood.us/2015/10/26/my-daughter-made-a-cute-piece-of-oer-on-art-history-discuss/	by/2015--hapgood-my-daughter-made-a-cute-piece-of-oer-on-art-history-discuss.md	308
2015-10-27	Write for the Federated Library Project!	https://hapgood.us/2015/10/27/write-for-the-federated-library-project/	by/2015--hapgood-write-for-the-federated-library-project.md	4973
2015-10-29	Inhospitable Writing	https://hapgood.us/2015/10/29/inhospitable-writing/	by/2015--hapgood-inhospitable-writing.md	2090
2015-10-30	Why Renewable Assignments Must Be Recyclable As Well	https://hapgood.us/2015/10/30/why-renewable-assignments-must-be-recyclable-as-well/	by/2015--hapgood-why-renewable-assignments-must-be-recyclable-as-well.md	9479
2015-11-09	Asking What Students Spend on Textbooks Is the Wrong Question	https://hapgood.us/2015/11/09/asking-what-students-spend-on-textbooks-is-the-wrong-question/	by/2015--hapgood-asking-what-students-spend-on-textbooks-is-the-wrong-questio.md	10545
2015-11-10	Pill-Splitting the Textbook	https://hapgood.us/2015/11/10/pill-splitting-the-textbook/	by/2015--hapgood-pill-splitting-the-textbook.md	6460
2015-11-11	Probabilistic vs. Deterministic Thought	https://hapgood.us/2015/11/11/probabilistic-vs-deterministic-thought/	by/2015--hapgood-probabilistic-vs-deterministic-thought.md	1632
2015-11-16	Federated WordPress	https://hapgood.us/2015/11/16/federated-wordpress/	by/2015--hapgood-federated-wordpress.md	1619
2015-11-24	Calypso is the Future of Personal Cyberinfrastructure	https://hapgood.us/2015/11/24/calypso-is-the-future-of-personal-cyberinfrastructure/	by/2015--hapgood-calypso-is-the-future-of-personal-cyberinfrastructure.md	3779
2015-11-24	Shuttleworth Funded!	https://hapgood.us/2015/11/24/shuttleworth-funded/	by/2015--hapgood-shuttleworth-funded.md	1774
2015-12-09	Introducing Wikity	https://hapgood.us/2015/12/09/introducing-wikity/	by/2015--hapgood-introducing-wikity.md	2081
2015-12-16	Wikity and Pinterest	https://hapgood.us/2015/12/16/wikity-and-pinterest/	by/2015--hapgood-wikity-and-pinterest.md	3332
2015-12-17	How Federated Open Educational Resources Could Work	https://hapgood.us/2015/12/17/how-federated-open-educational-resources-could-work/	by/2015--hapgood-how-federated-open-educational-resources-could-work.md	1461
2015-12-18	Clint Lalonde’s Sustainability Plan	https://hapgood.us/2015/12/18/clint-lalondes-sustainability-plan/	by/2015--hapgood-clint-lalondes-sustainability-plan.md	1248
2015-12-22	Do Instructors Search for Open Educational Resources at the Last Possible Moment?	https://hapgood.us/2015/12/22/do-instructors-search-for-open-educational-resources-at-the-last-possible-moment/	by/2015--hapgood-do-instructors-search-for-open-educational-resources-at-the.md	2611
2015-12-26	Markdown added to Wikity	https://hapgood.us/2015/12/26/markdown-added-to-wikity/	by/2015--hapgood-markdown-added-to-wikity.md	7880
2015-12-30	Why Facebook Won, and Other Hard Truths	https://hapgood.us/2015/12/30/why-facebook-won-and-other-hard-truths/	by/2015--hapgood-why-facebook-won-and-other-hard-truths.md	4589
2015-12-31	An Idle Thought on Differential Identity	https://hapgood.us/2015/12/31/an-idle-thought-on-differential-identity/	by/2015--hapgood-an-idle-thought-on-differential-identity.md	2296
2016-01-12	Join Code for Wikity	https://hapgood.us/2016/01/12/join-code-for-wikity/	by/2016--hapgood-join-code-for-wikity.md	356
2016-01-12	The Recommender’s Paradox	https://hapgood.us/2016/01/12/the-recommenders-paradox/	by/2016--hapgood-the-recommenders-paradox.md	2645
2016-01-15	Wikipedia Is the One Impossible Thing	https://hapgood.us/2016/01/15/wikipedia-is-the-one-impossible-thing/	by/2016--hapgood-wikipedia-is-the-one-impossible-thing.md	2301
2016-01-18	Quick Edit Functionality in Wikity	https://hapgood.us/2016/01/18/quick-edit-functionality-in-wikity/	by/2016--hapgood-quick-edit-functionality-in-wikity.md	4055
2016-01-21	The Future of Empowerment Is On the Client	https://hapgood.us/2016/01/21/the-future-of-privacy-is-on-the-client/	by/2016--hapgood-the-future-of-privacy-is-on-the-client.md	1849
2016-01-23	Capable Clients and the WordPress API	https://hapgood.us/2016/01/23/capable-clients-and-the-wordpress-api/	by/2016--hapgood-capable-clients-and-the-wordpress-api.md	3205
2016-01-27	JSON-Based Transclusion, and WordPress as the Universal Reader	https://hapgood.us/2016/01/27/json-based-transclusion-and-wordpress-as-the-universal-reader/	by/2016--hapgood-json-based-transclusion-and-wordpress-as-the-universal-reade.md	3196
2016-01-27	You Should Be Able to Browse the Web Through Your Own Website	https://hapgood.us/2016/01/27/you-should-be-able-to-browse-the-web-through-your-own-website/	by/2016--hapgood-you-should-be-able-to-browse-the-web-through-your-own-websit.md	2405
2016-01-29	Connected Copies	https://hapgood.us/2016/01/29/connected-copies/	by/2016--hapgood-connected-copies.md	1649
2016-02-03	An End to the Den Wars?	https://hapgood.us/2016/02/03/an-end-to-the-den-wars/	by/2016--hapgood-an-end-to-the-den-wars.md	3630
2016-02-13	SoundCloud and Connected Copies	https://hapgood.us/2016/02/13/soundcloud-and-connected-copies/	by/2016--hapgood-soundcloud-and-connected-copies.md	1443
2016-02-15	Connected Copies, Part One	https://hapgood.us/2016/02/15/connected-copies-part-one/	by/2016--hapgood-connected-copies-part-one.md	16194
2016-02-16	Amazon, OER, and SoundCloud	https://hapgood.us/2016/02/16/amazon-oer-and-soundcloud/	by/2016--hapgood-amazon-oer-and-soundcloud.md	7349
2016-02-17	Connected Copies, Part Two	https://hapgood.us/2016/02/17/connected-copies-part-two/	by/2016--hapgood-connected-copies-part-two.md	9356
2016-02-18	Why Learning Can’t Be “Like a Video Game”	https://hapgood.us/2016/02/18/why-learning-cant-be-like-a-video-game/	by/2016--hapgood-why-learning-cant-be-like-a-video-game.md	5949
2016-02-22	Can Blogs and Wiki Be Merged?	https://hapgood.us/2016/02/22/can-blogs-and-wiki-be-merged/	by/2016--hapgood-can-blogs-and-wiki-be-merged.md	5074
2016-02-23	What Are the Close-to-Best Examples of Blog and Wiki-Based Classes in Each Discipline?	https://hapgood.us/2016/02/23/what-are-the-close-to-best-examples-of-blog-and-wiki-based-classes-in-each-discipline/	by/2016--hapgood-what-are-the-close-to-best-examples-of-blog-and-wiki-based-c.md	1164
2016-02-25	The Tragedy of the Stream	https://hapgood.us/2016/02/25/the-tragedy-of-the-stream/	by/2016--hapgood-the-tragedy-of-the-stream.md	2488
2016-02-26	Cultural Resistance	https://hapgood.us/2016/02/26/culture-resistant/	by/2016--hapgood-culture-resistant.md	2947
2016-03-01	What Wikity Daily Use Looks Like	https://hapgood.us/2016/03/01/what-wikity-daily-use-looks-like/	by/2016--hapgood-what-wikity-daily-use-looks-like.md	1228
2016-03-03	Bootstrapping the Library	https://hapgood.us/2016/03/03/pre-stocking-the-library/	by/2016--hapgood-pre-stocking-the-library.md	9194
2016-03-04	Bring Your Bookmarks into the Hypertext Age	https://hapgood.us/2016/03/04/bring-your-bookmarks-into-the-hypertext-age/	by/2016--hapgood-bring-your-bookmarks-into-the-hypertext-age.md	9372
2016-03-06	New Forking Syntax on Wikity	https://hapgood.us/2016/03/06/new-forking-syntax-on-wikity/	by/2016--hapgood-new-forking-syntax-on-wikity.md	1398
2016-03-08	Trump University’s Online Materials Are a Lot Better Than Your University’s Online Materials	https://hapgood.us/2016/03/08/trump-universitys-online-materials-are-a-lot-better-than-your-universitys-online-materials/	by/2016--hapgood-trump-universitys-online-materials-are-a-lot-better-than-you.md	18844
2016-03-14	Bribing Students to Take Fewer Courses	https://hapgood.us/2016/03/14/bribing-students-to-take-fewer-courses/	by/2016--hapgood-bribing-students-to-take-fewer-courses.md	3840
2016-03-19	Chatbots for First-Year Student Success	https://hapgood.us/2016/03/19/chatbots-for-first-year-student-success/	by/2016--hapgood-chatbots-for-first-year-student-success.md	4341
2016-03-26	Intentionally Finding Knowledge Gaps	https://hapgood.us/2016/03/26/intentionally-finding-knowledge-gaps/	by/2016--hapgood-intentionally-finding-knowledge-gaps.md	1221
2016-04-01	The Opioid Epidemic	https://hapgood.us/2016/04/01/the-opioid-epidemic/	by/2016--hapgood-the-opioid-epidemic.md	5314
2016-04-04	The Missing Jury	https://hapgood.us/2016/04/04/the-missing-jury/	by/2016--hapgood-the-missing-jury.md	5869
2016-04-09	Answer to Leigh Blackall	https://hapgood.us/2016/04/09/answer-to-leigh-blackall/	by/2016--hapgood-answer-to-leigh-blackall.md	4520
2016-04-12	Retweeting and Comprehension	https://hapgood.us/2016/04/12/retweeting-and-comprehension/	by/2016--hapgood-retweeting-and-comprehension.md	4558
2016-04-20	Wikity Version 0.3 Released	https://hapgood.us/2016/04/20/wikity-version-0-3-released/	by/2016--hapgood-wikity-version-0-3-released.md	2481
2016-04-22	Deep and Lovely	https://hapgood.us/2016/04/22/deep-and-lovely/	by/2016--hapgood-deep-and-lovely.md	3487
2016-04-22	To Make Content Findable, Put It Everywhere	https://hapgood.us/2016/04/22/to-make-content-findable-put-it-everywhere/	by/2016--hapgood-to-make-content-findable-put-it-everywhere.md	1053
2016-04-26	Wikity 0.31 Released (Bug-fix for Quote Problems)	https://hapgood.us/2016/04/26/wikity-0-31-released-bug-fix-for-quote-problems/	by/2016--hapgood-wikity-0-31-released-bug-fix-for-quote-problems.md	1272
2016-04-30	Simon’s Watchmakers and the Future of Courseware	https://hapgood.us/2016/04/30/simons-watchmakers-and-the-future-of-courseware/	by/2016--hapgood-simons-watchmakers-and-the-future-of-courseware.md	20577
2016-05-10	We Have Personalization Backwards	https://hapgood.us/2016/05/10/we-have-personalization-backwards/	by/2016--hapgood-we-have-personalization-backwards.md	4953
2016-05-13	Choral Explanations	https://hapgood.us/2016/05/13/choral-explanations/	by/2016--hapgood-choral-explanations.md	12898
2016-05-17	A Quora for Open Educational Resources?	https://hapgood.us/2016/05/17/a-quora-for-open-educational-resources/	by/2016--hapgood-a-quora-for-open-educational-resources.md	1067
2016-05-19	De-Legitimization	https://hapgood.us/2016/05/19/de-legitimization/	by/2016--hapgood-de-legitimization.md	8795
2016-05-23	New WYSIWII Editor Added to Wikity	https://hapgood.us/2016/05/23/new-wysiwii-editor-added-to-wikity/	by/2016--hapgood-new-wysiwii-editor-added-to-wikity.md	2441
2016-05-24	Communities Need Tools to Protect Themselves From Scale	https://hapgood.us/2016/05/24/communities-need-tools-to-protect-themselves-from-scale/	by/2016--hapgood-communities-need-tools-to-protect-themselves-from-scale.md	2333
2016-05-25	“Grit” and Personalization	https://hapgood.us/2016/05/25/grit-and-personalization/	by/2016--hapgood-grit-and-personalization.md	6181
2016-05-25	Mixed-Course Students Are the Norm, Not the Exception	https://hapgood.us/2016/05/25/local-online-is-the-norm-not-the-exception/	by/2016--hapgood-local-online-is-the-norm-not-the-exception.md	3437
2016-06-01	Superpowers Take Time	https://hapgood.us/2016/06/01/superpowers-take-time/	by/2016--hapgood-superpowers-take-time.md	6305
2016-06-02	Prism: A Proposal for a Choral Approach to OER	https://hapgood.us/2016/06/02/prism-a-proposal-for-a-choral-approach-to-oer/	by/2016--hapgood-prism-a-proposal-for-a-choral-approach-to-oer.md	12420
2016-06-04	A Reminder: What Your Students Do Is Hard	https://hapgood.us/2016/06/04/a-reminder-what-your-students-do-is-hard/	by/2016--hapgood-a-reminder-what-your-students-do-is-hard.md	4575
2016-06-07	Blogging as Multi-Track	https://hapgood.us/2016/06/07/blogging-as-multi-track/	by/2016--hapgood-blogging-as-multi-track.md	1994
2016-06-09	The Textbook Duet	https://hapgood.us/2016/06/09/the-textbook-duet/	by/2016--hapgood-the-textbook-duet.md	1497
2016-06-13	Plans vs. Planning	https://hapgood.us/2016/06/13/plans-vs-planning/	by/2016--hapgood-plans-vs-planning.md	4177
2016-06-14	Predicting the Future	https://hapgood.us/2016/06/14/predicting-the-future/	by/2016--hapgood-predicting-the-future.md	16844
2016-06-15	Stereotype Threat and Police Recruitment	https://hapgood.us/2016/06/15/stereotype-threat-and-police-recruitment/	by/2016--hapgood-stereotype-threat-and-police-recruitment.md	3756
2016-06-16	Is “The Web As a Tool For Thought” a Gating Item?	https://hapgood.us/2016/06/16/is-the-web-as-a-tool-for-thought-a-gating-item/	by/2016--hapgood-is-the-web-as-a-tool-for-thought-a-gating-item.md	9083
2016-06-20	How My “Disarm Hate” Slogan Went Viral	https://hapgood.us/2016/06/20/how-my-disarm-hate-slogan-went-viral-a-lesson-in-network-communities-and-networks/	by/2016--hapgood-how-my-disarm-hate-slogan-went-viral-a-lesson-in-network-com.md	5455
2016-07-06	The Problem With Zuckerberg Telepathy	https://hapgood.us/2016/07/06/the-problem-with-zuckerberg-telepathy/	by/2016--hapgood-the-problem-with-zuckerberg-telepathy.md	2088
2016-07-12	Choral Explanations and OER: A Summary of Thinking to Date	https://hapgood.us/2016/07/12/choral-explanations-and-oer-a-summary-of-thinking-to-date/	by/2016--hapgood-choral-explanations-and-oer-a-summary-of-thinking-to-date.md	48564
2016-07-28	Choral Explanations on the (Not-So) Cheap	https://hapgood.us/2016/07/28/choral-explanations-on-the-not-so-cheap/	by/2016--hapgood-choral-explanations-on-the-not-so-cheap.md	2455
2016-08-01	Wikity on GitHub	https://hapgood.us/2016/08/01/wikity-on-github/	by/2016--hapgood-wikity-on-github.md	1796
2016-08-05	Using Simple Markdown in Wikity	https://hapgood.us/2016/08/05/using-simple-markdown-in-wikity/	by/2016--hapgood-using-simple-markdown-in-wikity.md	444
2016-08-06	Adding Images in Wikity	https://hapgood.us/2016/08/06/adding-images-in-wikity/	by/2016--hapgood-adding-images-in-wikity.md	243
2016-08-14	The Simple Vision	https://hapgood.us/2016/08/14/the-simple-vision/	by/2016--hapgood-the-simple-vision.md	2312
2016-08-23	Beyond the Export Model	https://hapgood.us/2016/08/23/beyond-the-export-model/	by/2016--hapgood-beyond-the-export-model.md	2473
2016-08-25	Slack Is All Hose And No Bucket	https://hapgood.us/2016/08/25/slack-is-all-hose-and-no-bucket/	by/2016--hapgood-slack-is-all-hose-and-no-bucket.md	1219
2016-08-26	The Dwindling Promise of Social Media	https://hapgood.us/2016/08/26/the-dwindling-promise-of-social-media/	by/2016--hapgood-the-dwindling-promise-of-social-media.md	6886
2016-08-29	Academic Torrents	https://hapgood.us/2016/08/29/academic-torrents/	by/2016--hapgood-academic-torrents.md	1207
2016-09-01	Derp	https://hapgood.us/2016/09/01/derp/	by/2016--hapgood-derp.md	3709
2016-09-04	How Document Decomposition Helps Overcome Bias	https://hapgood.us/2016/09/04/how-document-decomposition-helps-overcome-bias/	by/2016--hapgood-how-document-decomposition-helps-overcome-bias.md	10345
2016-09-06	“A new mode of obtaining power of mind over mind, in a quantity hitherto without example”	https://hapgood.us/2016/09/06/a-new-mode-of-obtaining-power-of-mind-over-mind-in-a-quantity-hitherto-without-example/	by/2016--hapgood-a-new-mode-of-obtaining-power-of-mind-over-mind-in-a-quantit.md	2925
2016-09-07	Putting Student-Produced OER at the Heart of the Institution	https://hapgood.us/2016/09/07/putting-student-produced-oer-at-the-heart-of-the-institution/	by/2016--hapgood-putting-student-produced-oer-at-the-heart-of-the-institution.md	7070
2016-09-14	Institutionalized	https://hapgood.us/2016/09/14/institutionalized/	by/2016--hapgood-institutionalized.md	21275
2016-09-18	Choral Explanations for Student Success: A Proposal	https://hapgood.us/2016/09/18/choral-explanations-for-student-success-a-proposal/	by/2016--hapgood-choral-explanations-for-student-success-a-proposal.md	13609
2016-09-20	Wikity Updates (0.4)	https://hapgood.us/2016/09/20/wikity-updates-0-4/	by/2016--hapgood-wikity-updates-0-4.md	5193
2016-09-22	EDUCAUSE Review New Horizons Editor	https://hapgood.us/2016/09/22/educause-new-horizons-editor/	by/2016--hapgood-educause-new-horizons-editor.md	1073
2016-10-09	The Web Stream Was Designed for Information Underload	https://hapgood.us/2016/10/09/the-web-stream-was-designed-for-information-underload/	by/2016--hapgood-the-web-stream-was-designed-for-information-underload.md	2540
2016-10-09	Storage-Neutral Apps and Web Applications Are Not That Hard	https://hapgood.us/2016/10/09/storage-neutral-apps-and-web-applications-are-not-that-hard/	by/2016--hapgood-storage-neutral-apps-and-web-applications-are-not-that-hard.md	2562
2016-10-10	New Directions in Open Education	https://hapgood.us/2016/10/10/new-directions-in-open-education/	by/2016--hapgood-new-directions-in-open-education.md	47471
2016-10-20	Slow-Writing with Wikity	https://hapgood.us/2016/10/20/slow-writing-with-wikity/	by/2016--hapgood-slow-writing-with-wikity.md	2229
2016-10-20	Opening Up the National Academies Could Radically Expand OER Impact	https://hapgood.us/2016/10/20/opening-up-the-national-academies-could-radically-expand-oer-impact/	by/2016--hapgood-opening-up-the-national-academies-could-radically-expand-oer.md	3248
2016-10-21	Internet of Broken Things	https://hapgood.us/2016/10/21/internet-of-broken-things/	by/2016--hapgood-internet-of-broken-things.md	2122
2016-10-25	Neoliberalism and Textbooks (I promise this is better than it sounds)	https://hapgood.us/2016/10/25/neoliberalism-and-textbooks-i-promise-this-is-better-than-it-sounds/	by/2016--hapgood-neoliberalism-and-textbooks-i-promise-this-is-better-than-it.md	6672
2016-10-29	Here’s My Problem With Hypothes.is	https://hapgood.us/2016/10/29/heres-my-problem-with-hypothes-is/	by/2016--hapgood-heres-my-problem-with-hypothes-is.md	4519
2016-11-07	I’m Writing a Book On the Disinfotopia of Current Social Media	https://hapgood.us/2016/11/07/im-writing-a-book-on-the-disinfotopia-of-current-social-media/	by/2016--hapgood-im-writing-a-book-on-the-disinfotopia-of-current-social-medi.md	3471
2016-11-09	Notes on How Social Media Broke Our Democracy	https://hapgood.us/2016/11/09/notes-on-how-social-media-broke-our-democracy/	by/2016--hapgood-notes-on-how-social-media-broke-our-democracy.md	830
2016-11-10	Facebook Broke Democracy, but the Fix Is Harder Than People Realize.	https://hapgood.us/2016/11/10/facebook-broke-democracy-but-the-fix-is-harder-than-people-realize/	by/2016--hapgood-facebook-broke-democracy-but-the-fix-is-harder-than-people-r.md	5764
2016-11-13	Despite Zuckerberg’s Protests, Fake News Does Better on Facebook Than Real News. Here’s Data to Prove It.	https://hapgood.us/2016/11/13/fake-news-does-better-on-facebook-than-real-news/	by/2016--hapgood-fake-news-does-better-on-facebook-than-real-news.md	7986
2016-11-13	Facebook and Twitter Are Probably Making Google a Liar as Well	https://hapgood.us/2016/11/13/facebook-and-twitter-are-probably-making-google-a-liar-as-well/	by/2016--hapgood-facebook-and-twitter-are-probably-making-google-a-liar-as-we.md	2666
2016-11-14	The “They Had Their Minds Made Up Anyway” Excuse	https://hapgood.us/2016/11/14/the-they-had-their-minds-made-up-anyway-excuse/	by/2016--hapgood-the-they-had-their-minds-made-up-anyway-excuse.md	11162
2016-11-14	Banning Ads Is Nice, but the Problem Is Facebook’s Underlying Model	https://hapgood.us/2016/11/14/banning-ads-is-nice-but-the-problem-is-facebooks-underlying-model/	by/2016--hapgood-banning-ads-is-nice-but-the-problem-is-facebooks-underlying.md	4060
2016-11-15	Maybe Rethink the Cult of Virality?	https://hapgood.us/2016/11/15/maybe-rethink-the-cult-of-virality/	by/2016--hapgood-maybe-rethink-the-cult-of-virality.md	1918
2016-11-15	Facebook’s Wall Metaphor and Political Polarization	https://hapgood.us/2016/11/15/facebooks-wall-metaphor-and-political-polarization/	by/2016--hapgood-facebooks-wall-metaphor-and-political-polarization.md	5558
2016-11-17	Scanning the Facebook Feed as a Rebuttal Shopping Experience	https://hapgood.us/2016/11/17/scanning-the-facebook-feed-as-an-evidence-shopping-experience/	by/2016--hapgood-scanning-the-facebook-feed-as-an-evidence-shopping-experienc.md	7740
2016-11-18	Latest In Rebuttal Shopping: Trump’s IQ	https://hapgood.us/2016/11/18/latest-in-rebuttal-shopping-trumps-iq/	by/2016--hapgood-latest-in-rebuttal-shopping-trumps-iq.md	2671
2016-11-18	Fooled by Recency: Hoaxers Increment Dates on Fake Stories	https://hapgood.us/2016/11/18/fooled-by-recency-hoaxers-increment-dates-on-fake-stories/	by/2016--hapgood-fooled-by-recency-hoaxers-increment-dates-on-fake-stories.md	2550
2016-11-20	Wikity, One Year Later	https://hapgood.us/2016/11/20/wikity-one-year-later/	by/2016--hapgood-wikity-one-year-later.md	10113
2016-12-07	Familiarity = Truth, a Reprise	https://hapgood.us/2016/12/07/familiarity-truth-a-reprise/	by/2016--hapgood-familiarity-truth-a-reprise.md	9109
2016-12-07	Announcing the Digital Polarization Initiative, an Open Pedagogy Project	https://hapgood.us/2016/12/07/announcing-the-digital-polarization-initiative-an-open-pedagogy-joint/	by/2016--hapgood-announcing-the-digital-polarization-initiative-an-open-pedag.md	8362
2016-12-08	Quick Note on the Recent Buzzfeed Study	https://hapgood.us/2016/12/08/quick-note-on-the-recent-buzzfeed-study/	by/2016--hapgood-quick-note-on-the-recent-buzzfeed-study.md	3420
2016-12-12	How to Analyze a News Claim and Publish the Analysis on Digipo.io	https://hapgood.us/2016/12/12/how-to-analyze-a-news-claim-and-publish-the-analysis-on-digipo-io/	by/2016--hapgood-how-to-analyze-a-news-claim-and-publish-the-analysis-on-digi.md	14359
2016-12-13	Would You Give Google a Passing Grade on Its AI Project?	https://hapgood.us/2016/12/13/would-you-give-google-a-passing-grade-on-its-ai-project/	by/2016--hapgood-would-you-give-google-a-passing-grade-on-its-ai-project.md	2546
2016-12-19	Yes, Digital Literacy. But Which One?	https://hapgood.us/2016/12/19/yes-digital-literacy-but-which-one/	by/2016--hapgood-yes-digital-literacy-but-which-one.md	33530
2016-12-21	Levering Up a Google Search	https://hapgood.us/2016/12/21/levering-up-a-google-search/	by/2016--hapgood-levering-up-a-google-search.md	5531
2016-12-22	Tracing Photo Back to a Personal Account	https://hapgood.us/2016/12/22/tracing-photo-back-to-a-personal-account/	by/2016--hapgood-tracing-photo-back-to-a-personal-account.md	3808
2016-12-27	Finding the squishy middle (before fact-checking everything drives you nuts)	https://hapgood.us/2016/12/27/finding-the-squishy-middle-before-fact-checking-everything-drives-you-nuts/	by/2016--hapgood-finding-the-squishy-middle-before-fact-checking-everything-d.md	4494
2016-12-29	Why You’re Fooling Yourself About Fooling Yourself About Fake News	https://hapgood.us/2016/12/29/why-youre-fooling-yourself-about-fooling-yourself-about-fake-news/	by/2016--hapgood-why-youre-fooling-yourself-about-fooling-yourself-about-fake.md	9325
2017-01-02	Checking Internet-Based Claims	https://hapgood.us/2017/01/02/checking-internet-based-claims/	by/2017--hapgood-checking-internet-based-claims.md	2858
2017-01-04	Today’s Challenge: Trace Viral Photos Upstream	https://hapgood.us/2017/01/04/todays-challenge-trace-viral-photos-upstream/	by/2017--hapgood-todays-challenge-trace-viral-photos-upstream.md	1198
2017-01-05	Finding an Eagle Attack	https://hapgood.us/2017/01/05/finding-an-eagle-attack/	by/2017--hapgood-finding-an-eagle-attack.md	1298
2017-01-07	Amazon Might Be Your Next News Environment	https://hapgood.us/2017/01/07/amazon-might-be-your-next-news-environment/	by/2017--hapgood-amazon-might-be-your-next-news-environment.md	5619
2017-01-09	Monopolistic Digital Capitalism and Its Discontents	https://hapgood.us/2017/01/09/monopolistic-digital-capitalism-and-its-discontents/	by/2017--hapgood-monopolistic-digital-capitalism-and-its-discontents.md	6332
2017-01-15	The Impulse to Dive Deeper	https://hapgood.us/2017/01/15/the-impulse-to-dive-deeper/	by/2017--hapgood-the-impulse-to-dive-deeper.md	1966
2017-01-17	Road Trip	https://hapgood.us/2017/01/17/road-trip/	by/2017--hapgood-road-trip.md	2045
2017-01-24	Cleanup Time	https://hapgood.us/2017/01/24/cleanup-time/	by/2017--hapgood-cleanup-time.md	2880
2017-02-07	Narrative Neediness	https://hapgood.us/2017/02/07/narrative-neediness/	by/2017--hapgood-narrative-neediness.md	4287
2017-02-13	Web Literacy for Student Fact-Checkers Is Out	https://hapgood.us/2017/02/13/web-literacy-for-student-fact-checkers-is-out/	by/2017--hapgood-web-literacy-for-student-fact-checkers-is-out.md	3005
2017-02-17	Misinformation Is a Norovirus and the Web Is a Cruise Ship	https://hapgood.us/2017/02/17/misinformation-is-a-norovirus-and-the-web-is-a-cruise-ship/	by/2017--hapgood-misinformation-is-a-norovirus-and-the-web-is-a-cruise-ship.md	9179
2017-02-18	The Lead-Crime Hypothesis and a Gripe About Mobile	https://hapgood.us/2017/02/18/the-lead-hypothesis-and-a-gripe-about-mobile/	by/2017--hapgood-the-lead-hypothesis-and-a-gripe-about-mobile.md	6649
2017-02-24	Against Expressive Social Media	https://hapgood.us/2017/02/24/against-expressive-social-media/	by/2017--hapgood-against-expressive-social-media.md	9274
2017-02-27	Searching News Program Audio	https://hapgood.us/2017/02/27/searching-news-program-audio/	by/2017--hapgood-searching-news-program-audio.md	2283
2017-03-04	How “News Literacy” Gets the Web Wrong	https://hapgood.us/2017/03/04/how-news-literacy-gets-the-web-wrong/	by/2017--hapgood-how-news-literacy-gets-the-web-wrong.md	24505
2017-03-06	Doubt Versus a Bayesian Outlook	https://hapgood.us/2017/03/06/doubt-versus-a-bayesian-outlook/	by/2017--hapgood-doubt-versus-a-bayesian-outlook.md	9148
2017-03-09	Google Should Be a Librarian, not a Family Feud Contestant	https://hapgood.us/2017/03/09/google-should-be-more-than-family-feud/	by/2017--hapgood-google-should-be-more-than-family-feud.md	7121
2017-03-16	Two Feeds, Two Scarcities	https://hapgood.us/2017/03/16/two-feeds-two-scarcities/	by/2017--hapgood-two-feeds-two-scarcities.md	1985
2017-03-17	Beyond WordPress	https://hapgood.us/2017/03/17/beyond-wordpress/	by/2017--hapgood-beyond-wordpress.md	2650
2017-03-18	You Are Not the Hero of This Story	https://hapgood.us/2017/03/18/you-are-not-the-hero-of-this-story/	by/2017--hapgood-you-are-not-the-hero-of-this-story.md	3781
2017-03-19	Misinformation May Be the Disease, But Curiosity Is the Cure	https://hapgood.us/2017/03/19/misinformation-may-be-the-disease-but-curiosity-is-the-cure/	by/2017--hapgood-misinformation-may-be-the-disease-but-curiosity-is-the-cure.md	4985
2017-03-20	Pulling the Moves Together	https://hapgood.us/2017/03/20/pulling-the-moves-together/	by/2017--hapgood-pulling-the-moves-together.md	2343
2017-03-23	The Power of Explaining to Others	https://hapgood.us/2017/03/23/the-power-of-explaining-to-others/	by/2017--hapgood-the-power-of-explaining-to-others.md	5218
2017-03-25	My Lazy Manifesto On This Post-Truth Moment: Technologies for Collaborative Exploration	https://hapgood.us/2017/03/25/my-lazy-manifesto-on-this-post-truth-moment-technologies-for-collaborative-exploration/	by/2017--hapgood-my-lazy-manifesto-on-this-post-truth-moment-technologies-for.md	2468
2017-03-30	Web Literacy Assignment: Jewish Population	https://hapgood.us/2017/03/30/web-literacy-assignment-jewish-population/	by/2017--hapgood-web-literacy-assignment-jewish-population.md	1140
2017-04-02	Obamaphones and Misinformation	https://hapgood.us/2017/04/02/obamaphones-and-misinformation/	by/2017--hapgood-obamaphones-and-misinformation.md	5998
2017-04-04	Creating a Wikipedia for Fact-checking	https://hapgood.us/2017/04/04/creating-a-wikipedia-for-fact-checking/	by/2017--hapgood-creating-a-wikipedia-for-fact-checking.md	5202
2017-04-06	UMW Talk, Condensed	https://hapgood.us/2017/04/06/umw-talk-condensed/	by/2017--hapgood-umw-talk-condensed.md	967
2017-04-12	Today’s Reverse Image Challenge: Forced Prayer	https://hapgood.us/2017/04/12/todays-reverse-image-challenge/	by/2017--hapgood-todays-reverse-image-challenge.md	226
2017-04-13	Novel Reading	https://hapgood.us/2017/04/13/novel-reading/	by/2017--hapgood-novel-reading.md	95
2017-04-15	Polarization and Expressive Responding	https://hapgood.us/2017/04/15/polarization-and-expressive-responding/	by/2017--hapgood-polarization-and-expressive-responding.md	6235
2017-04-20	Why I Use Reverse Image Searches to Teach	https://hapgood.us/2017/04/20/why-i-use-reverse-image-searches-to-teach/	by/2017--hapgood-why-i-use-reverse-image-searches-to-teach.md	1329
2017-04-25	A list of articles currently on Digipo	https://hapgood.us/2017/04/25/a-list-of-articles-currently-on-digipo/	by/2017--hapgood-a-list-of-articles-currently-on-digipo.md	15284
2017-04-27	Spot the Ad Content	https://hapgood.us/2017/04/27/spot-the-ad-content/	by/2017--hapgood-spot-the-ad-content.md	359
2017-05-02	Corner-Clipping	https://hapgood.us/2017/05/02/corner-clipping/	by/2017--hapgood-corner-clipping.md	3116
2017-05-03	Introducing the #CheckPlease Tag	https://hapgood.us/2017/05/03/introducing-the-checkplease-tag/	by/2017--hapgood-introducing-the-checkplease-tag.md	2927
2017-05-10	Auto-Annotating News Articles To Scaffold Media Literacy Skills In Students	https://hapgood.us/2017/05/10/auto-annotating-news-articles-to-scaffold-media-literacy-skills-in-students/	by/2017--hapgood-auto-annotating-news-articles-to-scaffold-media-literacy-ski.md	6863
2017-05-11	The Annotation Layer As a Marketplace for Context: A Proposal	https://hapgood.us/2017/05/11/the-annotation-layer-as-fact-checking-and-context-marketplace-a-proposal/	by/2017--hapgood-the-annotation-layer-as-fact-checking-and-context-marketplac.md	12206
2017-05-12	Innovation vs. Invention	https://hapgood.us/2017/05/12/innovation-vs-invention/	by/2017--hapgood-innovation-vs-invention.md	667
2017-05-18	Activity: Confirming the Nixon Witch-Hunt Headline	https://hapgood.us/2017/05/18/witch-hunt/	by/2017--hapgood-witch-hunt.md	648
2017-05-19	Activity: Evaluate a Website	https://hapgood.us/2017/05/19/activity-evaluate-a-website/	by/2017--hapgood-activity-evaluate-a-website.md	771
2017-06-02	The Three Who Intervened	https://hapgood.us/2017/06/02/the-three-who-intervened/	by/2017--hapgood-the-three-who-intervened.md	8175
2017-06-12	We Have a Real Shot to Fix Our Information Environment	https://hapgood.us/2017/06/12/we-have-a-real-shot-to-fix-our-information-environment/	by/2017--hapgood-we-have-a-real-shot-to-fix-our-information-environment.md	1885
2017-06-22	Make Servers Dumb Again	https://hapgood.us/2017/06/22/make-servers-dumb-again/	by/2017--hapgood-make-servers-dumb-again.md	2199
2017-06-23	What you can do in three minutes on DigiPo to make the world better.	https://hapgood.us/2017/06/23/what-you-can-do-in-three-minutes-on-digipo-to-make-the-world-better/	by/2017--hapgood-what-you-can-do-in-three-minutes-on-digipo-to-make-the-world.md	4987
2017-06-26	The Persistence Argument for Running Your Own Server Is Wrong	https://hapgood.us/2017/06/26/the-persistence-argument-for-running-your-own-server-is-wrong/	by/2017--hapgood-the-persistence-argument-for-running-your-own-server-is-wron.md	5804
2017-06-30	Minimum Viable Public Project	https://hapgood.us/2017/06/30/minimum-viable-public-project/	by/2017--hapgood-minimum-viable-public-project.md	3888
2017-07-03	How to Find Out If a “Local” Newspaper Site Is Fake (Using a New-ish Google Feature)	https://hapgood.us/2017/07/03/how-to-find-out-if-a-local-newspaper-site-is-fake-using-a-new-ish-google-feature/	by/2017--hapgood-how-to-find-out-if-a-local-newspaper-site-is-fake-using-a-ne.md	1803
2017-07-13	We’ve Made It Ridiculously Easy to Contribute to the Digital Polarization Initiative	https://hapgood.us/2017/07/13/weve-made-it-ridiculously-easy-to-contribute-to-the-digital-polarization-initiative/	by/2017--hapgood-weve-made-it-ridiculously-easy-to-contribute-to-the-digital.md	2076
2017-07-19	Information Underload	https://hapgood.us/2017/07/19/information-underload/	by/2017--hapgood-information-underload.md	6469
2017-07-20	60-Second Check: Aircraft Waste Hits Cruise Ship	https://hapgood.us/2017/07/20/60-second-check-aircraft-waste-hits-cruise-ship/	by/2017--hapgood-60-second-check-aircraft-waste-hits-cruise-ship.md	414
2017-07-27	A Call to Info-Environmentalism	https://hapgood.us/2017/07/27/a-call-to-info-environmentalism/	by/2017--hapgood-a-call-to-info-environmentalism.md	5425
2017-07-31	Converting a Word Doc into a Digipo Article	https://hapgood.us/2017/07/31/converting-a-word-doc-into-a-digipo-article/	by/2017--hapgood-converting-a-word-doc-into-a-digipo-article.md	1214
2017-08-01	LazyWeb: Why Did Trust In Press Collapse in the mid-80s/early-90s?	https://hapgood.us/2017/08/01/lazyweb-why-did-trust-in-press-collapse-in-the-mid-80searly-90s/	by/2017--hapgood-lazyweb-why-did-trust-in-press-collapse-in-the-mid-80searly.md	2808
2017-08-04	Assignment: Titanic Photograph	https://hapgood.us/2017/08/04/assignment-titanic-photograph/	by/2017--hapgood-assignment-titanic-photograph.md	444
2017-08-10	Assignment: Sourcing a Quote	https://hapgood.us/2017/08/10/assignment-sourcing-a-quote/	by/2017--hapgood-assignment-sourcing-a-quote.md	2190
2017-08-28	Activity: Choose the Best Source of the Top Google Results	https://hapgood.us/2017/08/28/activity-choose-the-best-source-of-the-top-google-results/	by/2017--hapgood-activity-choose-the-best-source-of-the-top-google-results.md	2894
2017-09-01	The Fake Headlines (September 1, 2017)	https://hapgood.us/2017/09/01/the-fake-headlines-september-1-2017/	by/2017--hapgood-the-fake-headlines-september-1-2017.md	5874
2017-09-05	“Students as Creators” and the Theology of the Attention Economy	https://hapgood.us/2017/09/05/students-as-creators-and-the-capitalist-impulse/	by/2017--hapgood-students-as-creators-and-the-capitalist-impulse.md	5438
2017-09-06	HIV “Dissidents” and Demand-Side Conspiracy	https://hapgood.us/2017/09/06/hiv-dissidents-and-demand-side-conspiracy/	by/2017--hapgood-hiv-dissidents-and-demand-side-conspiracy.md	7490
2017-09-07	How the Independent created a fake news Facebook card out of a real story	https://hapgood.us/2017/09/07/how-the-independent-created-a-fake-news-facebook-card-out-of-a-real-story/	by/2017--hapgood-how-the-independent-created-a-fake-news-facebook-card-out-of.md	4109
2017-09-13	Let’s Tax the Collection and Storage of Personal Information	https://hapgood.us/2017/09/13/lets-tax-the-collection-and-storage-of-personal-information/	by/2017--hapgood-lets-tax-the-collection-and-storage-of-personal-information.md	4275
2017-09-14	A State Sales Tax on Personal Data	https://hapgood.us/2017/09/14/a-state-sales-tax-on-personal-data/	by/2017--hapgood-a-state-sales-tax-on-personal-data.md	3236
2017-09-15	When Fox News Is Not a Bad Choice	https://hapgood.us/2017/09/15/when-fox-news-is-not-a-bad-choice/	by/2017--hapgood-when-fox-news-is-not-a-bad-choice.md	2814
2017-09-15	That Watson for OER Pitch Is Classic Information Underload	https://hapgood.us/2017/09/15/that-watson-for-oer-pitch-is-classic-information-underload/	by/2017--hapgood-that-watson-for-oer-pitch-is-classic-information-underload.md	665
2017-09-15	How To Participate In Digipo (September 2017 version)	https://hapgood.us/2017/09/15/how-to-participate-in-digipo-september-2017-version/	by/2017--hapgood-how-to-participate-in-digipo-september-2017-version.md	2402
2017-09-20	Traces Newsletter #23: The Mobilization State	https://hapgood.us/2017/09/20/traces-newsletter-23-the-mobilization-state/	by/2017--hapgood-traces-newsletter-23-the-mobilization-state.md	8754
2017-09-27	Climate-based Web Literacy Activity	https://hapgood.us/2017/09/27/climate-based-web-literacy-activity/	by/2017--hapgood-climate-based-web-literacy-activity.md	2458
2017-10-17	Assignment: Is This Really Pew?	https://hapgood.us/2017/10/17/assignment-is-this-really-pew/	by/2017--hapgood-assignment-is-this-really-pew.md	370
2017-11-10	Traces #31: Mobile Misinformation	https://hapgood.us/2017/11/10/traces-31-mobile-misinformation/	by/2017--hapgood-traces-31-mobile-misinformation.md	7725
2017-11-13	Digital Polarization on Pinterest Is Scary Aggressive	https://hapgood.us/2017/11/13/digital-polarization-on-pinterest-is-scary-aggressive/	by/2017--hapgood-digital-polarization-on-pinterest-is-scary-aggressive.md	372
2017-11-16	Traces #32: Hall of Mirrors	https://hapgood.us/2017/11/16/traces-32-hall-of-mirrors/	by/2017--hapgood-traces-32-hall-of-mirrors.md	10796
2017-11-21	Traces #33: Pizza Laundering	https://hapgood.us/2017/11/21/traces-33-pizza-laundering/	by/2017--hapgood-traces-33-pizza-laundering.md	7095
2017-11-22	Assignment: Knife-Carrying Odinga Supporter	https://hapgood.us/2017/11/22/knife-carrying-odinga-supporter/	by/2017--hapgood-knife-carrying-odinga-supporter.md	2944
2017-11-28	Pictures from Pinterest	https://hapgood.us/2017/11/28/pictures-from-pinterest/	by/2017--hapgood-pictures-from-pinterest.md	6216
2017-11-29	Activity: 50 Cigarettes a Day	https://hapgood.us/2017/11/29/activity-50-cigarettes-a-day/	by/2017--hapgood-activity-50-cigarettes-a-day.md	308
2017-12-04	The Web Is Abundant. Find Another Source.	https://hapgood.us/2017/12/04/the-web-is-abundant-find-another-source/	by/2017--hapgood-the-web-is-abundant-find-another-source.md	5669
2017-12-06	Checking Existence of Traditional News Sources Using Wikipedia	https://hapgood.us/2017/12/06/checking-existence-of-traditional-news-sources-using-wikipedia/	by/2017--hapgood-checking-existence-of-traditional-news-sources-using-wikiped.md	156
2017-12-07	Using Google News to Verify Claims	https://hapgood.us/2017/12/07/using-google-news-to-verify-claims/	by/2017--hapgood-using-google-news-to-verify-claims.md	7105
2017-12-30	Some 2018 Predictions	https://hapgood.us/2017/12/30/some-2018-predictions/	by/2017--hapgood-some-2018-predictions.md	11613
2018-01-03	People Are Not Talking About Machine Learning Clickbait and Misinformation Nearly Enough	https://hapgood.us/2018/01/03/people-are-not-freaking-out-over-machine-learning-clickbait-and-misinformation-nearly-enough/	by/2018--hapgood-people-are-not-freaking-out-over-machine-learning-clickbait.md	5805
2018-01-12	Arsonist Birds Activity Sequence	https://hapgood.us/2018/01/12/arsonist-birds-activity-sequence/	by/2018--hapgood-arsonist-birds-activity-sequence.md	3366
2018-01-22	Instead of letting people vote on news, Facebook should adopt Google’s rater system	https://hapgood.us/2018/01/22/instead-of-letting-people-vote-on-news-facebook-should-adopt-googles-rater-system/	by/2018--hapgood-instead-of-letting-people-vote-on-news-facebook-should-adopt.md	4790
2018-01-23	It Can Take As Little As Thirty Seconds, Seriously	https://hapgood.us/2018/01/23/it-can-take-as-little-as-thirty-seconds-seriously/	by/2018--hapgood-it-can-take-as-little-as-thirty-seconds-seriously.md	2596
2018-02-04	Computational Propaganda and Totalitarianism (A Thread)	https://hapgood.us/2018/02/04/computational-propaganda-and-totalitarianism-a-thread/	by/2018--hapgood-computational-propaganda-and-totalitarianism-a-thread.md	3853
2018-02-13	From Precinct to Voter	https://hapgood.us/2018/02/13/from-precinct-to-voter/	by/2018--hapgood-from-precinct-to-voter.md	2032
2018-02-18	Recognition Is Futile: Why Checklist Approaches to Information Literacy Fail and What To Do About It	https://hapgood.us/2018/02/18/recognition-is-futile-why-checklist-approaches-to-information-literacy-fail-and-what-to-do-about-it/	by/2018--hapgood-recognition-is-futile-why-checklist-approaches-to-informatio.md	12196
2018-02-22	The Three Acts of Online Media Literacy Lessons: A First Pass	https://hapgood.us/2018/02/22/the-three-acts-of-online-media-literacy-lessons-a-first-pass/	by/2018--hapgood-the-three-acts-of-online-media-literacy-lessons-a-first-pass.md	10952
2018-02-23	Media Literacy Is About Where To Spend Your Trust. But You Have To Spend It Somewhere.	https://hapgood.us/2018/02/23/media-literacy-is-about-where-to-spend-your-trust-but-you-have-to-spend-it-somewhere/	by/2018--hapgood-media-literacy-is-about-where-to-spend-your-trust-but-you-ha.md	6728
2018-03-07	How To Read Laterally: A Lesson for New York Times Columnists Including But Not Limited to Bari Weiss	https://hapgood.us/2018/03/07/how-to-read-laterally-a-lesson-for-new-york-times-columnists-including-but-not-limited-to-bari-weiss/	by/2018--hapgood-how-to-read-laterally-a-lesson-for-new-york-times-columnists.md	3678
2018-03-11	Publishers and Platforms Need to Label Genres. Now, Please.	https://hapgood.us/2018/03/11/publisher-and-platforms-need-to-label-genres-now-please/	by/2018--hapgood-publisher-and-platforms-need-to-label-genres-now-please.md	2360
2018-03-14	300+ Web Searches for Your Online Literacy Class	https://hapgood.us/2018/03/14/300-web-searches-for-your-online-literacy-class/	by/2018--hapgood-300-web-searches-for-your-online-literacy-class.md	19650
2018-03-15	False Positives and Fake News	https://hapgood.us/2018/03/15/false-positives-and-fake-news/	by/2018--hapgood-false-positives-and-fake-news.md	1960
2018-04-21	We Should Put Fact-Checking Tools In the Core Browser	https://hapgood.us/2018/04/21/we-should-put-fact-checking-tools-in-the-core-browser/	by/2018--hapgood-we-should-put-fact-checking-tools-in-the-core-browser.md	5959
2018-04-21	Web Literacy For Student Fact-Checkers Wins MERLOT 2018 Classics Award	https://hapgood.us/2018/04/21/web-literacy-for-student-fact-checkers-wins-merlot-classics-award/	by/2018--hapgood-web-literacy-for-student-fact-checkers-wins-merlot-classics.md	2820
2018-04-25	OLC Innovate Privacy Concerns	https://hapgood.us/2018/04/25/olc-innovate-privacy-concerns/	by/2018--hapgood-olc-innovate-privacy-concerns.md	2997
2018-05-07	The “Just Add Wikipedia In the Omnibar” Trick	https://hapgood.us/2018/05/07/the-just-add-wikipedia-in-the-omnibar-trick/	by/2018--hapgood-the-just-add-wikipedia-in-the-omnibar-trick.md	2128
2018-05-09	Taking Bearings on The Star	https://hapgood.us/2018/05/09/taking-bearings-on-the-star/	by/2018--hapgood-taking-bearings-on-the-star.md	2089
2018-05-12	Google’s Big AI Advance Is… Script Theory?	https://hapgood.us/2018/05/12/googles-big-ai-advance-is-script-theory/	by/2018--hapgood-googles-big-ai-advance-is-script-theory.md	3957
2018-05-17	Neartopias	https://hapgood.us/2018/05/17/neartopias/	by/2018--hapgood-neartopias.md	5219
2018-05-26	Civix Releases New Online Media Literacy Videos	https://hapgood.us/2018/05/26/civix-releases-new-online-media-literacy-videos/	by/2018--hapgood-civix-releases-new-online-media-literacy-videos.md	5375
2018-05-29	Announcing the Newspapers On Wikipedia Project (#NOW)	https://hapgood.us/2018/05/29/announcing-the-local-historical-newspapers-project-lhnp/	by/2018--hapgood-announcing-the-local-historical-newspapers-project-lhnp.md	10334
2018-05-31	Establishing the Significant History of a Newspaper on Wikipedia	https://hapgood.us/2018/05/31/establishing-the-significant-history-of-a-newspaper-on-wikipedia/	by/2018--hapgood-establishing-the-significant-history-of-a-newspaper-on-wikip.md	8578
2018-06-16	Encourage Students to Give Feedback on Google Answers	https://hapgood.us/2018/06/16/encourage-students-to-give-feedback-on-google-answers/	by/2018--hapgood-encourage-students-to-give-feedback-on-google-answers.md	1425
2018-07-17	Starting a Wikipedia Article on a Local Newspaper	https://hapgood.us/2018/07/17/starting-a-wikipedia-article-on-a-local-newspaper/	by/2018--hapgood-starting-a-wikipedia-article-on-a-local-newspaper.md	1037
2018-07-19	Newspapers on Wikipedia Project: A Quick and Current Project Summary and Some Heartfelt Thank Yous	https://hapgood.us/2018/07/19/newspapers-on-wikipedia-project-a-quick-and-current-project-summary-and-some-heartfelt-thank-yous/	by/2018--hapgood-newspapers-on-wikipedia-project-a-quick-and-current-project.md	5155
2018-07-31	Ways to Help the Newspapers On Wikipedia Project Without Setting Up a Wikipedia Account #1: Add a Resource	https://hapgood.us/2018/07/31/ways-to-help-the-newspapers-on-wikipedia-project-without-setting-up-a-wikipedia-account-1-add-a-resource/	by/2018--hapgood-ways-to-help-the-newspapers-on-wikipedia-project-without-set.md	4318
2018-08-01	Unintended Consequences to Google Context Cards on Conspiracy Videos?	https://hapgood.us/2018/08/01/unintended-consequences-to-google-context-cards-on-conspiracy-videos/	by/2018--hapgood-unintended-consequences-to-google-context-cards-on-conspirac.md	2643
2018-08-04	A Note about Cognitive Effort and Misinfo (Oh, and also I’m a Rita Allen Misinformation Solutions Forum Finalist)	https://hapgood.us/2018/08/04/a-note-about-cognitive-effort-and-misinfo-oh-and-also-im-a-rita-allen-misinformation-solutions-forum-finalist/	by/2018--hapgood-a-note-about-cognitive-effort-and-misinfo-oh-and-also-im-a-r.md	4029
2018-08-09	Newspapers On Wikipedia Update: Initial Wikidata Pass	https://hapgood.us/2018/08/09/newspapers-on-wikipedia-update-initial-wikidata-pass/	by/2018--hapgood-newspapers-on-wikipedia-update-initial-wikidata-pass.md	4379
2018-08-10	A Provocation for the Open Pedagogy Community	https://hapgood.us/2018/08/10/a-provocation-for-the-open-pedagogy-community/	by/2018--hapgood-a-provocation-for-the-open-pedagogy-community.md	3676
2018-08-15	QAnon and Pinterest Is Just the Beginning	https://hapgood.us/2018/08/15/qanon-and-pinterest-is-a-completely-predictable-disaster/	by/2018--hapgood-qanon-and-pinterest-is-a-completely-predictable-disaster.md	6282
2018-08-21	The “Always Check” Approach to Online Literacy	https://hapgood.us/2018/08/21/the-always-check-approach-to-online-literacy/	by/2018--hapgood-the-always-check-approach-to-online-literacy.md	8504
2018-09-04	A Roll-Up of Digipo Resources (4 September 2018)	https://hapgood.us/2018/09/04/a-roll-up-of-digipo-resources-4-september-2018/	by/2018--hapgood-a-roll-up-of-digipo-resources-4-september-2018.md	3481
2018-09-06	Safety Culture and the Associated Press	https://hapgood.us/2018/09/06/safety-culture-and-the-associated-press/	by/2018--hapgood-safety-culture-and-the-associated-press.md	11490
2018-09-07	Stop Reacting and Start Doing the Process	https://hapgood.us/2018/09/07/stop-reacting-and-start-doing-the-process/	by/2018--hapgood-stop-reacting-and-start-doing-the-process.md	3357
2018-09-11	Tribalism is a cognitive shortcut. Addressing it requires better shortcuts.	https://hapgood.us/2018/09/11/tribalism-is-a-cognitive-shortcut-solving-it-requires-better-shortcuts/	by/2018--hapgood-tribalism-is-a-cognitive-shortcut-solving-it-requires-better.md	2572
2018-09-12	The Fast and Frugal Needs of the Online Reader	https://hapgood.us/2018/09/12/the-fast-and-frugal-needs-of-the-online-reader/	by/2018--hapgood-the-fast-and-frugal-needs-of-the-online-reader.md	7498
2018-09-14	A Short History of CRAAP	https://hapgood.us/2018/09/14/a-short-history-of-craap/	by/2018--hapgood-a-short-history-of-craap.md	12658
2018-09-15	GIFs as Disinformation Remedy (aka The GIF Curriculum)	https://hapgood.us/2018/09/15/how-gifs-will-save-democracy-aka-the-gif-curriculum/	by/2018--hapgood-how-gifs-will-save-democracy-aka-the-gif-curriculum.md	2648
2018-09-22	A Suggested Improvement to Facebook’s Information Panel: Stories “About” Not “From”	https://hapgood.us/2018/09/22/a-suggested-improvement-to-facebooks-information-panel-stories-about-not-from/	by/2018--hapgood-a-suggested-improvement-to-facebooks-information-panel-stori.md	3809
2018-10-05	We’re Thinking About This Backwards	https://hapgood.us/2018/10/05/were-thinking-about-this-backwards/	by/2018--hapgood-were-thinking-about-this-backwards.md	3373
2018-10-08	Useful thoughts on attention and information overload from 1971 (via Simon, Deutsch, Shubik)	https://hapgood.us/2018/10/08/designing-organizations-for-an-information-rich-world/	by/2018--hapgood-designing-organizations-for-an-information-rich-world.md	9462
2018-10-16	The Persistent Myth of Insurmountable Tribalism Will Kill Us All	https://hapgood.us/2018/10/16/the-persistent-myth-of-insurmountable-tribalism-will-kill-us-all/	by/2018--hapgood-the-persistent-myth-of-insurmountable-tribalism-will-kill-us.md	6498
2018-10-29	It’s Not About the “Heat” of the Rhetoric, It’s About Its Toxicity	https://hapgood.us/2018/10/29/its-not-about-the-heat-of-the-rhetoric-its-about-its-toxicity/	by/2018--hapgood-its-not-about-the-heat-of-the-rhetoric-its-about-its-toxicit.md	9738
2018-11-01	How to Teach Older People Online Infolit	https://hapgood.us/2018/11/01/how-to-teach-older-people-online-infolit/	by/2018--hapgood-how-to-teach-older-people-online-infolit.md	2706
2018-11-14	Some Preliminary Results On Cynicism and Online Information Literacy	https://hapgood.us/2018/11/14/a-teaser-on-some-results-on-cynicism-and-online-information-literacy/	by/2018--hapgood-a-teaser-on-some-results-on-cynicism-and-online-information.md	9499
2018-11-20	In the Web’s Hyperreality, Information Is Experience	https://hapgood.us/2018/11/20/in-the-webs-hyperreality-information-is-experience/	by/2018--hapgood-in-the-webs-hyperreality-information-is-experience.md	17445
2018-11-21	“Thinking for Yourself”	https://hapgood.us/2018/11/21/thinking-for-yourself/	by/2018--hapgood-thinking-for-yourself.md	30
2018-11-27	Cynicism, Not Gullibility, Will Kill Our Humanity	https://hapgood.us/2018/11/27/cynicism-not-gullibility-will-kill-our-humanity/	by/2018--hapgood-cynicism-not-gullibility-will-kill-our-humanity.md	3710
2018-11-28	The Tensions of Open Pedagogy	https://hapgood.us/2018/11/28/the-tensions-of-open-pedagogy/	by/2018--hapgood-the-tensions-of-open-pedagogy.md	2748
2018-12-02	Empower Teachers First	https://hapgood.us/2018/12/02/empower-teachers-first/	by/2018--hapgood-empower-teachers-first.md	2118
2018-12-03	Recognition Is Futile (and also dangerous)	https://hapgood.us/2018/12/03/recognition-is-futile-and-also-dangerous/	by/2018--hapgood-recognition-is-futile-and-also-dangerous.md	5053
2018-12-13	The Homeostatic Fallacy and Misinformation Literacy	https://hapgood.us/2018/12/13/the-homeostatic-fallacy-and-misinformation-literacy/	by/2018--hapgood-the-homeostatic-fallacy-and-misinformation-literacy.md	4158
2018-12-24	The first use of the term “conspiracy theory” is much earlier — and more interesting — than historians have thought.	https://hapgood.us/2018/12/24/the-first-use-of-the-term-conspiracy-theory-is-much-earlier-and-more-interesting-than-historians-have-thought/	by/2018--hapgood-the-first-use-of-the-term-conspiracy-theory-is-much-earlier.md	7703
2018-12-25	“Conspiracy Theorists” in 1934 and 1961	https://hapgood.us/2018/12/25/conspiracy-theorists-in-1934/	by/2018--hapgood-conspiracy-theorists-in-1934.md	4596
2018-12-26	Some Notes On Installing Federated Wiki On Windows	https://hapgood.us/2018/12/26/some-notes-on-installing-federated-wiki-on-windows/	by/2018--hapgood-some-notes-on-installing-federated-wiki-on-windows.md	8093
2019-01-03	Why Reputation?	https://hapgood.us/2019/01/03/why-reputation/	by/2019--hapgood-why-reputation.md	6156
2019-01-16	Smoking out the Washington Post imposter in a dozen seconds or less	https://hapgood.us/2019/01/16/smoking-out-the-washington-post-imposter-in-a-dozen-seconds-or-less/	by/2019--hapgood-smoking-out-the-washington-post-imposter-in-a-dozen-seconds.md	4297
2019-01-24	The Fyre Festival and the Trumpet of Amplification	https://hapgood.us/2019/01/24/the-fyre-festival-and-the-trumpet-of-amplification/	by/2019--hapgood-the-fyre-festival-and-the-trumpet-of-amplification.md	6465
2019-02-04	Attention Is the Scarcity	https://hapgood.us/2019/02/04/attention-is-the-scarcity/	by/2019--hapgood-attention-is-the-scarcity.md	3540
2019-02-13	Educating the Influencers: The “Check, Please!” Prototype	https://hapgood.us/2019/02/13/educating-the-influencers-the-check-please-prototype/	by/2019--hapgood-educating-the-influencers-the-check-please-prototype.md	3725
2019-02-25	Web Literacy Across the Curriculum	https://hapgood.us/2019/02/25/web-literacy-across-the-curriculum/	by/2019--hapgood-web-literacy-across-the-curriculum.md	6625
2019-03-01	Update on Check, Please!	https://hapgood.us/2019/03/01/update-on-check-please/	by/2019--hapgood-update-on-check-please.md	1966
2019-03-28	Network Heuristics	https://hapgood.us/2019/03/28/network-heuristics/	by/2019--hapgood-network-heuristics.md	13411
2019-04-12	Data Voids and the Google This Ploy: Kalergi Plan	https://hapgood.us/2019/04/12/data-voids-and-the-google-this-ploy-kalergi-plan/	by/2019--hapgood-data-voids-and-the-google-this-ploy-kalergi-plan.md	9844
2019-05-07	The Curation/Search Radicalization Spiral	https://hapgood.us/2019/05/07/the-curation-search-radicalization-spiral/	by/2019--hapgood-the-curation-search-radicalization-spiral.md	11186
2019-05-12	Introducing SIFT, a Four Moves Acronym	https://hapgood.us/2019/05/12/sift-and-a-check-please-preview/	by/2019--hapgood-sift-and-a-check-please-preview.md	3103
2019-05-21	Using Changes in Framing to Figure Out Where to Focus Attention	https://hapgood.us/2019/05/21/using-changes-in-framing-to-figure-out-where-to-focus-attention/	by/2019--hapgood-using-changes-in-framing-to-figure-out-where-to-focus-attent.md	3027
2019-05-24	Pelosi and Doubling-Tracking	https://hapgood.us/2019/05/24/pelosi-and-doubling-tracking/	by/2019--hapgood-pelosi-and-doubling-tracking.md	2890
2019-06-02	TikTok’s Current Disinformation of Choice Is Fake Hacks	https://hapgood.us/2019/06/02/tiktoks-current-disinformation-of-choice-is-fake-hacks-and-pranks/	by/2019--hapgood-tiktoks-current-disinformation-of-choice-is-fake-hacks-and-p.md	5726
2019-06-19	SIFT (The Four Moves)	https://hapgood.us/2019/06/19/sift-the-four-moves/	by/2019--hapgood-sift-the-four-moves.md	6789
2019-07-17	Does It Stick?	https://hapgood.us/2019/07/17/does-it-stick/	by/2019--hapgood-does-it-stick.md	4711
2019-07-19	Ring Videos Create a Community Demand for Shareable Crime	https://hapgood.us/2019/07/19/ring-creates-a-community-demand-for-crime/	by/2019--hapgood-ring-creates-a-community-demand-for-crime.md	4017
2019-08-13	Check, Please! Starter Course Released	https://hapgood.us/2019/08/13/check-please-starter-course-released/	by/2019--hapgood-check-please-starter-course-released.md	2170
2019-08-30	Web Literacy for Student Fact-Checkers PDF	https://hapgood.us/2019/08/30/web-literacy-for-student-fact-checkers-pdf/	by/2019--hapgood-web-literacy-for-student-fact-checkers-pdf.md	228
2019-09-06	9 Comments on “Doorbell Video” and Traditional News	https://hapgood.us/2019/09/06/9-comments-on-doorbell-video-and-traditional-news/	by/2019--hapgood-9-comments-on-doorbell-video-and-traditional-news.md	5464
2019-09-17	The CBC Infolit Bot May Make People Worse at the Web	https://hapgood.us/2019/09/17/the-cbc-infolit-bot-may-make-people-worse-at-the-web/	by/2019--hapgood-the-cbc-infolit-bot-may-make-people-worse-at-the-web.md	7675
2019-10-03	It’s not the claim, it’s the frame	https://hapgood.us/2019/10/03/its-not-the-claim-its-the-frame/	by/2019--hapgood-its-not-the-claim-its-the-frame.md	3261
2019-11-10	Microtargeted Political Ads are the Tranched Subprime Mortgages of Democracy	https://hapgood.us/2019/11/10/microtargeted-political-ads-are-the-tranched-subprime-mortgages-of-democracy/	by/2019--hapgood-microtargeted-political-ads-are-the-tranched-subprime-mortga.md	1406
2019-11-27	Walkthrough for Windows App	https://hapgood.us/2019/11/27/walkthrough-for-windows-app/	by/2019--hapgood-walkthrough-for-windows-app.md	2203
2019-12-19	Chatham House Sharing for OER	https://hapgood.us/2019/12/19/chatham-house-sharing/	by/2019--hapgood-chatham-house-sharing.md	4112
2020-01-01	A New Year’s Eve Activity (and a New Year’s Day Wish)	https://hapgood.us/2020/01/01/a-new-years-eve-activity-and-a-new-years-day-wish/	by/2020--hapgood-a-new-years-eve-activity-and-a-new-years-day-wish.md	1085
2020-01-01	The Stigmergic Myth of Social Media, or Why Thinking About Radicalization Without Thinking About Radicalizers Doesn’t Work.	https://hapgood.us/2020/01/01/the-stigmergic-myth-of-social-media/	by/2020--hapgood-the-stigmergic-myth-of-social-media.md	3767
2020-01-03	Memorizing Lists of Cognitive Biases Won’t Help	https://hapgood.us/2020/01/03/memorizing-lists-of-cognitive-biases-wont-help/	by/2020--hapgood-memorizing-lists-of-cognitive-biases-wont-help.md	2541
2020-01-26	Control-F and Building Resilient Information Networks	https://hapgood.us/2020/01/26/control-f-and-building-resilient-information-networks/	by/2020--hapgood-control-f-and-building-resilient-information-networks.md	7365
2021-01-03	When it comes to disinformation, the public is a vector, not a target.	https://hapgood.us/2021/01/03/when-it-comes-to-disinformation-the-public-is-a-vector-not-a-target/	by/2021--hapgood-when-it-comes-to-disinformation-the-public-is-a-vector-not-a.md	833
2021-01-11	Microclout	https://hapgood.us/2021/01/11/microclout/	by/2021--hapgood-microclout.md	1449
2021-01-20	Normie Infiltration	https://hapgood.us/2021/01/20/normie-infiltration/	by/2021--hapgood-normie-infiltration.md	689
2021-01-21	Twitter Should Cancel the Appeals Process or Make It Work (also: I’m in Twitter jail!)	https://hapgood.us/2021/01/21/twitter-should-cancel-the-appeals-process-or-make-it-work-also-im-in-twitter-jail-in-case-youve-missed-me/	by/2021--hapgood-twitter-should-cancel-the-appeals-process-or-make-it-work-al.md	7071
2021-06-10	Teach Information Architecture If You Care About Trust	https://hapgood.us/2021/06/10/teach-information-architecture-if-you-care-about-trust/	by/2021--hapgood-teach-information-architecture-if-you-care-about-trust.md	3011
2021-06-12	Tropes and Networked Digital Activism #1: Trope-Field Fit	https://hapgood.us/2021/06/12/participatory-propaganda-tropes-and-trope-field-fit-part-one/	by/2021--hapgood-participatory-propaganda-tropes-and-trope-field-fit-part-one.md	34736
2021-06-14	Tropes and Networked Digital Activism #2: The Portability and Persistence of Tropes	https://hapgood.us/2021/06/14/tropes-and-networked-digital-activism-2-the-portability-and-persistence-of-tropes/	by/2021--hapgood-tropes-and-networked-digital-activism-2-the-portability-and.md	16576
2021-06-16	Tropes and Networked Digital Activism #3: How Fact-Checkers Use Knowledge of Tropes to Fact-Check Quickly (and how you could too)	https://hapgood.us/2021/06/16/tropes-and-networked-digital-activism-3-how-fact-checkers-use-knowledge-of-tropes-to-fact-check-quickly-and-how-you-could-too/	by/2021--hapgood-tropes-and-networked-digital-activism-3-how-fact-checkers-us.md	23051
2021-09-04	The Information Intervention Chain	https://hapgood.us/2021/09/04/the-information-intervention-chain/	by/2021--hapgood-the-information-intervention-chain.md	4973
2021-09-07	The Information Intervention Chain: Interface Layer Example	https://hapgood.us/2021/09/07/the-information-intervention-chain-interface-layer-example/	by/2021--hapgood-the-information-intervention-chain-interface-layer-example.md	5046
2022-01-13	Transparent wrongdoing and mundane revelations	https://hapgood.us/2022/01/13/transparent-wrongdoing-and-mundane-revelations/	by/2022--hapgood-transparent-wrongdoing-and-mundane-revelations.md	5137
2022-01-15	“Rumors are bothersome because they may turn out to be true.”	https://hapgood.us/2022/01/15/rumors-are-bothersome-because-they-may-turn-out-to-be-true/	by/2022--hapgood-rumors-are-bothersome-because-they-may-turn-out-to-be-true.md	4578
2022-01-18	Disinformation terraforms its information environment	https://hapgood.us/2022/01/18/disinformation-terraforms-its-information-environment/	by/2022--hapgood-disinformation-terraforms-its-information-environment.md	2565
2022-07-01	Vulnerability of Texas to Gubernatorial Vote-Counting Dispute	https://hapgood.us/2022/07/01/vulnerability-of-texas-to-gubernatorial-vote-counting-dispute/	by/2022--hapgood-vulnerability-of-texas-to-gubernatorial-vote-counting-disput.md	1181
2022-07-02	Scene-Level Trope: Voting Location Cameras Covered Up	https://hapgood.us/2022/07/02/voting-location-cameras-covered-up/	by/2022--hapgood-voting-location-cameras-covered-up.md	1853
2022-07-03	Scene-Level Trope: Riot Bricks	https://hapgood.us/2022/07/03/scene-level-trope-riot-bricks/	by/2022--hapgood-scene-level-trope-riot-bricks.md	1984
2023-06-10	Reasonableness: An Introduction	https://hapgood.us/2023/06/10/reasonableness-an-introduction/	DUPLICATE of by/2023--substack-reasonableness-an-introduction.md	11964
2023-06-22	The open argument must be fed: The peculiar case of Fox News and the pleasant smoke	https://hapgood.us/2023/06/22/the-open-argument-must-be-fed-the-peculiar-case-of-fox-news-and-the-pleasant-smoke/	by/2023--hapgood-the-open-argument-must-be-fed-the-peculiar-case-of-fox-news.md	17053
2024-04-27	The structure of a #DiedSuddenly argument	https://hapgood.us/2024/04/27/the-structure-of-a-diedsuddenly-argument/	DUPLICATE of by/2024--substack-the-structure-of-a-diedsuddenly-argument.md	7003
2026-08-04	I’m a film podcaster now	https://hapgood.us/2026/08/04/im-a-film-podcaster-now/	by/2026--hapgood-im-a-film-podcaster-now.md	4367
